#GLPI Dump database on 2012-06-29 03:04

### Dump table glpi_alerts

DROP TABLE IF EXISTS `glpi_alerts`;
CREATE TABLE `glpi_alerts` (
  `id` int(11) NOT NULL AUTO_INCREMENT,
  `itemtype` varchar(100) COLLATE utf8_unicode_ci NOT NULL,
  `items_id` int(11) NOT NULL DEFAULT '0',
  `type` int(11) NOT NULL DEFAULT '0' COMMENT 'see define.php ALERT_* constant',
  `date` datetime NOT NULL,
  PRIMARY KEY (`id`),
  UNIQUE KEY `unicity` (`itemtype`,`items_id`,`type`),
  KEY `type` (`type`),
  KEY `date` (`date`)
) ENGINE=MyISAM DEFAULT CHARSET=utf8 COLLATE=utf8_unicode_ci;


### Dump table glpi_authldapreplicates

DROP TABLE IF EXISTS `glpi_authldapreplicates`;
CREATE TABLE `glpi_authldapreplicates` (
  `id` int(11) NOT NULL AUTO_INCREMENT,
  `authldaps_id` int(11) NOT NULL DEFAULT '0',
  `host` varchar(255) COLLATE utf8_unicode_ci DEFAULT NULL,
  `port` int(11) NOT NULL DEFAULT '389',
  `name` varchar(255) COLLATE utf8_unicode_ci DEFAULT NULL,
  PRIMARY KEY (`id`),
  KEY `authldaps_id` (`authldaps_id`)
) ENGINE=MyISAM DEFAULT CHARSET=utf8 COLLATE=utf8_unicode_ci;


### Dump table glpi_authldaps

DROP TABLE IF EXISTS `glpi_authldaps`;
CREATE TABLE `glpi_authldaps` (
  `id` int(11) NOT NULL AUTO_INCREMENT,
  `name` varchar(255) COLLATE utf8_unicode_ci DEFAULT NULL,
  `host` varchar(255) COLLATE utf8_unicode_ci DEFAULT NULL,
  `basedn` varchar(255) COLLATE utf8_unicode_ci DEFAULT NULL,
  `rootdn` varchar(255) COLLATE utf8_unicode_ci DEFAULT NULL,
  `port` int(11) NOT NULL DEFAULT '389',
  `condition` text COLLATE utf8_unicode_ci,
  `login_field` varchar(255) COLLATE utf8_unicode_ci DEFAULT 'uid',
  `use_tls` tinyint(1) NOT NULL DEFAULT '0',
  `group_field` varchar(255) COLLATE utf8_unicode_ci DEFAULT NULL,
  `group_condition` text COLLATE utf8_unicode_ci,
  `group_search_type` int(11) NOT NULL DEFAULT '0',
  `group_member_field` varchar(255) COLLATE utf8_unicode_ci DEFAULT NULL,
  `email1_field` varchar(255) COLLATE utf8_unicode_ci DEFAULT NULL,
  `realname_field` varchar(255) COLLATE utf8_unicode_ci DEFAULT NULL,
  `firstname_field` varchar(255) COLLATE utf8_unicode_ci DEFAULT NULL,
  `phone_field` varchar(255) COLLATE utf8_unicode_ci DEFAULT NULL,
  `phone2_field` varchar(255) COLLATE utf8_unicode_ci DEFAULT NULL,
  `mobile_field` varchar(255) COLLATE utf8_unicode_ci DEFAULT NULL,
  `comment_field` varchar(255) COLLATE utf8_unicode_ci DEFAULT NULL,
  `use_dn` tinyint(1) NOT NULL DEFAULT '1',
  `time_offset` int(11) NOT NULL DEFAULT '0' COMMENT 'in seconds',
  `deref_option` int(11) NOT NULL DEFAULT '0',
  `title_field` varchar(255) COLLATE utf8_unicode_ci DEFAULT NULL,
  `category_field` varchar(255) COLLATE utf8_unicode_ci DEFAULT NULL,
  `language_field` varchar(255) COLLATE utf8_unicode_ci DEFAULT NULL,
  `entity_field` varchar(255) COLLATE utf8_unicode_ci DEFAULT NULL,
  `entity_condition` text COLLATE utf8_unicode_ci,
  `date_mod` datetime DEFAULT NULL,
  `comment` text COLLATE utf8_unicode_ci,
  `is_default` tinyint(1) NOT NULL DEFAULT '0',
  `is_active` tinyint(1) NOT NULL DEFAULT '0',
  `rootdn_passwd` varchar(255) COLLATE utf8_unicode_ci DEFAULT NULL,
  `registration_number_field` varchar(255) COLLATE utf8_unicode_ci DEFAULT NULL,
  `email2_field` varchar(255) COLLATE utf8_unicode_ci DEFAULT NULL,
  `email3_field` varchar(255) COLLATE utf8_unicode_ci DEFAULT NULL,
  `email4_field` varchar(255) COLLATE utf8_unicode_ci DEFAULT NULL,
  PRIMARY KEY (`id`),
  KEY `date_mod` (`date_mod`),
  KEY `is_default` (`is_default`),
  KEY `is_active` (`is_active`)
) ENGINE=MyISAM DEFAULT CHARSET=utf8 COLLATE=utf8_unicode_ci;


### Dump table glpi_authmails

DROP TABLE IF EXISTS `glpi_authmails`;
CREATE TABLE `glpi_authmails` (
  `id` int(11) NOT NULL AUTO_INCREMENT,
  `name` varchar(255) COLLATE utf8_unicode_ci DEFAULT NULL,
  `connect_string` varchar(255) COLLATE utf8_unicode_ci DEFAULT NULL,
  `host` varchar(255) COLLATE utf8_unicode_ci DEFAULT NULL,
  `date_mod` datetime DEFAULT NULL,
  `comment` text COLLATE utf8_unicode_ci,
  `is_active` tinyint(1) NOT NULL DEFAULT '0',
  PRIMARY KEY (`id`),
  KEY `date_mod` (`date_mod`),
  KEY `is_active` (`is_active`)
) ENGINE=MyISAM DEFAULT CHARSET=utf8 COLLATE=utf8_unicode_ci;


### Dump table glpi_autoupdatesystems

DROP TABLE IF EXISTS `glpi_autoupdatesystems`;
CREATE TABLE `glpi_autoupdatesystems` (
  `id` int(11) NOT NULL AUTO_INCREMENT,
  `name` varchar(255) COLLATE utf8_unicode_ci DEFAULT NULL,
  `comment` text COLLATE utf8_unicode_ci,
  PRIMARY KEY (`id`),
  KEY `name` (`name`)
) ENGINE=MyISAM DEFAULT CHARSET=utf8 COLLATE=utf8_unicode_ci;


### Dump table glpi_bookmarks

DROP TABLE IF EXISTS `glpi_bookmarks`;
CREATE TABLE `glpi_bookmarks` (
  `id` int(11) NOT NULL AUTO_INCREMENT,
  `name` varchar(255) COLLATE utf8_unicode_ci DEFAULT NULL,
  `type` int(11) NOT NULL DEFAULT '0' COMMENT 'see define.php BOOKMARK_* constant',
  `itemtype` varchar(100) COLLATE utf8_unicode_ci NOT NULL,
  `users_id` int(11) NOT NULL DEFAULT '0',
  `is_private` tinyint(1) NOT NULL DEFAULT '1',
  `entities_id` int(11) NOT NULL DEFAULT '-1',
  `is_recursive` tinyint(1) NOT NULL DEFAULT '0',
  `path` varchar(255) COLLATE utf8_unicode_ci DEFAULT NULL,
  `query` text COLLATE utf8_unicode_ci,
  PRIMARY KEY (`id`),
  KEY `type` (`type`),
  KEY `itemtype` (`itemtype`),
  KEY `entities_id` (`entities_id`),
  KEY `users_id` (`users_id`),
  KEY `is_private` (`is_private`),
  KEY `is_recursive` (`is_recursive`)
) ENGINE=MyISAM DEFAULT CHARSET=utf8 COLLATE=utf8_unicode_ci;


### Dump table glpi_bookmarks_users

DROP TABLE IF EXISTS `glpi_bookmarks_users`;
CREATE TABLE `glpi_bookmarks_users` (
  `id` int(11) NOT NULL AUTO_INCREMENT,
  `users_id` int(11) NOT NULL DEFAULT '0',
  `itemtype` varchar(100) COLLATE utf8_unicode_ci NOT NULL,
  `bookmarks_id` int(11) NOT NULL DEFAULT '0',
  PRIMARY KEY (`id`),
  UNIQUE KEY `unicity` (`users_id`,`itemtype`),
  KEY `bookmarks_id` (`bookmarks_id`)
) ENGINE=MyISAM DEFAULT CHARSET=utf8 COLLATE=utf8_unicode_ci;


### Dump table glpi_budgets

DROP TABLE IF EXISTS `glpi_budgets`;
CREATE TABLE `glpi_budgets` (
  `id` int(11) NOT NULL AUTO_INCREMENT,
  `name` varchar(255) COLLATE utf8_unicode_ci DEFAULT NULL,
  `entities_id` int(11) NOT NULL DEFAULT '0',
  `is_recursive` tinyint(1) NOT NULL DEFAULT '0',
  `comment` text COLLATE utf8_unicode_ci,
  `is_deleted` tinyint(1) NOT NULL DEFAULT '0',
  `begin_date` date DEFAULT NULL,
  `end_date` date DEFAULT NULL,
  `value` decimal(20,4) NOT NULL DEFAULT '0.0000',
  `is_template` tinyint(1) NOT NULL DEFAULT '0',
  `template_name` varchar(255) COLLATE utf8_unicode_ci DEFAULT NULL,
  `date_mod` datetime DEFAULT NULL,
  `notepad` longtext COLLATE utf8_unicode_ci,
  PRIMARY KEY (`id`),
  KEY `name` (`name`),
  KEY `is_recursive` (`is_recursive`),
  KEY `entities_id` (`entities_id`),
  KEY `is_deleted` (`is_deleted`),
  KEY `begin_date` (`begin_date`),
  KEY `is_template` (`is_template`),
  KEY `date_mod` (`date_mod`),
  KEY `end_date` (`end_date`)
) ENGINE=MyISAM DEFAULT CHARSET=utf8 COLLATE=utf8_unicode_ci;


### Dump table glpi_calendars

DROP TABLE IF EXISTS `glpi_calendars`;
CREATE TABLE `glpi_calendars` (
  `id` int(11) NOT NULL AUTO_INCREMENT,
  `name` varchar(255) COLLATE utf8_unicode_ci DEFAULT NULL,
  `entities_id` int(11) NOT NULL DEFAULT '0',
  `is_recursive` tinyint(1) NOT NULL DEFAULT '0',
  `comment` text COLLATE utf8_unicode_ci,
  `date_mod` datetime DEFAULT NULL,
  `cache_duration` text COLLATE utf8_unicode_ci,
  PRIMARY KEY (`id`),
  KEY `name` (`name`),
  KEY `entities_id` (`entities_id`),
  KEY `is_recursive` (`is_recursive`),
  KEY `date_mod` (`date_mod`)
) ENGINE=MyISAM  DEFAULT CHARSET=utf8 COLLATE=utf8_unicode_ci;

INSERT INTO `glpi_calendars` VALUES ('1','Default','0','1','Default calendar',NULL,'[0,43200,43200,43200,43200,43200,0]');

### Dump table glpi_calendars_holidays

DROP TABLE IF EXISTS `glpi_calendars_holidays`;
CREATE TABLE `glpi_calendars_holidays` (
  `id` int(11) NOT NULL AUTO_INCREMENT,
  `calendars_id` int(11) NOT NULL DEFAULT '0',
  `holidays_id` int(11) NOT NULL DEFAULT '0',
  PRIMARY KEY (`id`),
  UNIQUE KEY `unicity` (`calendars_id`,`holidays_id`),
  KEY `holidays_id` (`holidays_id`)
) ENGINE=MyISAM DEFAULT CHARSET=utf8 COLLATE=utf8_unicode_ci;


### Dump table glpi_calendarsegments

DROP TABLE IF EXISTS `glpi_calendarsegments`;
CREATE TABLE `glpi_calendarsegments` (
  `id` int(11) NOT NULL AUTO_INCREMENT,
  `calendars_id` int(11) NOT NULL DEFAULT '0',
  `entities_id` int(11) NOT NULL DEFAULT '0',
  `is_recursive` tinyint(1) NOT NULL DEFAULT '0',
  `day` tinyint(1) NOT NULL DEFAULT '1' COMMENT 'numer of the day based on date(w)',
  `begin` time DEFAULT NULL,
  `end` time DEFAULT NULL,
  PRIMARY KEY (`id`),
  KEY `calendars_id` (`calendars_id`),
  KEY `day` (`day`)
) ENGINE=MyISAM  DEFAULT CHARSET=utf8 COLLATE=utf8_unicode_ci;

INSERT INTO `glpi_calendarsegments` VALUES ('1','1','0','0','1','08:00:00','20:00:00');
INSERT INTO `glpi_calendarsegments` VALUES ('2','1','0','0','2','08:00:00','20:00:00');
INSERT INTO `glpi_calendarsegments` VALUES ('3','1','0','0','3','08:00:00','20:00:00');
INSERT INTO `glpi_calendarsegments` VALUES ('4','1','0','0','4','08:00:00','20:00:00');
INSERT INTO `glpi_calendarsegments` VALUES ('5','1','0','0','5','08:00:00','20:00:00');

### Dump table glpi_cartridgeitems

DROP TABLE IF EXISTS `glpi_cartridgeitems`;
CREATE TABLE `glpi_cartridgeitems` (
  `id` int(11) NOT NULL AUTO_INCREMENT,
  `entities_id` int(11) NOT NULL DEFAULT '0',
  `name` varchar(255) COLLATE utf8_unicode_ci DEFAULT NULL,
  `ref` varchar(255) COLLATE utf8_unicode_ci DEFAULT NULL,
  `locations_id` int(11) NOT NULL DEFAULT '0',
  `cartridgeitemtypes_id` int(11) NOT NULL DEFAULT '0',
  `manufacturers_id` int(11) NOT NULL DEFAULT '0',
  `users_id_tech` int(11) NOT NULL DEFAULT '0',
  `groups_id_tech` int(11) NOT NULL DEFAULT '0',
  `is_deleted` tinyint(1) NOT NULL DEFAULT '0',
  `comment` text COLLATE utf8_unicode_ci,
  `alarm_threshold` int(11) NOT NULL DEFAULT '10',
  `notepad` longtext COLLATE utf8_unicode_ci,
  PRIMARY KEY (`id`),
  KEY `name` (`name`),
  KEY `entities_id` (`entities_id`),
  KEY `manufacturers_id` (`manufacturers_id`),
  KEY `locations_id` (`locations_id`),
  KEY `users_id_tech` (`users_id_tech`),
  KEY `cartridgeitemtypes_id` (`cartridgeitemtypes_id`),
  KEY `is_deleted` (`is_deleted`),
  KEY `alarm_threshold` (`alarm_threshold`),
  KEY `groups_id_tech` (`groups_id_tech`)
) ENGINE=MyISAM DEFAULT CHARSET=utf8 COLLATE=utf8_unicode_ci;


### Dump table glpi_cartridgeitems_printermodels

DROP TABLE IF EXISTS `glpi_cartridgeitems_printermodels`;
CREATE TABLE `glpi_cartridgeitems_printermodels` (
  `id` int(11) NOT NULL AUTO_INCREMENT,
  `cartridgeitems_id` int(11) NOT NULL DEFAULT '0',
  `printermodels_id` int(11) NOT NULL DEFAULT '0',
  PRIMARY KEY (`id`),
  UNIQUE KEY `unicity` (`printermodels_id`,`cartridgeitems_id`),
  KEY `cartridgeitems_id` (`cartridgeitems_id`)
) ENGINE=MyISAM DEFAULT CHARSET=utf8 COLLATE=utf8_unicode_ci;


### Dump table glpi_cartridgeitemtypes

DROP TABLE IF EXISTS `glpi_cartridgeitemtypes`;
CREATE TABLE `glpi_cartridgeitemtypes` (
  `id` int(11) NOT NULL AUTO_INCREMENT,
  `name` varchar(255) COLLATE utf8_unicode_ci DEFAULT NULL,
  `comment` text COLLATE utf8_unicode_ci,
  PRIMARY KEY (`id`),
  KEY `name` (`name`)
) ENGINE=MyISAM DEFAULT CHARSET=utf8 COLLATE=utf8_unicode_ci;


### Dump table glpi_cartridges

DROP TABLE IF EXISTS `glpi_cartridges`;
CREATE TABLE `glpi_cartridges` (
  `id` int(11) NOT NULL AUTO_INCREMENT,
  `entities_id` int(11) NOT NULL DEFAULT '0',
  `cartridgeitems_id` int(11) NOT NULL DEFAULT '0',
  `printers_id` int(11) NOT NULL DEFAULT '0',
  `date_in` date DEFAULT NULL,
  `date_use` date DEFAULT NULL,
  `date_out` date DEFAULT NULL,
  `pages` int(11) NOT NULL DEFAULT '0',
  PRIMARY KEY (`id`),
  KEY `cartridgeitems_id` (`cartridgeitems_id`),
  KEY `printers_id` (`printers_id`),
  KEY `entities_id` (`entities_id`)
) ENGINE=MyISAM DEFAULT CHARSET=utf8 COLLATE=utf8_unicode_ci;


### Dump table glpi_computerdisks

DROP TABLE IF EXISTS `glpi_computerdisks`;
CREATE TABLE `glpi_computerdisks` (
  `id` int(11) NOT NULL AUTO_INCREMENT,
  `entities_id` int(11) NOT NULL DEFAULT '0',
  `computers_id` int(11) NOT NULL DEFAULT '0',
  `name` varchar(255) COLLATE utf8_unicode_ci DEFAULT NULL,
  `device` varchar(255) COLLATE utf8_unicode_ci DEFAULT NULL,
  `mountpoint` varchar(255) COLLATE utf8_unicode_ci DEFAULT NULL,
  `filesystems_id` int(11) NOT NULL DEFAULT '0',
  `totalsize` int(11) NOT NULL DEFAULT '0',
  `freesize` int(11) NOT NULL DEFAULT '0',
  PRIMARY KEY (`id`),
  KEY `name` (`name`),
  KEY `device` (`device`),
  KEY `mountpoint` (`mountpoint`),
  KEY `totalsize` (`totalsize`),
  KEY `freesize` (`freesize`),
  KEY `computers_id` (`computers_id`),
  KEY `filesystems_id` (`filesystems_id`),
  KEY `entities_id` (`entities_id`)
) ENGINE=MyISAM DEFAULT CHARSET=utf8 COLLATE=utf8_unicode_ci;


### Dump table glpi_computermodels

DROP TABLE IF EXISTS `glpi_computermodels`;
CREATE TABLE `glpi_computermodels` (
  `id` int(11) NOT NULL AUTO_INCREMENT,
  `name` varchar(255) COLLATE utf8_unicode_ci DEFAULT NULL,
  `comment` text COLLATE utf8_unicode_ci,
  PRIMARY KEY (`id`),
  KEY `name` (`name`)
) ENGINE=MyISAM  DEFAULT CHARSET=utf8 COLLATE=utf8_unicode_ci;

INSERT INTO `glpi_computermodels` VALUES ('1','12.1','');

### Dump table glpi_computers

DROP TABLE IF EXISTS `glpi_computers`;
CREATE TABLE `glpi_computers` (
  `id` int(11) NOT NULL AUTO_INCREMENT,
  `entities_id` int(11) NOT NULL DEFAULT '0',
  `name` varchar(255) COLLATE utf8_unicode_ci DEFAULT NULL,
  `serial` varchar(255) COLLATE utf8_unicode_ci DEFAULT NULL,
  `otherserial` varchar(255) COLLATE utf8_unicode_ci DEFAULT NULL,
  `contact` varchar(255) COLLATE utf8_unicode_ci DEFAULT NULL,
  `contact_num` varchar(255) COLLATE utf8_unicode_ci DEFAULT NULL,
  `users_id_tech` int(11) NOT NULL DEFAULT '0',
  `groups_id_tech` int(11) NOT NULL DEFAULT '0',
  `comment` text COLLATE utf8_unicode_ci,
  `date_mod` datetime DEFAULT NULL,
  `operatingsystems_id` int(11) NOT NULL DEFAULT '0',
  `operatingsystemversions_id` int(11) NOT NULL DEFAULT '0',
  `operatingsystemservicepacks_id` int(11) NOT NULL DEFAULT '0',
  `os_license_number` varchar(255) COLLATE utf8_unicode_ci DEFAULT NULL,
  `os_licenseid` varchar(255) COLLATE utf8_unicode_ci DEFAULT NULL,
  `autoupdatesystems_id` int(11) NOT NULL DEFAULT '0',
  `locations_id` int(11) NOT NULL DEFAULT '0',
  `domains_id` int(11) NOT NULL DEFAULT '0',
  `networks_id` int(11) NOT NULL DEFAULT '0',
  `computermodels_id` int(11) NOT NULL DEFAULT '0',
  `computertypes_id` int(11) NOT NULL DEFAULT '0',
  `is_template` tinyint(1) NOT NULL DEFAULT '0',
  `template_name` varchar(255) COLLATE utf8_unicode_ci DEFAULT NULL,
  `manufacturers_id` int(11) NOT NULL DEFAULT '0',
  `is_deleted` tinyint(1) NOT NULL DEFAULT '0',
  `notepad` longtext COLLATE utf8_unicode_ci,
  `is_ocs_import` tinyint(1) NOT NULL DEFAULT '0',
  `users_id` int(11) NOT NULL DEFAULT '0',
  `groups_id` int(11) NOT NULL DEFAULT '0',
  `states_id` int(11) NOT NULL DEFAULT '0',
  `ticket_tco` decimal(20,4) DEFAULT '0.0000',
  `uuid` varchar(255) COLLATE utf8_unicode_ci DEFAULT NULL,
  PRIMARY KEY (`id`),
  KEY `date_mod` (`date_mod`),
  KEY `name` (`name`),
  KEY `is_template` (`is_template`),
  KEY `autoupdatesystems_id` (`autoupdatesystems_id`),
  KEY `domains_id` (`domains_id`),
  KEY `entities_id` (`entities_id`),
  KEY `manufacturers_id` (`manufacturers_id`),
  KEY `groups_id` (`groups_id`),
  KEY `users_id` (`users_id`),
  KEY `locations_id` (`locations_id`),
  KEY `computermodels_id` (`computermodels_id`),
  KEY `networks_id` (`networks_id`),
  KEY `operatingsystems_id` (`operatingsystems_id`),
  KEY `operatingsystemservicepacks_id` (`operatingsystemservicepacks_id`),
  KEY `operatingsystemversions_id` (`operatingsystemversions_id`),
  KEY `states_id` (`states_id`),
  KEY `users_id_tech` (`users_id_tech`),
  KEY `computertypes_id` (`computertypes_id`),
  KEY `is_deleted` (`is_deleted`),
  KEY `is_ocs_import` (`is_ocs_import`),
  KEY `groups_id_tech` (`groups_id_tech`)
) ENGINE=MyISAM  DEFAULT CHARSET=utf8 COLLATE=utf8_unicode_ci;

INSERT INTO `glpi_computers` VALUES ('1','0','PC0001','','','','','9','3','','2012-05-31 05:20:49','1','1','0','','VP4RF-2WJ8G-C4GC4-97JB7-RYC9D','0','1','0','0','0','0','0',NULL,'0','1',NULL,'0','71','3','0','0.0000','');
INSERT INTO `glpi_computers` VALUES ('2','0','PC0002','','','','','9','3','','2012-05-31 05:20:49','1','2','0','','TV6CX-J7DYC-33VXK-9V6GY-Q9CD8','0','1','0','0','0','0','0',NULL,'0','1',NULL,'0','62','3','0','0.0000','');
INSERT INTO `glpi_computers` VALUES ('3','0','PC0003','','','','','9','3','','2012-05-31 05:20:49','1','2','0','','TFYHH-442GJ-7VDH6-YRX6H-79V4D','0','1','0','0','0','0','0',NULL,'0','1',NULL,'0','22','3','0','0.0000','');
INSERT INTO `glpi_computers` VALUES ('4','0','PC0004','','','','','9','3','','2012-05-31 05:20:49','1','2','0','','D897F-4C4Y8-HFVXG-MG7R3-KMDVX','0','1','0','0','0','0','0',NULL,'0','1',NULL,'0','45','3','0','0.0000','');
INSERT INTO `glpi_computers` VALUES ('5','0','PC0005','','','','','9','3','','2012-05-31 05:20:49','1','2','0','','GRDK7-QVGRW-FC7PD-4WPD3-MF9BV','0','2','0','0','0','0','0',NULL,'0','1',NULL,'0','68','3','0','0.0000','');
INSERT INTO `glpi_computers` VALUES ('6','0','PC0006','','','','','9','3','','2012-05-31 05:20:49','1','2','0','','9BR6V-X2WFK-743W9-24TBJ-RBTP8','0','5','0','0','0','0','0',NULL,'0','1',NULL,'0','16','3','0','0.0000','');
INSERT INTO `glpi_computers` VALUES ('7','0','PC0007','','','','','9','3','','2012-05-31 05:20:49','1','2','0','','PQ6QV-GDRG6-3RHXV-PPG93-679GR','0','2','0','0','0','0','0',NULL,'0','1',NULL,'0','70','3','0','0.0000','');
INSERT INTO `glpi_computers` VALUES ('8','0','PC0008','','','','','9','0','','2012-05-31 05:20:49','1','2','0','','6VJYK-TP767-HJCR2-7J4X4-WH4JT','0','2','0','0','0','0','0',NULL,'0','1',NULL,'0','69','3','0','0.0000','');
INSERT INTO `glpi_computers` VALUES ('9','0','PC0009','','','','','9','3','','2012-05-31 05:20:49','1','2','0','','D3GRJ-YC28T-23QY2-XK29F-FF9XV','0','3','0','0','0','0','0',NULL,'0','1',NULL,'0','17','3','0','0.0000','');
INSERT INTO `glpi_computers` VALUES ('10','0','PC0010','','','','','9','3','','2012-05-31 05:20:49','1','2','0','','HV3KY-QTPWW-WVDKP-GMJTP-Q4Q77','0','3','0','0','0','0','0',NULL,'0','1',NULL,'0','43','3','0','0.0000','');
INSERT INTO `glpi_computers` VALUES ('11','0','PC0011','','','','','9','3','','2012-05-31 05:20:49','1','2','0','','MJYGK-BVTWH-K3WYJ-934RQ-TPCJC','0','3','0','0','0','0','0',NULL,'0','1',NULL,'0','24','3','0','0.0000','');
INSERT INTO `glpi_computers` VALUES ('12','0','PC0012','','','','','9','3','','2012-05-31 05:20:49','1','2','0','','BCKX8-8X96Y-PD7G6-BJKKJ-TXCGQ','0','3','0','0','0','0','0',NULL,'0','1',NULL,'0','39','3','0','0.0000','');
INSERT INTO `glpi_computers` VALUES ('13','0','PC0013','','','','','9','3','','2012-05-31 05:20:49','1','2','0','','7K497-JD8C7-7GWY2-C8M4X-X6JJJ','0','4','0','0','0','0','0',NULL,'0','1',NULL,'0','50','3','0','0.0000','');
INSERT INTO `glpi_computers` VALUES ('14','0','PC0014','','','','','9','3','','2012-05-31 05:20:49','1','2','0','','6K3W2-V4VVV-WR9W7-3KVDF-WW4K9','0','4','0','0','0','0','0',NULL,'0','1',NULL,'0','54','3','0','0.0000','');
INSERT INTO `glpi_computers` VALUES ('15','0','PC0015','','','','','9','3','','2012-05-31 05:20:49','1','2','0','','H8DM9-Y89YH-9XB36-8JJBV-C268M','0','4','0','0','0','0','0',NULL,'0','1',NULL,'0','25','3','0','0.0000','');
INSERT INTO `glpi_computers` VALUES ('16','0','PC0016','','','','','9','3','','2012-05-31 05:20:49','1','1','0','','QYWD6-2P4PY-RXWPH-QQGKB-8R3YY','0','4','0','0','0','0','0',NULL,'0','1',NULL,'0','28','3','0','0.0000','');
INSERT INTO `glpi_computers` VALUES ('17','0','PC0017','','','','','9','3','','2012-05-31 05:20:49','1','2','0','','HYMPX-HFBC3-F8T26-TBVFH-C66V8','0','4','0','0','0','0','0',NULL,'0','1',NULL,'0','64','3','0','0.0000','');
INSERT INTO `glpi_computers` VALUES ('18','0','PC0018','','','','','9','3','','2012-05-31 05:20:49','1','2','0','','GGQ6G-X2K3M-F28HV-XXYX8-YCMQ4','0','5','0','0','0','0','0',NULL,'0','1',NULL,'0','47','3','0','0.0000','');
INSERT INTO `glpi_computers` VALUES ('19','0','PC0019','','','','','9','3','','2012-05-31 05:20:49','1','2','0','','4BT7T-C2VVH-Q7VTJ-2376W-RHKBV','0','5','0','0','0','0','0',NULL,'0','1',NULL,'0','58','3','0','0.0000','');
INSERT INTO `glpi_computers` VALUES ('20','0','PC0020','','','','','9','3','','2012-05-31 05:20:49','1','2','0','','XBF9T-PTX74-CQ9R7-Y2BGF-827Y3','0','5','0','0','0','0','0',NULL,'0','1',NULL,'0','12','3','0','0.0000','');
INSERT INTO `glpi_computers` VALUES ('21','0','PC0021','','','','','9','3','','2012-05-31 05:20:49','1','2','0','','2X8G2-6XKJD-KK3JJ-DXMWV-W6JQP','0','1','0','0','0','0','0',NULL,'0','1',NULL,'0','60','3','0','0.0000','');
INSERT INTO `glpi_computers` VALUES ('22','0','PC0022','','','','','9','3','','2012-05-31 05:20:49','1','2','0','','W36HH-X4KC8-33DHC-8PBTM-CVG6P','0','5','0','0','0','0','0',NULL,'0','1',NULL,'0','37','3','0','0.0000','');
INSERT INTO `glpi_computers` VALUES ('23','0','PC0023','','','','','6','0','','2012-05-31 05:20:49','0','0','0','','','0','5','0','0','0','0','0',NULL,'0','1',NULL,'0','6','3','0','0.0000','');
INSERT INTO `glpi_computers` VALUES ('24','0','MACMINI0001','C07H52U2D3D0','','','','9','3','','2012-05-31 05:20:49','3','0','0','','','0','1','0','0','0','0','0',NULL,'0','1',NULL,'0','22','3','0','0.0000','');
INSERT INTO `glpi_computers` VALUES ('25','0','MACMINI0002','YM0120D09G6','','','','9','3','','2012-05-31 05:20:49','3','0','0','','','0','6','0','0','0','0','0',NULL,'0','1',NULL,'0','15','3','0','0.0000','');
INSERT INTO `glpi_computers` VALUES ('26','0','PC0024','','','','','9','3','','2012-05-31 05:20:49','1','1','0','','JQ2HY-639MD-MF67V-3P79K-VVYYJ','0','6','0','0','0','0','0',NULL,'0','1',NULL,'0','21','3','0','0.0000','');
INSERT INTO `glpi_computers` VALUES ('27','0','PC0025','','','','','9','0','','2012-05-31 05:20:49','2','4','0','','','0','6','0','0','0','0','0',NULL,'0','1',NULL,'0','36','3','0','0.0000','');
INSERT INTO `glpi_computers` VALUES ('28','0','PC0026','','','','','9','3','','2012-05-31 05:20:49','2','3','0','','','0','6','0','0','0','0','0',NULL,'0','1',NULL,'0','38','3','0','0.0000','');
INSERT INTO `glpi_computers` VALUES ('29','0','MACMINI0003','C07GD4YFDJDO','','','','9','3','','2012-05-31 05:20:49','3','0','0','','','0','7','0','0','0','0','0',NULL,'0','1',NULL,'0','31','3','0','0.0000','');
INSERT INTO `glpi_computers` VALUES ('30','0','IMAC0001','D25GD0QLDHJN','','','','9','3','','2012-05-31 05:20:49','3','0','0','','','0','7','0','0','1','0','0',NULL,'0','1',NULL,'0','67','3','0','0.0000','');
INSERT INTO `glpi_computers` VALUES ('31','0','PC0027','','','','','9','3','','2012-05-31 05:20:49','2','0','0','','','0','7','0','0','0','0','0',NULL,'0','1',NULL,'0','33','3','0','0.0000','');
INSERT INTO `glpi_computers` VALUES ('32','0','PC0028','','','','','9','3','','2012-05-31 05:20:49','1','5','0','','BTCJG-6P2X4-3MJRM-GH74X-TQRCD','0','7','0','0','0','0','0',NULL,'0','1',NULL,'0','48','3','0','0.0000','');
INSERT INTO `glpi_computers` VALUES ('33','0','jhgv','','','','','0','0','','2012-06-01 04:23:34','0','0','0','','','0','0','0','0','0','0','0',NULL,'0','1',NULL,'0','0','0','0','0.0000','');
INSERT INTO `glpi_computers` VALUES ('34','0','jjjdd','','','','','0','0','','2012-06-01 04:38:45','0','0','0','','','0','0','0','0','0','0','0',NULL,'0','1',NULL,'0','0','0','0','0.0000','');

### Dump table glpi_computers_devicecases

DROP TABLE IF EXISTS `glpi_computers_devicecases`;
CREATE TABLE `glpi_computers_devicecases` (
  `id` int(11) NOT NULL AUTO_INCREMENT,
  `computers_id` int(11) NOT NULL DEFAULT '0',
  `devicecases_id` int(11) NOT NULL DEFAULT '0',
  PRIMARY KEY (`id`),
  KEY `computers_id` (`computers_id`),
  KEY `devicecases_id` (`devicecases_id`)
) ENGINE=MyISAM DEFAULT CHARSET=utf8 COLLATE=utf8_unicode_ci;


### Dump table glpi_computers_devicecontrols

DROP TABLE IF EXISTS `glpi_computers_devicecontrols`;
CREATE TABLE `glpi_computers_devicecontrols` (
  `id` int(11) NOT NULL AUTO_INCREMENT,
  `computers_id` int(11) NOT NULL DEFAULT '0',
  `devicecontrols_id` int(11) NOT NULL DEFAULT '0',
  PRIMARY KEY (`id`),
  KEY `computers_id` (`computers_id`),
  KEY `devicecontrols_id` (`devicecontrols_id`)
) ENGINE=MyISAM DEFAULT CHARSET=utf8 COLLATE=utf8_unicode_ci;


### Dump table glpi_computers_devicedrives

DROP TABLE IF EXISTS `glpi_computers_devicedrives`;
CREATE TABLE `glpi_computers_devicedrives` (
  `id` int(11) NOT NULL AUTO_INCREMENT,
  `computers_id` int(11) NOT NULL DEFAULT '0',
  `devicedrives_id` int(11) NOT NULL DEFAULT '0',
  PRIMARY KEY (`id`),
  KEY `computers_id` (`computers_id`),
  KEY `devicedrives_id` (`devicedrives_id`)
) ENGINE=MyISAM DEFAULT CHARSET=utf8 COLLATE=utf8_unicode_ci;


### Dump table glpi_computers_devicegraphiccards

DROP TABLE IF EXISTS `glpi_computers_devicegraphiccards`;
CREATE TABLE `glpi_computers_devicegraphiccards` (
  `id` int(11) NOT NULL AUTO_INCREMENT,
  `computers_id` int(11) NOT NULL DEFAULT '0',
  `devicegraphiccards_id` int(11) NOT NULL DEFAULT '0',
  `specificity` int(11) NOT NULL,
  PRIMARY KEY (`id`),
  KEY `computers_id` (`computers_id`),
  KEY `devicegraphiccards_id` (`devicegraphiccards_id`),
  KEY `specificity` (`specificity`)
) ENGINE=MyISAM  DEFAULT CHARSET=utf8 COLLATE=utf8_unicode_ci;

INSERT INTO `glpi_computers_devicegraphiccards` VALUES ('1','1','1','1024');
INSERT INTO `glpi_computers_devicegraphiccards` VALUES ('2','3','3','512');
INSERT INTO `glpi_computers_devicegraphiccards` VALUES ('3','3','2','512');
INSERT INTO `glpi_computers_devicegraphiccards` VALUES ('4','2','4','0');
INSERT INTO `glpi_computers_devicegraphiccards` VALUES ('5','4','4','0');
INSERT INTO `glpi_computers_devicegraphiccards` VALUES ('6','5','4','0');
INSERT INTO `glpi_computers_devicegraphiccards` VALUES ('7','6','4','0');
INSERT INTO `glpi_computers_devicegraphiccards` VALUES ('8','7','4','0');
INSERT INTO `glpi_computers_devicegraphiccards` VALUES ('10','8','5','512');
INSERT INTO `glpi_computers_devicegraphiccards` VALUES ('11','9','4','0');
INSERT INTO `glpi_computers_devicegraphiccards` VALUES ('12','10','4','0');
INSERT INTO `glpi_computers_devicegraphiccards` VALUES ('13','11','4','0');
INSERT INTO `glpi_computers_devicegraphiccards` VALUES ('14','12','5','512');
INSERT INTO `glpi_computers_devicegraphiccards` VALUES ('15','13','4','0');
INSERT INTO `glpi_computers_devicegraphiccards` VALUES ('16','14','4','0');
INSERT INTO `glpi_computers_devicegraphiccards` VALUES ('17','15','4','0');
INSERT INTO `glpi_computers_devicegraphiccards` VALUES ('18','16','3','512');
INSERT INTO `glpi_computers_devicegraphiccards` VALUES ('19','17','5','512');
INSERT INTO `glpi_computers_devicegraphiccards` VALUES ('20','18','6','256');
INSERT INTO `glpi_computers_devicegraphiccards` VALUES ('21','19','7','512');
INSERT INTO `glpi_computers_devicegraphiccards` VALUES ('22','20','4','0');
INSERT INTO `glpi_computers_devicegraphiccards` VALUES ('24','21','6','256');
INSERT INTO `glpi_computers_devicegraphiccards` VALUES ('25','22','4','0');
INSERT INTO `glpi_computers_devicegraphiccards` VALUES ('26','26','4','0');
INSERT INTO `glpi_computers_devicegraphiccards` VALUES ('27','28','4','0');
INSERT INTO `glpi_computers_devicegraphiccards` VALUES ('28','27','4','0');

### Dump table glpi_computers_deviceharddrives

DROP TABLE IF EXISTS `glpi_computers_deviceharddrives`;
CREATE TABLE `glpi_computers_deviceharddrives` (
  `id` int(11) NOT NULL AUTO_INCREMENT,
  `computers_id` int(11) NOT NULL DEFAULT '0',
  `deviceharddrives_id` int(11) NOT NULL DEFAULT '0',
  `specificity` int(11) NOT NULL,
  PRIMARY KEY (`id`),
  KEY `computers_id` (`computers_id`),
  KEY `deviceharddrives_id` (`deviceharddrives_id`),
  KEY `specificity` (`specificity`)
) ENGINE=MyISAM  DEFAULT CHARSET=utf8 COLLATE=utf8_unicode_ci;

INSERT INTO `glpi_computers_deviceharddrives` VALUES ('1','1','1','160');
INSERT INTO `glpi_computers_deviceharddrives` VALUES ('2','2','2','160');
INSERT INTO `glpi_computers_deviceharddrives` VALUES ('3','3','3','120');
INSERT INTO `glpi_computers_deviceharddrives` VALUES ('4','4','4','500');
INSERT INTO `glpi_computers_deviceharddrives` VALUES ('5','5','5','120');
INSERT INTO `glpi_computers_deviceharddrives` VALUES ('6','6','6','128');
INSERT INTO `glpi_computers_deviceharddrives` VALUES ('7','7','4','500');
INSERT INTO `glpi_computers_deviceharddrives` VALUES ('8','8','7','320');
INSERT INTO `glpi_computers_deviceharddrives` VALUES ('9','9','3','120');
INSERT INTO `glpi_computers_deviceharddrives` VALUES ('10','10','8','128');
INSERT INTO `glpi_computers_deviceharddrives` VALUES ('11','11','9','320');
INSERT INTO `glpi_computers_deviceharddrives` VALUES ('12','12','10','500');
INSERT INTO `glpi_computers_deviceharddrives` VALUES ('13','13','11','80');
INSERT INTO `glpi_computers_deviceharddrives` VALUES ('14','14','12','160');
INSERT INTO `glpi_computers_deviceharddrives` VALUES ('15','15','4','500');
INSERT INTO `glpi_computers_deviceharddrives` VALUES ('16','16','1','160');
INSERT INTO `glpi_computers_deviceharddrives` VALUES ('17','17','2','160');
INSERT INTO `glpi_computers_deviceharddrives` VALUES ('18','18','6','128');
INSERT INTO `glpi_computers_deviceharddrives` VALUES ('19','19','13','250');
INSERT INTO `glpi_computers_deviceharddrives` VALUES ('20','21','10','500');
INSERT INTO `glpi_computers_deviceharddrives` VALUES ('21','22','6','128');
INSERT INTO `glpi_computers_deviceharddrives` VALUES ('22','26','11','80');
INSERT INTO `glpi_computers_deviceharddrives` VALUES ('23','28','4','500');
INSERT INTO `glpi_computers_deviceharddrives` VALUES ('24','27','11','80');
INSERT INTO `glpi_computers_deviceharddrives` VALUES ('25','31','9','320');
INSERT INTO `glpi_computers_deviceharddrives` VALUES ('26','32','9','320');
INSERT INTO `glpi_computers_deviceharddrives` VALUES ('27','20','11','80');

### Dump table glpi_computers_devicememories

DROP TABLE IF EXISTS `glpi_computers_devicememories`;
CREATE TABLE `glpi_computers_devicememories` (
  `id` int(11) NOT NULL AUTO_INCREMENT,
  `computers_id` int(11) NOT NULL DEFAULT '0',
  `devicememories_id` int(11) NOT NULL DEFAULT '0',
  `specificity` int(11) NOT NULL,
  PRIMARY KEY (`id`),
  KEY `computers_id` (`computers_id`),
  KEY `devicememories_id` (`devicememories_id`),
  KEY `specificity` (`specificity`)
) ENGINE=MyISAM  DEFAULT CHARSET=utf8 COLLATE=utf8_unicode_ci;

INSERT INTO `glpi_computers_devicememories` VALUES ('1','1','1','2048');
INSERT INTO `glpi_computers_devicememories` VALUES ('2','1','1','2048');
INSERT INTO `glpi_computers_devicememories` VALUES ('3','2','2','4096');
INSERT INTO `glpi_computers_devicememories` VALUES ('4','2','2','4096');
INSERT INTO `glpi_computers_devicememories` VALUES ('5','3','2','4096');
INSERT INTO `glpi_computers_devicememories` VALUES ('6','3','2','4096');
INSERT INTO `glpi_computers_devicememories` VALUES ('7','3','2','4096');
INSERT INTO `glpi_computers_devicememories` VALUES ('8','3','2','4096');
INSERT INTO `glpi_computers_devicememories` VALUES ('9','4','2','4096');
INSERT INTO `glpi_computers_devicememories` VALUES ('10','4','2','4096');
INSERT INTO `glpi_computers_devicememories` VALUES ('11','5','3','4096');
INSERT INTO `glpi_computers_devicememories` VALUES ('12','5','3','4096');
INSERT INTO `glpi_computers_devicememories` VALUES ('13','6','2','4096');
INSERT INTO `glpi_computers_devicememories` VALUES ('14','6','2','4096');
INSERT INTO `glpi_computers_devicememories` VALUES ('15','7','2','4096');
INSERT INTO `glpi_computers_devicememories` VALUES ('16','7','2','4096');
INSERT INTO `glpi_computers_devicememories` VALUES ('17','8','4','1024');
INSERT INTO `glpi_computers_devicememories` VALUES ('18','8','4','1024');
INSERT INTO `glpi_computers_devicememories` VALUES ('19','8','4','1024');
INSERT INTO `glpi_computers_devicememories` VALUES ('20','8','4','1024');
INSERT INTO `glpi_computers_devicememories` VALUES ('21','9','5','4096');
INSERT INTO `glpi_computers_devicememories` VALUES ('22','10','3','4096');
INSERT INTO `glpi_computers_devicememories` VALUES ('23','10','3','4096');
INSERT INTO `glpi_computers_devicememories` VALUES ('24','11','5','4096');
INSERT INTO `glpi_computers_devicememories` VALUES ('25','11','5','4096');
INSERT INTO `glpi_computers_devicememories` VALUES ('26','12','3','4096');
INSERT INTO `glpi_computers_devicememories` VALUES ('27','12','2','4096');
INSERT INTO `glpi_computers_devicememories` VALUES ('28','13','1','2048');
INSERT INTO `glpi_computers_devicememories` VALUES ('29','13','1','2048');
INSERT INTO `glpi_computers_devicememories` VALUES ('30','14','1','2048');
INSERT INTO `glpi_computers_devicememories` VALUES ('31','14','1','2048');
INSERT INTO `glpi_computers_devicememories` VALUES ('32','15','2','4096');
INSERT INTO `glpi_computers_devicememories` VALUES ('33','15','2','4096');
INSERT INTO `glpi_computers_devicememories` VALUES ('34','16','1','2048');
INSERT INTO `glpi_computers_devicememories` VALUES ('35','16','1','2048');
INSERT INTO `glpi_computers_devicememories` VALUES ('36','17','3','4096');
INSERT INTO `glpi_computers_devicememories` VALUES ('37','17','3','4096');
INSERT INTO `glpi_computers_devicememories` VALUES ('38','18','2','4096');
INSERT INTO `glpi_computers_devicememories` VALUES ('39','18','2','4096');
INSERT INTO `glpi_computers_devicememories` VALUES ('40','19','6','2048');
INSERT INTO `glpi_computers_devicememories` VALUES ('41','19','6','2048');
INSERT INTO `glpi_computers_devicememories` VALUES ('42','20','7','2048');
INSERT INTO `glpi_computers_devicememories` VALUES ('43','20','7','2048');
INSERT INTO `glpi_computers_devicememories` VALUES ('44','21','3','4096');
INSERT INTO `glpi_computers_devicememories` VALUES ('45','21','3','4096');
INSERT INTO `glpi_computers_devicememories` VALUES ('46','22','3','4096');
INSERT INTO `glpi_computers_devicememories` VALUES ('47','22','3','4096');
INSERT INTO `glpi_computers_devicememories` VALUES ('48','26','8','1024');
INSERT INTO `glpi_computers_devicememories` VALUES ('49','26','8','1024');
INSERT INTO `glpi_computers_devicememories` VALUES ('50','27','8','1024');
INSERT INTO `glpi_computers_devicememories` VALUES ('51','27','8','1024');
INSERT INTO `glpi_computers_devicememories` VALUES ('52','28','2','4096');

### Dump table glpi_computers_devicemotherboards

DROP TABLE IF EXISTS `glpi_computers_devicemotherboards`;
CREATE TABLE `glpi_computers_devicemotherboards` (
  `id` int(11) NOT NULL AUTO_INCREMENT,
  `computers_id` int(11) NOT NULL DEFAULT '0',
  `devicemotherboards_id` int(11) NOT NULL DEFAULT '0',
  PRIMARY KEY (`id`),
  KEY `computers_id` (`computers_id`),
  KEY `devicemotherboards_id` (`devicemotherboards_id`)
) ENGINE=MyISAM  DEFAULT CHARSET=utf8 COLLATE=utf8_unicode_ci;

INSERT INTO `glpi_computers_devicemotherboards` VALUES ('1','1','1');
INSERT INTO `glpi_computers_devicemotherboards` VALUES ('2','2','2');
INSERT INTO `glpi_computers_devicemotherboards` VALUES ('3','3','3');
INSERT INTO `glpi_computers_devicemotherboards` VALUES ('4','4','4');
INSERT INTO `glpi_computers_devicemotherboards` VALUES ('5','5','5');
INSERT INTO `glpi_computers_devicemotherboards` VALUES ('6','6','2');
INSERT INTO `glpi_computers_devicemotherboards` VALUES ('7','7','2');
INSERT INTO `glpi_computers_devicemotherboards` VALUES ('8','8','6');
INSERT INTO `glpi_computers_devicemotherboards` VALUES ('9','9','5');
INSERT INTO `glpi_computers_devicemotherboards` VALUES ('10','10','7');
INSERT INTO `glpi_computers_devicemotherboards` VALUES ('11','11','8');
INSERT INTO `glpi_computers_devicemotherboards` VALUES ('12','12','9');
INSERT INTO `glpi_computers_devicemotherboards` VALUES ('13','13','10');
INSERT INTO `glpi_computers_devicemotherboards` VALUES ('14','14','1');
INSERT INTO `glpi_computers_devicemotherboards` VALUES ('15','15','2');
INSERT INTO `glpi_computers_devicemotherboards` VALUES ('16','16','1');
INSERT INTO `glpi_computers_devicemotherboards` VALUES ('17','17','9');
INSERT INTO `glpi_computers_devicemotherboards` VALUES ('18','18','11');
INSERT INTO `glpi_computers_devicemotherboards` VALUES ('19','19','12');
INSERT INTO `glpi_computers_devicemotherboards` VALUES ('20','20','10');
INSERT INTO `glpi_computers_devicemotherboards` VALUES ('21','21','13');
INSERT INTO `glpi_computers_devicemotherboards` VALUES ('22','22','2');
INSERT INTO `glpi_computers_devicemotherboards` VALUES ('23','26','14');
INSERT INTO `glpi_computers_devicemotherboards` VALUES ('24','28','2');
INSERT INTO `glpi_computers_devicemotherboards` VALUES ('25','27','15');
INSERT INTO `glpi_computers_devicemotherboards` VALUES ('26','31','6');
INSERT INTO `glpi_computers_devicemotherboards` VALUES ('27','32','16');

### Dump table glpi_computers_devicenetworkcards

DROP TABLE IF EXISTS `glpi_computers_devicenetworkcards`;
CREATE TABLE `glpi_computers_devicenetworkcards` (
  `id` int(11) NOT NULL AUTO_INCREMENT,
  `computers_id` int(11) NOT NULL DEFAULT '0',
  `devicenetworkcards_id` int(11) NOT NULL DEFAULT '0',
  `specificity` varchar(255) COLLATE utf8_unicode_ci DEFAULT NULL,
  PRIMARY KEY (`id`),
  KEY `computers_id` (`computers_id`),
  KEY `devicenetworkcards_id` (`devicenetworkcards_id`),
  KEY `specificity` (`specificity`)
) ENGINE=MyISAM DEFAULT CHARSET=utf8 COLLATE=utf8_unicode_ci;


### Dump table glpi_computers_devicepcis

DROP TABLE IF EXISTS `glpi_computers_devicepcis`;
CREATE TABLE `glpi_computers_devicepcis` (
  `id` int(11) NOT NULL AUTO_INCREMENT,
  `computers_id` int(11) NOT NULL DEFAULT '0',
  `devicepcis_id` int(11) NOT NULL DEFAULT '0',
  PRIMARY KEY (`id`),
  KEY `computers_id` (`computers_id`),
  KEY `devicepcis_id` (`devicepcis_id`)
) ENGINE=MyISAM DEFAULT CHARSET=utf8 COLLATE=utf8_unicode_ci;


### Dump table glpi_computers_devicepowersupplies

DROP TABLE IF EXISTS `glpi_computers_devicepowersupplies`;
CREATE TABLE `glpi_computers_devicepowersupplies` (
  `id` int(11) NOT NULL AUTO_INCREMENT,
  `computers_id` int(11) NOT NULL DEFAULT '0',
  `devicepowersupplies_id` int(11) NOT NULL DEFAULT '0',
  PRIMARY KEY (`id`),
  KEY `computers_id` (`computers_id`),
  KEY `devicepowersupplies_id` (`devicepowersupplies_id`)
) ENGINE=MyISAM DEFAULT CHARSET=utf8 COLLATE=utf8_unicode_ci;


### Dump table glpi_computers_deviceprocessors

DROP TABLE IF EXISTS `glpi_computers_deviceprocessors`;
CREATE TABLE `glpi_computers_deviceprocessors` (
  `id` int(11) NOT NULL AUTO_INCREMENT,
  `computers_id` int(11) NOT NULL DEFAULT '0',
  `deviceprocessors_id` int(11) NOT NULL DEFAULT '0',
  `specificity` int(11) NOT NULL,
  PRIMARY KEY (`id`),
  KEY `computers_id` (`computers_id`),
  KEY `deviceprocessors_id` (`deviceprocessors_id`),
  KEY `specificity` (`specificity`)
) ENGINE=MyISAM  DEFAULT CHARSET=utf8 COLLATE=utf8_unicode_ci;

INSERT INTO `glpi_computers_deviceprocessors` VALUES ('1','1','1','2200');
INSERT INTO `glpi_computers_deviceprocessors` VALUES ('2','2','2','2800');
INSERT INTO `glpi_computers_deviceprocessors` VALUES ('3','3','3','2800');
INSERT INTO `glpi_computers_deviceprocessors` VALUES ('4','4','4','2500');
INSERT INTO `glpi_computers_deviceprocessors` VALUES ('5','5','5','3000');
INSERT INTO `glpi_computers_deviceprocessors` VALUES ('6','6','6','3400');
INSERT INTO `glpi_computers_deviceprocessors` VALUES ('7','7','2','2800');
INSERT INTO `glpi_computers_deviceprocessors` VALUES ('8','8','7','3000');
INSERT INTO `glpi_computers_deviceprocessors` VALUES ('9','9','2','2800');
INSERT INTO `glpi_computers_deviceprocessors` VALUES ('10','10','8','3200');
INSERT INTO `glpi_computers_deviceprocessors` VALUES ('11','11','4','2500');
INSERT INTO `glpi_computers_deviceprocessors` VALUES ('12','12','9','2933');
INSERT INTO `glpi_computers_deviceprocessors` VALUES ('13','13','10','1800');
INSERT INTO `glpi_computers_deviceprocessors` VALUES ('14','14','1','2200');
INSERT INTO `glpi_computers_deviceprocessors` VALUES ('15','15','2','2800');
INSERT INTO `glpi_computers_deviceprocessors` VALUES ('16','16','1','2200');
INSERT INTO `glpi_computers_deviceprocessors` VALUES ('17','17','9','2933');
INSERT INTO `glpi_computers_deviceprocessors` VALUES ('18','18','6','3400');
INSERT INTO `glpi_computers_deviceprocessors` VALUES ('19','19','7','3000');
INSERT INTO `glpi_computers_deviceprocessors` VALUES ('20','20','10','1800');
INSERT INTO `glpi_computers_deviceprocessors` VALUES ('21','21','11','2500');
INSERT INTO `glpi_computers_deviceprocessors` VALUES ('22','22','5','3000');
INSERT INTO `glpi_computers_deviceprocessors` VALUES ('23','26','12','1800');
INSERT INTO `glpi_computers_deviceprocessors` VALUES ('24','27','12','1800');
INSERT INTO `glpi_computers_deviceprocessors` VALUES ('25','28','2','2800');
INSERT INTO `glpi_computers_deviceprocessors` VALUES ('26','31','13','3006');
INSERT INTO `glpi_computers_deviceprocessors` VALUES ('27','32','14','2600');

### Dump table glpi_computers_devicesoundcards

DROP TABLE IF EXISTS `glpi_computers_devicesoundcards`;
CREATE TABLE `glpi_computers_devicesoundcards` (
  `id` int(11) NOT NULL AUTO_INCREMENT,
  `computers_id` int(11) NOT NULL DEFAULT '0',
  `devicesoundcards_id` int(11) NOT NULL DEFAULT '0',
  PRIMARY KEY (`id`),
  KEY `computers_id` (`computers_id`),
  KEY `devicesoundcards_id` (`devicesoundcards_id`)
) ENGINE=MyISAM DEFAULT CHARSET=utf8 COLLATE=utf8_unicode_ci;


### Dump table glpi_computers_items

DROP TABLE IF EXISTS `glpi_computers_items`;
CREATE TABLE `glpi_computers_items` (
  `id` int(11) NOT NULL AUTO_INCREMENT,
  `items_id` int(11) NOT NULL DEFAULT '0' COMMENT 'RELATION to various table, according to itemtype (ID)',
  `computers_id` int(11) NOT NULL DEFAULT '0',
  `itemtype` varchar(100) COLLATE utf8_unicode_ci NOT NULL,
  PRIMARY KEY (`id`),
  KEY `computers_id` (`computers_id`),
  KEY `item` (`itemtype`,`items_id`)
) ENGINE=MyISAM  DEFAULT CHARSET=utf8 COLLATE=utf8_unicode_ci;

INSERT INTO `glpi_computers_items` VALUES ('5','5','3','Monitor');
INSERT INTO `glpi_computers_items` VALUES ('10','1','3','Peripheral');

### Dump table glpi_computers_softwarelicenses

DROP TABLE IF EXISTS `glpi_computers_softwarelicenses`;
CREATE TABLE `glpi_computers_softwarelicenses` (
  `id` int(11) NOT NULL AUTO_INCREMENT,
  `computers_id` int(11) NOT NULL DEFAULT '0',
  `softwarelicenses_id` int(11) NOT NULL DEFAULT '0',
  PRIMARY KEY (`id`),
  UNIQUE KEY `unicity` (`computers_id`,`softwarelicenses_id`),
  KEY `computers_id` (`computers_id`),
  KEY `softwarelicenses_id` (`softwarelicenses_id`)
) ENGINE=MyISAM DEFAULT CHARSET=utf8 COLLATE=utf8_unicode_ci;


### Dump table glpi_computers_softwareversions

DROP TABLE IF EXISTS `glpi_computers_softwareversions`;
CREATE TABLE `glpi_computers_softwareversions` (
  `id` int(11) NOT NULL AUTO_INCREMENT,
  `computers_id` int(11) NOT NULL DEFAULT '0',
  `softwareversions_id` int(11) NOT NULL DEFAULT '0',
  `is_deleted` tinyint(1) NOT NULL DEFAULT '0',
  `is_template` tinyint(1) NOT NULL DEFAULT '0',
  PRIMARY KEY (`id`),
  UNIQUE KEY `unicity` (`computers_id`,`softwareversions_id`),
  KEY `softwareversions_id` (`softwareversions_id`)
) ENGINE=MyISAM DEFAULT CHARSET=utf8 COLLATE=utf8_unicode_ci;


### Dump table glpi_computertypes

DROP TABLE IF EXISTS `glpi_computertypes`;
CREATE TABLE `glpi_computertypes` (
  `id` int(11) NOT NULL AUTO_INCREMENT,
  `name` varchar(255) COLLATE utf8_unicode_ci DEFAULT NULL,
  `comment` text COLLATE utf8_unicode_ci,
  PRIMARY KEY (`id`),
  KEY `name` (`name`)
) ENGINE=MyISAM DEFAULT CHARSET=utf8 COLLATE=utf8_unicode_ci;


### Dump table glpi_computervirtualmachines

DROP TABLE IF EXISTS `glpi_computervirtualmachines`;
CREATE TABLE `glpi_computervirtualmachines` (
  `id` int(11) NOT NULL AUTO_INCREMENT,
  `entities_id` int(11) NOT NULL DEFAULT '0',
  `computers_id` int(11) NOT NULL DEFAULT '0',
  `name` varchar(255) COLLATE utf8_unicode_ci NOT NULL DEFAULT '',
  `virtualmachinestates_id` int(11) NOT NULL DEFAULT '0',
  `virtualmachinesystems_id` int(11) NOT NULL DEFAULT '0',
  `virtualmachinetypes_id` int(11) NOT NULL DEFAULT '0',
  `uuid` varchar(255) COLLATE utf8_unicode_ci NOT NULL DEFAULT '',
  `vcpu` int(11) NOT NULL DEFAULT '0',
  `ram` varchar(255) COLLATE utf8_unicode_ci NOT NULL DEFAULT '',
  PRIMARY KEY (`id`),
  KEY `computers_id` (`computers_id`),
  KEY `entities_id` (`entities_id`),
  KEY `name` (`name`),
  KEY `virtualmachinestates_id` (`virtualmachinestates_id`),
  KEY `virtualmachinesystems_id` (`virtualmachinesystems_id`),
  KEY `vcpu` (`vcpu`),
  KEY `ram` (`ram`)
) ENGINE=MyISAM DEFAULT CHARSET=utf8 COLLATE=utf8_unicode_ci;


### Dump table glpi_configs

DROP TABLE IF EXISTS `glpi_configs`;
CREATE TABLE `glpi_configs` (
  `id` int(11) NOT NULL AUTO_INCREMENT,
  `show_jobs_at_login` tinyint(1) NOT NULL DEFAULT '0',
  `cut` int(11) NOT NULL DEFAULT '255',
  `list_limit` int(11) NOT NULL DEFAULT '20',
  `list_limit_max` int(11) NOT NULL DEFAULT '50',
  `url_maxlength` int(11) NOT NULL DEFAULT '30',
  `version` char(10) COLLATE utf8_unicode_ci DEFAULT NULL,
  `event_loglevel` int(11) NOT NULL DEFAULT '5',
  `use_mailing` tinyint(1) NOT NULL DEFAULT '0',
  `admin_email` varchar(255) COLLATE utf8_unicode_ci DEFAULT NULL,
  `admin_email_name` varchar(255) COLLATE utf8_unicode_ci DEFAULT NULL,
  `admin_reply` varchar(255) COLLATE utf8_unicode_ci DEFAULT NULL,
  `admin_reply_name` varchar(255) COLLATE utf8_unicode_ci DEFAULT NULL,
  `mailing_signature` text COLLATE utf8_unicode_ci,
  `use_anonymous_helpdesk` tinyint(1) NOT NULL DEFAULT '0',
  `use_anonymous_followups` tinyint(1) NOT NULL DEFAULT '0',
  `language` char(10) COLLATE utf8_unicode_ci DEFAULT 'en_GB' COMMENT 'see define.php CFG_GLPI[language] array',
  `priority_1` char(20) COLLATE utf8_unicode_ci DEFAULT '#fff2f2',
  `priority_2` char(20) COLLATE utf8_unicode_ci DEFAULT '#ffe0e0',
  `priority_3` char(20) COLLATE utf8_unicode_ci DEFAULT '#ffcece',
  `priority_4` char(20) COLLATE utf8_unicode_ci DEFAULT '#ffbfbf',
  `priority_5` char(20) COLLATE utf8_unicode_ci DEFAULT '#ffadad',
  `priority_6` char(20) COLLATE utf8_unicode_ci NOT NULL DEFAULT '#ff5555',
  `date_tax` date NOT NULL DEFAULT '2005-12-31',
  `cas_host` varchar(255) COLLATE utf8_unicode_ci DEFAULT NULL,
  `cas_port` int(11) NOT NULL DEFAULT '443',
  `cas_uri` varchar(255) COLLATE utf8_unicode_ci DEFAULT NULL,
  `cas_logout` varchar(255) COLLATE utf8_unicode_ci DEFAULT NULL,
  `authldaps_id_extra` int(11) NOT NULL DEFAULT '0' COMMENT 'extra server',
  `existing_auth_server_field` varchar(255) COLLATE utf8_unicode_ci DEFAULT NULL,
  `existing_auth_server_field_clean_domain` tinyint(1) NOT NULL DEFAULT '0',
  `planning_begin` time NOT NULL DEFAULT '08:00:00',
  `planning_end` time NOT NULL DEFAULT '20:00:00',
  `utf8_conv` int(11) NOT NULL DEFAULT '0',
  `use_public_faq` tinyint(1) NOT NULL DEFAULT '0',
  `url_base` varchar(255) COLLATE utf8_unicode_ci DEFAULT NULL,
  `show_link_in_mail` tinyint(1) NOT NULL DEFAULT '0',
  `text_login` text COLLATE utf8_unicode_ci,
  `founded_new_version` char(10) COLLATE utf8_unicode_ci DEFAULT NULL,
  `dropdown_max` int(11) NOT NULL DEFAULT '100',
  `ajax_wildcard` char(1) COLLATE utf8_unicode_ci DEFAULT '*',
  `use_ajax` tinyint(1) NOT NULL DEFAULT '0',
  `ajax_min_textsearch_load` int(11) NOT NULL DEFAULT '0',
  `ajax_limit_count` int(11) NOT NULL DEFAULT '50',
  `use_ajax_autocompletion` tinyint(1) NOT NULL DEFAULT '1',
  `is_users_auto_add` tinyint(1) NOT NULL DEFAULT '1',
  `date_format` int(11) NOT NULL DEFAULT '0',
  `number_format` int(11) NOT NULL DEFAULT '0',
  `csv_delimiter` char(1) COLLATE utf8_unicode_ci NOT NULL,
  `is_ids_visible` tinyint(1) NOT NULL DEFAULT '0',
  `dropdown_chars_limit` int(11) NOT NULL DEFAULT '50',
  `use_ocs_mode` tinyint(1) NOT NULL DEFAULT '0',
  `smtp_mode` int(11) NOT NULL DEFAULT '0' COMMENT 'see define.php MAIL_* constant',
  `smtp_host` varchar(255) COLLATE utf8_unicode_ci DEFAULT NULL,
  `smtp_port` int(11) NOT NULL DEFAULT '25',
  `smtp_username` varchar(255) COLLATE utf8_unicode_ci DEFAULT NULL,
  `proxy_name` varchar(255) COLLATE utf8_unicode_ci DEFAULT NULL,
  `proxy_port` int(11) NOT NULL DEFAULT '8080',
  `proxy_user` varchar(255) COLLATE utf8_unicode_ci DEFAULT NULL,
  `add_followup_on_update_ticket` tinyint(1) NOT NULL DEFAULT '1',
  `keep_tickets_on_delete` tinyint(1) NOT NULL DEFAULT '1',
  `time_step` int(11) DEFAULT '5',
  `decimal_number` int(11) DEFAULT '2',
  `helpdesk_doc_url` varchar(255) COLLATE utf8_unicode_ci DEFAULT NULL,
  `central_doc_url` varchar(255) COLLATE utf8_unicode_ci DEFAULT NULL,
  `documentcategories_id_forticket` int(11) NOT NULL DEFAULT '0' COMMENT 'default category for documents added with a ticket',
  `monitors_management_restrict` int(11) NOT NULL DEFAULT '2',
  `phones_management_restrict` int(11) NOT NULL DEFAULT '2',
  `peripherals_management_restrict` int(11) NOT NULL DEFAULT '2',
  `printers_management_restrict` int(11) NOT NULL DEFAULT '2',
  `use_log_in_files` tinyint(1) NOT NULL DEFAULT '0',
  `time_offset` int(11) NOT NULL DEFAULT '0' COMMENT 'in seconds',
  `is_contact_autoupdate` tinyint(1) NOT NULL DEFAULT '1',
  `is_user_autoupdate` tinyint(1) NOT NULL DEFAULT '1',
  `is_group_autoupdate` tinyint(1) NOT NULL DEFAULT '1',
  `is_location_autoupdate` tinyint(1) NOT NULL DEFAULT '1',
  `state_autoupdate_mode` int(11) NOT NULL DEFAULT '0',
  `is_contact_autoclean` tinyint(1) NOT NULL DEFAULT '0',
  `is_user_autoclean` tinyint(1) NOT NULL DEFAULT '0',
  `is_group_autoclean` tinyint(1) NOT NULL DEFAULT '0',
  `is_location_autoclean` tinyint(1) NOT NULL DEFAULT '0',
  `state_autoclean_mode` int(11) NOT NULL DEFAULT '0',
  `use_flat_dropdowntree` tinyint(1) NOT NULL DEFAULT '0',
  `use_autoname_by_entity` tinyint(1) NOT NULL DEFAULT '1',
  `is_categorized_soft_expanded` tinyint(1) NOT NULL DEFAULT '1',
  `is_not_categorized_soft_expanded` tinyint(1) NOT NULL DEFAULT '1',
  `softwarecategories_id_ondelete` int(11) NOT NULL DEFAULT '0' COMMENT 'category applyed when a software is deleted',
  `x509_email_field` varchar(255) COLLATE utf8_unicode_ci DEFAULT NULL,
  `default_mailcollector_filesize_max` int(11) NOT NULL DEFAULT '2097152',
  `followup_private` tinyint(1) NOT NULL DEFAULT '0',
  `task_private` tinyint(1) NOT NULL DEFAULT '0',
  `default_software_helpdesk_visible` tinyint(1) NOT NULL DEFAULT '1',
  `names_format` int(11) NOT NULL DEFAULT '0' COMMENT 'see *NAME_BEFORE constant in define.php',
  `default_graphtype` char(3) COLLATE utf8_unicode_ci NOT NULL DEFAULT 'svg',
  `default_requesttypes_id` int(11) NOT NULL DEFAULT '1',
  `use_noright_users_add` tinyint(1) NOT NULL DEFAULT '1',
  `cron_limit` tinyint(4) NOT NULL DEFAULT '1' COMMENT 'Number of tasks execute by external cron',
  `priority_matrix` varchar(255) COLLATE utf8_unicode_ci DEFAULT NULL COMMENT 'json encoded array for Urgence / Impact to Protority',
  `urgency_mask` int(11) NOT NULL DEFAULT '62',
  `impact_mask` int(11) NOT NULL DEFAULT '62',
  `user_deleted_ldap` tinyint(1) NOT NULL DEFAULT '0',
  `auto_create_infocoms` tinyint(1) NOT NULL DEFAULT '0',
  `use_slave_for_search` tinyint(1) NOT NULL DEFAULT '0',
  `proxy_passwd` varchar(255) COLLATE utf8_unicode_ci DEFAULT NULL,
  `smtp_passwd` varchar(255) COLLATE utf8_unicode_ci DEFAULT NULL,
  `transfers_id_auto` int(11) NOT NULL DEFAULT '0',
  `show_count_on_tabs` tinyint(1) NOT NULL DEFAULT '1',
  `refresh_ticket_list` int(11) NOT NULL DEFAULT '0',
  `set_default_tech` tinyint(1) NOT NULL DEFAULT '1',
  `allow_search_view` int(11) NOT NULL DEFAULT '2',
  `allow_search_all` tinyint(1) NOT NULL DEFAULT '1',
  `allow_search_global` tinyint(1) NOT NULL DEFAULT '1',
  `display_count_on_home` int(11) NOT NULL DEFAULT '5',
  PRIMARY KEY (`id`)
) ENGINE=MyISAM  DEFAULT CHARSET=utf8 COLLATE=utf8_unicode_ci;

INSERT INTO `glpi_configs` VALUES ('1','0','250','15','50','30',' 0.83.1','5','0','admsys@xxxxx.fr',NULL,NULL,NULL,'SIGNATURE','0','0','en_GB','#fff2f2','#ffe0e0','#ffcece','#ffbfbf','#ffadad','#ff5555','2005-12-31','','443','',NULL,'1',NULL,'0','08:00:00','20:00:00','1','0','http://invent.uadevelopers.com','0','','','100','*','0','0','50','1','1','0','0',';','0','50','0','0',NULL,'25',NULL,NULL,'8080',NULL,'1','0','5','2',NULL,NULL,'0','2','2','2','2','1','0','1','1','1','1','0','0','0','0','0','0','0','1','1','1','1',NULL,'2097152','0','0','1','0','svg','1','1','1','{\"1\":{\"1\":1,\"2\":1,\"3\":2,\"4\":2,\"5\":2},\"2\":{\"1\":1,\"2\":2,\"3\":2,\"4\":3,\"5\":3},\"3\":{\"1\":2,\"2\":2,\"3\":3,\"4\":4,\"5\":4},\"4\":{\"1\":2,\"2\":3,\"3\":4,\"4\":4,\"5\":5},\"5\":{\"1\":2,\"2\":3,\"3\":4,\"4\":5,\"5\":5}}','62','62','0','0','0',NULL,NULL,'0','1','0','1','2','1','1','5');

### Dump table glpi_consumableitems

DROP TABLE IF EXISTS `glpi_consumableitems`;
CREATE TABLE `glpi_consumableitems` (
  `id` int(11) NOT NULL AUTO_INCREMENT,
  `entities_id` int(11) NOT NULL DEFAULT '0',
  `name` varchar(255) COLLATE utf8_unicode_ci DEFAULT NULL,
  `ref` varchar(255) COLLATE utf8_unicode_ci DEFAULT NULL,
  `locations_id` int(11) NOT NULL DEFAULT '0',
  `consumableitemtypes_id` int(11) NOT NULL DEFAULT '0',
  `manufacturers_id` int(11) NOT NULL DEFAULT '0',
  `users_id_tech` int(11) NOT NULL DEFAULT '0',
  `groups_id_tech` int(11) NOT NULL DEFAULT '0',
  `is_deleted` tinyint(1) NOT NULL DEFAULT '0',
  `comment` text COLLATE utf8_unicode_ci,
  `alarm_threshold` int(11) NOT NULL DEFAULT '10',
  `notepad` longtext COLLATE utf8_unicode_ci,
  PRIMARY KEY (`id`),
  KEY `name` (`name`),
  KEY `entities_id` (`entities_id`),
  KEY `manufacturers_id` (`manufacturers_id`),
  KEY `locations_id` (`locations_id`),
  KEY `users_id_tech` (`users_id_tech`),
  KEY `consumableitemtypes_id` (`consumableitemtypes_id`),
  KEY `is_deleted` (`is_deleted`),
  KEY `alarm_threshold` (`alarm_threshold`),
  KEY `groups_id_tech` (`groups_id_tech`)
) ENGINE=MyISAM DEFAULT CHARSET=utf8 COLLATE=utf8_unicode_ci;


### Dump table glpi_consumableitemtypes

DROP TABLE IF EXISTS `glpi_consumableitemtypes`;
CREATE TABLE `glpi_consumableitemtypes` (
  `id` int(11) NOT NULL AUTO_INCREMENT,
  `name` varchar(255) COLLATE utf8_unicode_ci DEFAULT NULL,
  `comment` text COLLATE utf8_unicode_ci,
  PRIMARY KEY (`id`),
  KEY `name` (`name`)
) ENGINE=MyISAM DEFAULT CHARSET=utf8 COLLATE=utf8_unicode_ci;


### Dump table glpi_consumables

DROP TABLE IF EXISTS `glpi_consumables`;
CREATE TABLE `glpi_consumables` (
  `id` int(11) NOT NULL AUTO_INCREMENT,
  `entities_id` int(11) NOT NULL DEFAULT '0',
  `consumableitems_id` int(11) NOT NULL DEFAULT '0',
  `date_in` date DEFAULT NULL,
  `date_out` date DEFAULT NULL,
  `itemtype` varchar(100) COLLATE utf8_unicode_ci DEFAULT NULL,
  `items_id` int(11) NOT NULL DEFAULT '0',
  PRIMARY KEY (`id`),
  KEY `date_in` (`date_in`),
  KEY `date_out` (`date_out`),
  KEY `consumableitems_id` (`consumableitems_id`),
  KEY `entities_id` (`entities_id`),
  KEY `item` (`itemtype`,`items_id`)
) ENGINE=MyISAM DEFAULT CHARSET=utf8 COLLATE=utf8_unicode_ci;


### Dump table glpi_contacts

DROP TABLE IF EXISTS `glpi_contacts`;
CREATE TABLE `glpi_contacts` (
  `id` int(11) NOT NULL AUTO_INCREMENT,
  `entities_id` int(11) NOT NULL DEFAULT '0',
  `is_recursive` tinyint(1) NOT NULL DEFAULT '0',
  `name` varchar(255) COLLATE utf8_unicode_ci DEFAULT NULL,
  `firstname` varchar(255) COLLATE utf8_unicode_ci DEFAULT NULL,
  `phone` varchar(255) COLLATE utf8_unicode_ci DEFAULT NULL,
  `phone2` varchar(255) COLLATE utf8_unicode_ci DEFAULT NULL,
  `mobile` varchar(255) COLLATE utf8_unicode_ci DEFAULT NULL,
  `fax` varchar(255) COLLATE utf8_unicode_ci DEFAULT NULL,
  `email` varchar(255) COLLATE utf8_unicode_ci DEFAULT NULL,
  `contacttypes_id` int(11) NOT NULL DEFAULT '0',
  `comment` text COLLATE utf8_unicode_ci,
  `is_deleted` tinyint(1) NOT NULL DEFAULT '0',
  `notepad` longtext COLLATE utf8_unicode_ci,
  PRIMARY KEY (`id`),
  KEY `name` (`name`),
  KEY `entities_id` (`entities_id`),
  KEY `contacttypes_id` (`contacttypes_id`),
  KEY `is_deleted` (`is_deleted`)
) ENGINE=MyISAM DEFAULT CHARSET=utf8 COLLATE=utf8_unicode_ci;


### Dump table glpi_contacts_suppliers

DROP TABLE IF EXISTS `glpi_contacts_suppliers`;
CREATE TABLE `glpi_contacts_suppliers` (
  `id` int(11) NOT NULL AUTO_INCREMENT,
  `suppliers_id` int(11) NOT NULL DEFAULT '0',
  `contacts_id` int(11) NOT NULL DEFAULT '0',
  PRIMARY KEY (`id`),
  UNIQUE KEY `unicity` (`suppliers_id`,`contacts_id`),
  KEY `contacts_id` (`contacts_id`)
) ENGINE=MyISAM DEFAULT CHARSET=utf8 COLLATE=utf8_unicode_ci;


### Dump table glpi_contacttypes

DROP TABLE IF EXISTS `glpi_contacttypes`;
CREATE TABLE `glpi_contacttypes` (
  `id` int(11) NOT NULL AUTO_INCREMENT,
  `name` varchar(255) COLLATE utf8_unicode_ci DEFAULT NULL,
  `comment` text COLLATE utf8_unicode_ci,
  PRIMARY KEY (`id`),
  KEY `name` (`name`)
) ENGINE=MyISAM DEFAULT CHARSET=utf8 COLLATE=utf8_unicode_ci;


### Dump table glpi_contracts

DROP TABLE IF EXISTS `glpi_contracts`;
CREATE TABLE `glpi_contracts` (
  `id` int(11) NOT NULL AUTO_INCREMENT,
  `entities_id` int(11) NOT NULL DEFAULT '0',
  `is_recursive` tinyint(1) NOT NULL DEFAULT '0',
  `name` varchar(255) COLLATE utf8_unicode_ci DEFAULT NULL,
  `num` varchar(255) COLLATE utf8_unicode_ci DEFAULT NULL,
  `cost` decimal(20,4) NOT NULL DEFAULT '0.0000',
  `contracttypes_id` int(11) NOT NULL DEFAULT '0',
  `begin_date` date DEFAULT NULL,
  `duration` int(11) NOT NULL DEFAULT '0',
  `notice` int(11) NOT NULL DEFAULT '0',
  `periodicity` int(11) NOT NULL DEFAULT '0',
  `billing` int(11) NOT NULL DEFAULT '0',
  `comment` text COLLATE utf8_unicode_ci,
  `accounting_number` varchar(255) COLLATE utf8_unicode_ci DEFAULT NULL,
  `is_deleted` tinyint(1) NOT NULL DEFAULT '0',
  `week_begin_hour` time NOT NULL DEFAULT '00:00:00',
  `week_end_hour` time NOT NULL DEFAULT '00:00:00',
  `saturday_begin_hour` time NOT NULL DEFAULT '00:00:00',
  `saturday_end_hour` time NOT NULL DEFAULT '00:00:00',
  `use_saturday` tinyint(1) NOT NULL DEFAULT '0',
  `monday_begin_hour` time NOT NULL DEFAULT '00:00:00',
  `monday_end_hour` time NOT NULL DEFAULT '00:00:00',
  `use_monday` tinyint(1) NOT NULL DEFAULT '0',
  `max_links_allowed` int(11) NOT NULL DEFAULT '0',
  `notepad` longtext COLLATE utf8_unicode_ci,
  `alert` int(11) NOT NULL DEFAULT '0',
  `renewal` int(11) NOT NULL DEFAULT '0',
  `template_name` varchar(255) COLLATE utf8_unicode_ci DEFAULT NULL,
  `is_template` tinyint(1) NOT NULL DEFAULT '0',
  PRIMARY KEY (`id`),
  KEY `begin_date` (`begin_date`),
  KEY `name` (`name`),
  KEY `contracttypes_id` (`contracttypes_id`),
  KEY `entities_id` (`entities_id`),
  KEY `is_deleted` (`is_deleted`),
  KEY `use_monday` (`use_monday`),
  KEY `use_saturday` (`use_saturday`),
  KEY `alert` (`alert`)
) ENGINE=MyISAM DEFAULT CHARSET=utf8 COLLATE=utf8_unicode_ci;


### Dump table glpi_contracts_items

DROP TABLE IF EXISTS `glpi_contracts_items`;
CREATE TABLE `glpi_contracts_items` (
  `id` int(11) NOT NULL AUTO_INCREMENT,
  `contracts_id` int(11) NOT NULL DEFAULT '0',
  `items_id` int(11) NOT NULL DEFAULT '0',
  `itemtype` varchar(100) COLLATE utf8_unicode_ci NOT NULL,
  PRIMARY KEY (`id`),
  UNIQUE KEY `unicity` (`contracts_id`,`itemtype`,`items_id`),
  KEY `FK_device` (`items_id`,`itemtype`),
  KEY `item` (`itemtype`,`items_id`)
) ENGINE=MyISAM DEFAULT CHARSET=utf8 COLLATE=utf8_unicode_ci;


### Dump table glpi_contracts_suppliers

DROP TABLE IF EXISTS `glpi_contracts_suppliers`;
CREATE TABLE `glpi_contracts_suppliers` (
  `id` int(11) NOT NULL AUTO_INCREMENT,
  `suppliers_id` int(11) NOT NULL DEFAULT '0',
  `contracts_id` int(11) NOT NULL DEFAULT '0',
  PRIMARY KEY (`id`),
  UNIQUE KEY `unicity` (`suppliers_id`,`contracts_id`),
  KEY `contracts_id` (`contracts_id`)
) ENGINE=MyISAM DEFAULT CHARSET=utf8 COLLATE=utf8_unicode_ci;


### Dump table glpi_contracttypes

DROP TABLE IF EXISTS `glpi_contracttypes`;
CREATE TABLE `glpi_contracttypes` (
  `id` int(11) NOT NULL AUTO_INCREMENT,
  `name` varchar(255) COLLATE utf8_unicode_ci DEFAULT NULL,
  `comment` text COLLATE utf8_unicode_ci,
  PRIMARY KEY (`id`),
  KEY `name` (`name`)
) ENGINE=MyISAM DEFAULT CHARSET=utf8 COLLATE=utf8_unicode_ci;


### Dump table glpi_crontasklogs

DROP TABLE IF EXISTS `glpi_crontasklogs`;
CREATE TABLE `glpi_crontasklogs` (
  `id` int(11) NOT NULL AUTO_INCREMENT,
  `crontasks_id` int(11) NOT NULL,
  `crontasklogs_id` int(11) NOT NULL COMMENT 'id of ''start'' event',
  `date` datetime NOT NULL,
  `state` int(11) NOT NULL COMMENT '0:start, 1:run, 2:stop',
  `elapsed` float NOT NULL COMMENT 'time elapsed since start',
  `volume` int(11) NOT NULL COMMENT 'for statistics',
  `content` varchar(255) COLLATE utf8_unicode_ci DEFAULT NULL COMMENT 'message',
  PRIMARY KEY (`id`),
  KEY `date` (`date`),
  KEY `crontasks_id` (`crontasks_id`),
  KEY `crontasklogs_id_state` (`crontasklogs_id`,`state`)
) ENGINE=MyISAM  DEFAULT CHARSET=utf8 COLLATE=utf8_unicode_ci;

INSERT INTO `glpi_crontasklogs` VALUES ('1','15','0','2012-05-14 07:20:09','0','0','0','Run mode : GLPI');
INSERT INTO `glpi_crontasklogs` VALUES ('2','15','1','2012-05-14 07:20:09','2','0.0377989','0','Action completed, no processing required');
INSERT INTO `glpi_crontasklogs` VALUES ('3','16','0','2012-05-14 07:21:11','0','0','0','Run mode : GLPI');
INSERT INTO `glpi_crontasklogs` VALUES ('4','16','3','2012-05-14 07:21:11','2','0.0235479','0','Action completed, no processing required');
INSERT INTO `glpi_crontasklogs` VALUES ('5','17','0','2012-05-14 07:25:25','0','0','0','Run mode : GLPI');
INSERT INTO `glpi_crontasklogs` VALUES ('6','17','5','2012-05-14 07:25:25','2','0.0231819','0','Action completed, no processing required');
INSERT INTO `glpi_crontasklogs` VALUES ('7','18','0','2012-05-14 07:30:13','0','0','0','Run mode : GLPI');
INSERT INTO `glpi_crontasklogs` VALUES ('8','18','7','2012-05-14 07:30:13','2','0.0309651','0','Action completed, no processing required');
INSERT INTO `glpi_crontasklogs` VALUES ('9','19','0','2012-05-14 07:31:35','0','0','0','Run mode : GLPI');
INSERT INTO `glpi_crontasklogs` VALUES ('10','19','9','2012-05-14 07:31:35','2','0.0209849','0','Action completed, fully processed');
INSERT INTO `glpi_crontasklogs` VALUES ('11','20','0','2012-05-14 07:35:34','0','0','0','Run mode : GLPI');
INSERT INTO `glpi_crontasklogs` VALUES ('12','20','11','2012-05-14 07:35:34','2','0.0227361','0','Action completed, no processing required');
INSERT INTO `glpi_crontasklogs` VALUES ('13','5','0','2012-05-14 07:37:31','0','0','0','  : GLPI');
INSERT INTO `glpi_crontasklogs` VALUES ('14','5','13','2012-05-14 07:37:31','2','0.0231979','0',' ,   .');
INSERT INTO `glpi_crontasklogs` VALUES ('15','6','0','2012-05-14 07:42:03','0','0','0','Run mode : GLPI');
INSERT INTO `glpi_crontasklogs` VALUES ('16','6','15','2012-05-14 07:42:03','2','0.022459','0','Action completed, no processing required');
INSERT INTO `glpi_crontasklogs` VALUES ('17','8','0','2012-05-14 07:42:45','0','0','0','  : GLPI');
INSERT INTO `glpi_crontasklogs` VALUES ('18','8','17','2012-05-14 07:42:45','2','0.112616','203',' ,  .');
INSERT INTO `glpi_crontasklogs` VALUES ('19','9','0','2012-05-14 07:44:58','0','0','0','Run mode : GLPI');
INSERT INTO `glpi_crontasklogs` VALUES ('20','9','19','2012-05-14 07:44:58','2','0.021975','0','Action completed, no processing required');
INSERT INTO `glpi_crontasklogs` VALUES ('21','12','0','2012-05-14 07:47:05','0','0','0','Run mode : GLPI');
INSERT INTO `glpi_crontasklogs` VALUES ('22','12','21','2012-05-14 07:47:05','1','0.0225539','1','Clean 1 session file(s) created since more than 180 seconds
');
INSERT INTO `glpi_crontasklogs` VALUES ('23','12','21','2012-05-14 07:47:05','2','0.023638','1','Action completed, fully processed');
INSERT INTO `glpi_crontasklogs` VALUES ('24','13','0','2012-05-14 07:48:21','0','0','0','Run mode : GLPI');
INSERT INTO `glpi_crontasklogs` VALUES ('25','13','24','2012-05-14 07:48:21','1','0.0222261','1','Clean 1 graph file(s) created since more than 3600 seconds
');
INSERT INTO `glpi_crontasklogs` VALUES ('26','13','24','2012-05-14 07:48:21','2','0.0233312','1','Action completed, fully processed');
INSERT INTO `glpi_crontasklogs` VALUES ('27','14','0','2012-05-14 07:52:12','0','0','0','  : GLPI');
INSERT INTO `glpi_crontasklogs` VALUES ('28','14','27','2012-05-14 07:52:12','2','0.020268','0',' ,   .');
INSERT INTO `glpi_crontasklogs` VALUES ('29','17','0','2012-05-14 07:54:28','0','0','0','Run mode : GLPI');
INSERT INTO `glpi_crontasklogs` VALUES ('30','17','29','2012-05-14 07:54:28','2','0.021982','0','Action completed, no processing required');
INSERT INTO `glpi_crontasklogs` VALUES ('31','9','0','2012-05-14 08:00:51','0','0','0','  : GLPI');
INSERT INTO `glpi_crontasklogs` VALUES ('32','9','31','2012-05-14 08:00:51','2','0.0216951','0',' ,   .');
INSERT INTO `glpi_crontasklogs` VALUES ('33','17','0','2012-05-14 08:05:53','0','0','0','  : GLPI');
INSERT INTO `glpi_crontasklogs` VALUES ('34','17','33','2012-05-14 08:05:53','2','0.0205722','0',' ,   .');
INSERT INTO `glpi_crontasklogs` VALUES ('35','9','0','2012-05-14 08:11:00','0','0','0','  : GLPI');
INSERT INTO `glpi_crontasklogs` VALUES ('36','9','35','2012-05-14 08:11:00','2','0.0218399','0',' ,   .');
INSERT INTO `glpi_crontasklogs` VALUES ('37','17','0','2012-05-14 08:16:34','0','0','0','  : GLPI');
INSERT INTO `glpi_crontasklogs` VALUES ('38','17','37','2012-05-14 08:16:34','2','0.022074','0',' ,   .');
INSERT INTO `glpi_crontasklogs` VALUES ('39','9','0','2012-05-14 08:21:50','0','0','0','  : GLPI');
INSERT INTO `glpi_crontasklogs` VALUES ('40','9','39','2012-05-14 08:21:50','2','0.0237079','0',' ,   .');
INSERT INTO `glpi_crontasklogs` VALUES ('41','17','0','2012-05-14 08:28:15','0','0','0','  : GLPI');
INSERT INTO `glpi_crontasklogs` VALUES ('42','17','41','2012-05-14 08:28:15','2','0.020591','0',' ,   .');
INSERT INTO `glpi_crontasklogs` VALUES ('43','9','0','2012-05-14 08:35:38','0','0','0','  : GLPI');
INSERT INTO `glpi_crontasklogs` VALUES ('44','9','43','2012-05-14 08:35:38','2','0.0217428','0',' ,   .');
INSERT INTO `glpi_crontasklogs` VALUES ('45','17','0','2012-05-14 08:47:18','0','0','0','  : GLPI');
INSERT INTO `glpi_crontasklogs` VALUES ('46','17','45','2012-05-14 08:47:18','2','0.020999','0',' ,   .');
INSERT INTO `glpi_crontasklogs` VALUES ('47','20','0','2012-05-14 08:54:41','0','0','0','  : GLPI');
INSERT INTO `glpi_crontasklogs` VALUES ('48','20','47','2012-05-14 08:54:41','2','0.0229471','0',' ,   .');
INSERT INTO `glpi_crontasklogs` VALUES ('49','9','0','2012-05-14 09:02:22','0','0','0','  : GLPI');
INSERT INTO `glpi_crontasklogs` VALUES ('50','9','49','2012-05-14 09:02:22','2','0.039875','0',' ,   .');
INSERT INTO `glpi_crontasklogs` VALUES ('51','13','0','2012-05-14 09:08:12','0','0','0','  : GLPI');
INSERT INTO `glpi_crontasklogs` VALUES ('52','13','51','2012-05-14 09:08:12','2','0.0221021','0',' ,   .');
INSERT INTO `glpi_crontasklogs` VALUES ('53','14','0','2012-05-14 09:13:36','0','0','0','  : GLPI');
INSERT INTO `glpi_crontasklogs` VALUES ('54','14','53','2012-05-14 09:13:36','2','0.020262','0',' ,   .');
INSERT INTO `glpi_crontasklogs` VALUES ('55','17','0','2012-05-14 09:19:02','0','0','0','  : GLPI');
INSERT INTO `glpi_crontasklogs` VALUES ('56','17','55','2012-05-14 09:19:02','2','0.0220931','0',' ,   .');
INSERT INTO `glpi_crontasklogs` VALUES ('57','9','0','2012-05-14 09:24:02','0','0','0','  : GLPI');
INSERT INTO `glpi_crontasklogs` VALUES ('58','9','57','2012-05-14 09:24:02','2','0.0236912','0',' ,   .');
INSERT INTO `glpi_crontasklogs` VALUES ('59','17','0','2012-05-14 09:29:38','0','0','0','  : GLPI');
INSERT INTO `glpi_crontasklogs` VALUES ('60','17','59','2012-05-14 09:29:38','2','0.0226381','0',' ,   .');
INSERT INTO `glpi_crontasklogs` VALUES ('61','9','0','2012-05-14 09:34:48','0','0','0','  : GLPI');
INSERT INTO `glpi_crontasklogs` VALUES ('62','9','61','2012-05-14 09:34:48','2','0.0219359','0',' ,   .');
INSERT INTO `glpi_crontasklogs` VALUES ('63','17','0','2012-05-14 09:41:26','0','0','0','  : GLPI');
INSERT INTO `glpi_crontasklogs` VALUES ('64','17','63','2012-05-14 09:41:26','2','0.022105','0',' ,   .');
INSERT INTO `glpi_crontasklogs` VALUES ('65','9','0','2012-05-14 09:50:07','0','0','0','  : GLPI');
INSERT INTO `glpi_crontasklogs` VALUES ('66','9','65','2012-05-14 09:50:07','2','0.0239489','0',' ,   .');
INSERT INTO `glpi_crontasklogs` VALUES ('67','17','0','2012-05-14 09:55:11','0','0','0','  : GLPI');
INSERT INTO `glpi_crontasklogs` VALUES ('68','17','67','2012-05-14 09:55:11','2','0.0221748','0',' ,   .');
INSERT INTO `glpi_crontasklogs` VALUES ('69','20','0','2012-05-14 10:02:37','0','0','0','  : GLPI');
INSERT INTO `glpi_crontasklogs` VALUES ('70','20','69','2012-05-14 10:02:37','2','0.0227571','0',' ,   .');
INSERT INTO `glpi_crontasklogs` VALUES ('71','9','0','2012-05-14 10:09:16','0','0','0','  : GLPI');
INSERT INTO `glpi_crontasklogs` VALUES ('72','9','71','2012-05-14 10:09:16','2','0.023876','0',' ,   .');
INSERT INTO `glpi_crontasklogs` VALUES ('73','17','0','2012-05-14 10:14:23','0','0','0','  : GLPI');
INSERT INTO `glpi_crontasklogs` VALUES ('74','17','73','2012-05-14 10:14:23','2','0.02264','0',' ,   .');
INSERT INTO `glpi_crontasklogs` VALUES ('75','13','0','2012-05-14 10:19:31','0','0','0','  : GLPI');
INSERT INTO `glpi_crontasklogs` VALUES ('76','13','75','2012-05-14 10:19:31','2','0.0218139','0',' ,   .');
INSERT INTO `glpi_crontasklogs` VALUES ('77','14','0','2012-05-14 11:30:56','0','0','0','Run mode : GLPI');
INSERT INTO `glpi_crontasklogs` VALUES ('78','14','77','2012-05-14 11:30:56','2','0.022325','0','Action completed, no processing required');
INSERT INTO `glpi_crontasklogs` VALUES ('79','9','0','2012-05-15 02:39:53','0','0','0','Run mode : GLPI');
INSERT INTO `glpi_crontasklogs` VALUES ('80','9','79','2012-05-15 02:39:53','2','0.0220549','0','Action completed, no processing required');
INSERT INTO `glpi_crontasklogs` VALUES ('81','17','0','2012-05-15 02:45:41','0','0','0','  : GLPI');
INSERT INTO `glpi_crontasklogs` VALUES ('82','17','81','2012-05-15 02:45:41','2','0.020926','0',' ,   .');
INSERT INTO `glpi_crontasklogs` VALUES ('83','20','0','2012-05-15 02:51:14','0','0','0','  : GLPI');
INSERT INTO `glpi_crontasklogs` VALUES ('84','20','83','2012-05-15 02:51:14','2','0.02106','0',' ,   .');
INSERT INTO `glpi_crontasklogs` VALUES ('85','13','0','2012-05-15 02:56:24','0','0','0','  : GLPI');
INSERT INTO `glpi_crontasklogs` VALUES ('86','13','85','2012-05-15 02:56:24','2','0.0203202','0',' ,   .');
INSERT INTO `glpi_crontasklogs` VALUES ('87','14','0','2012-05-15 03:00:15','0','0','0','Run mode : GLPI');
INSERT INTO `glpi_crontasklogs` VALUES ('88','14','87','2012-05-15 03:00:15','2','0.020201','0','Action completed, no processing required');
INSERT INTO `glpi_crontasklogs` VALUES ('89','15','0','2012-05-15 03:07:06','0','0','0','  : GLPI');
INSERT INTO `glpi_crontasklogs` VALUES ('90','15','89','2012-05-15 03:07:06','2','0.037709','0',' ,   .');
INSERT INTO `glpi_crontasklogs` VALUES ('91','16','0','2012-05-15 03:13:52','0','0','0','  : GLPI');
INSERT INTO `glpi_crontasklogs` VALUES ('92','16','91','2012-05-15 03:13:52','2','0.023469','0',' ,   .');
INSERT INTO `glpi_crontasklogs` VALUES ('93','9','0','2012-05-15 03:19:03','0','0','0','  : GLPI');
INSERT INTO `glpi_crontasklogs` VALUES ('94','9','93','2012-05-15 03:19:03','2','0.0217409','0',' ,   .');
INSERT INTO `glpi_crontasklogs` VALUES ('95','17','0','2012-05-15 03:24:29','0','0','0','  : GLPI');
INSERT INTO `glpi_crontasklogs` VALUES ('96','17','95','2012-05-15 03:24:29','2','0.0208402','0',' ,   .');
INSERT INTO `glpi_crontasklogs` VALUES ('97','9','0','2012-05-15 03:30:36','0','0','0','  : GLPI');
INSERT INTO `glpi_crontasklogs` VALUES ('98','9','97','2012-05-15 03:30:36','2','0.0247269','0',' ,   .');
INSERT INTO `glpi_crontasklogs` VALUES ('99','17','0','2012-05-15 03:38:34','0','0','0','  : GLPI');
INSERT INTO `glpi_crontasklogs` VALUES ('100','17','99','2012-05-15 03:38:34','2','0.0229709','0',' ,   .');
INSERT INTO `glpi_crontasklogs` VALUES ('101','9','0','2012-05-15 03:43:47','0','0','0','  : GLPI');
INSERT INTO `glpi_crontasklogs` VALUES ('102','9','101','2012-05-15 03:43:47','2','0.0256472','0',' ,   .');
INSERT INTO `glpi_crontasklogs` VALUES ('103','17','0','2012-05-15 03:49:29','0','0','0','  : GLPI');
INSERT INTO `glpi_crontasklogs` VALUES ('104','17','103','2012-05-15 03:49:29','2','0.0223038','0',' ,   .');
INSERT INTO `glpi_crontasklogs` VALUES ('105','20','0','2012-05-15 03:54:38','0','0','0','  : GLPI');
INSERT INTO `glpi_crontasklogs` VALUES ('106','20','105','2012-05-15 03:54:38','2','0.020972','0',' ,   .');
INSERT INTO `glpi_crontasklogs` VALUES ('107','9','0','2012-05-15 04:04:42','0','0','0','  : GLPI');
INSERT INTO `glpi_crontasklogs` VALUES ('108','9','107','2012-05-15 04:04:42','2','0.022397','0',' ,   .');
INSERT INTO `glpi_crontasklogs` VALUES ('109','17','0','2012-05-15 04:21:02','0','0','0','Run mode : GLPI');
INSERT INTO `glpi_crontasklogs` VALUES ('110','17','109','2012-05-15 04:21:02','2','0.0233531','0','Action completed, no processing required');
INSERT INTO `glpi_crontasklogs` VALUES ('111','13','0','2012-05-15 04:24:24','0','0','0','Run mode : GLPI');
INSERT INTO `glpi_crontasklogs` VALUES ('112','13','111','2012-05-15 04:24:24','2','0.0202539','0','Action completed, no processing required');
INSERT INTO `glpi_crontasklogs` VALUES ('113','14','0','2012-05-15 04:43:15','0','0','0','  : GLPI');
INSERT INTO `glpi_crontasklogs` VALUES ('114','14','113','2012-05-15 04:43:15','2','0.022326','0',' ,   .');
INSERT INTO `glpi_crontasklogs` VALUES ('115','9','0','2012-05-15 04:48:54','0','0','0','  : GLPI');
INSERT INTO `glpi_crontasklogs` VALUES ('116','9','115','2012-05-15 04:48:54','2','0.0243011','0',' ,   .');
INSERT INTO `glpi_crontasklogs` VALUES ('117','17','0','2012-05-15 04:54:00','0','0','0','  : GLPI');
INSERT INTO `glpi_crontasklogs` VALUES ('118','17','117','2012-05-15 04:54:00','2','0.0223641','0',' ,   .');
INSERT INTO `glpi_crontasklogs` VALUES ('119','20','0','2012-05-15 04:59:32','0','0','0','  : GLPI');
INSERT INTO `glpi_crontasklogs` VALUES ('120','20','119','2012-05-15 04:59:32','2','0.023011','0',' ,   .');
INSERT INTO `glpi_crontasklogs` VALUES ('121','9','0','2012-05-15 05:05:41','0','0','0','  : GLPI');
INSERT INTO `glpi_crontasklogs` VALUES ('122','9','121','2012-05-15 05:05:41','2','0.024327','0',' ,   .');
INSERT INTO `glpi_crontasklogs` VALUES ('123','17','0','2012-05-15 05:23:38','0','0','0','  : GLPI');
INSERT INTO `glpi_crontasklogs` VALUES ('124','17','123','2012-05-15 05:23:38','2','0.022429','0',' ,   .');
INSERT INTO `glpi_crontasklogs` VALUES ('125','9','0','2012-05-15 05:28:44','0','0','0','  : GLPI');
INSERT INTO `glpi_crontasklogs` VALUES ('126','9','125','2012-05-15 05:28:44','2','0.021836','0',' ,   .');
INSERT INTO `glpi_crontasklogs` VALUES ('127','13','0','2012-05-15 05:33:58','0','0','0','  : GLPI');
INSERT INTO `glpi_crontasklogs` VALUES ('128','13','127','2012-05-15 05:33:58','2','0.0218542','0',' ,   .');
INSERT INTO `glpi_crontasklogs` VALUES ('129','17','0','2012-05-15 05:40:58','0','0','0','  : GLPI');
INSERT INTO `glpi_crontasklogs` VALUES ('130','17','129','2012-05-15 05:40:58','2','0.022136','0',' ,   .');
INSERT INTO `glpi_crontasklogs` VALUES ('131','9','0','2012-05-15 05:46:12','0','0','0','  : GLPI');
INSERT INTO `glpi_crontasklogs` VALUES ('132','9','131','2012-05-15 05:46:12','2','0.0238822','0',' ,   .');
INSERT INTO `glpi_crontasklogs` VALUES ('133','14','0','2012-05-15 05:53:27','0','0','0','  : GLPI');
INSERT INTO `glpi_crontasklogs` VALUES ('134','14','133','2012-05-15 05:53:27','2','0.022527','0',' ,   .');
INSERT INTO `glpi_crontasklogs` VALUES ('135','17','0','2012-05-15 05:58:32','0','0','0','  : GLPI');
INSERT INTO `glpi_crontasklogs` VALUES ('136','17','135','2012-05-15 05:58:32','2','0.022455','0',' ,   .');
INSERT INTO `glpi_crontasklogs` VALUES ('137','9','0','2012-05-15 06:04:21','0','0','0','  : GLPI');
INSERT INTO `glpi_crontasklogs` VALUES ('138','9','137','2012-05-15 06:04:21','2','0.0240161','0',' ,   .');
INSERT INTO `glpi_crontasklogs` VALUES ('139','20','0','2012-05-15 06:09:24','0','0','0','  : GLPI');
INSERT INTO `glpi_crontasklogs` VALUES ('140','20','139','2012-05-15 06:09:24','2','0.0230858','0',' ,   .');
INSERT INTO `glpi_crontasklogs` VALUES ('141','17','0','2012-05-15 06:14:59','0','0','0','  : GLPI');
INSERT INTO `glpi_crontasklogs` VALUES ('142','17','141','2012-05-15 06:14:59','2','0.022459','0',' ,   .');
INSERT INTO `glpi_crontasklogs` VALUES ('143','9','0','2012-05-15 06:21:40','0','0','0','  : GLPI');
INSERT INTO `glpi_crontasklogs` VALUES ('144','9','143','2012-05-15 06:21:40','2','0.023912','0',' ,   .');
INSERT INTO `glpi_crontasklogs` VALUES ('145','17','0','2012-05-15 06:27:42','0','0','0','  : GLPI');
INSERT INTO `glpi_crontasklogs` VALUES ('146','17','145','2012-05-15 06:27:42','2','0.022218','0',' ,   .');
INSERT INTO `glpi_crontasklogs` VALUES ('147','9','0','2012-05-15 06:53:41','0','0','0','  : GLPI');
INSERT INTO `glpi_crontasklogs` VALUES ('148','9','147','2012-05-15 06:53:41','2','0.024864','0',' ,   .');
INSERT INTO `glpi_crontasklogs` VALUES ('149','17','0','2012-05-15 06:59:44','0','0','0','  : GLPI');
INSERT INTO `glpi_crontasklogs` VALUES ('150','17','149','2012-05-15 06:59:44','2','0.022305','0',' ,   .');
INSERT INTO `glpi_crontasklogs` VALUES ('151','13','0','2012-05-15 07:04:54','0','0','0','  : GLPI');
INSERT INTO `glpi_crontasklogs` VALUES ('152','13','151','2012-05-15 07:04:54','2','0.022701','0',' ,   .');
INSERT INTO `glpi_crontasklogs` VALUES ('153','14','0','2012-05-15 07:10:37','0','0','0','  : GLPI');
INSERT INTO `glpi_crontasklogs` VALUES ('154','14','153','2012-05-15 07:10:37','2','0.0221889','0',' ,   .');
INSERT INTO `glpi_crontasklogs` VALUES ('155','9','0','2012-05-15 07:47:50','0','0','0','  : GLPI');
INSERT INTO `glpi_crontasklogs` VALUES ('156','9','155','2012-05-15 07:47:50','2','0.024137','0',' ,   .');
INSERT INTO `glpi_crontasklogs` VALUES ('157','17','0','2012-05-15 07:53:16','0','0','0','  : GLPI');
INSERT INTO `glpi_crontasklogs` VALUES ('158','17','157','2012-05-15 07:53:16','2','0.0223238','0',' ,   .');
INSERT INTO `glpi_crontasklogs` VALUES ('159','20','0','2012-05-15 07:55:51','0','0','0','Run mode : GLPI');
INSERT INTO `glpi_crontasklogs` VALUES ('160','20','159','2012-05-15 07:55:51','2','0.0230441','0','Action completed, no processing required');
INSERT INTO `glpi_crontasklogs` VALUES ('161','18','0','2012-05-15 07:59:03','0','0','0','Run mode : GLPI');
INSERT INTO `glpi_crontasklogs` VALUES ('162','18','161','2012-05-15 07:59:03','2','0.030956','0','Action completed, no processing required');
INSERT INTO `glpi_crontasklogs` VALUES ('163','19','0','2012-05-15 07:59:28','0','0','0','Run mode : GLPI');
INSERT INTO `glpi_crontasklogs` VALUES ('164','19','163','2012-05-15 07:59:28','2','0.0229411','0','Action completed, fully processed');
INSERT INTO `glpi_crontasklogs` VALUES ('165','5','0','2012-05-15 07:59:58','0','0','0','Run mode : GLPI');
INSERT INTO `glpi_crontasklogs` VALUES ('166','5','165','2012-05-15 07:59:58','2','0.0230012','0','Action completed, no processing required');
INSERT INTO `glpi_crontasklogs` VALUES ('167','6','0','2012-05-15 08:01:29','0','0','0','Run mode : GLPI');
INSERT INTO `glpi_crontasklogs` VALUES ('168','6','167','2012-05-15 08:01:29','2','0.0228629','0','Action completed, no processing required');
INSERT INTO `glpi_crontasklogs` VALUES ('169','12','0','2012-05-15 08:04:41','0','0','0','  : GLPI');
INSERT INTO `glpi_crontasklogs` VALUES ('170','12','169','2012-05-15 08:04:41','1','0.021981','4','Clean 4 session file(s) created since more than 180 seconds
');
INSERT INTO `glpi_crontasklogs` VALUES ('171','12','169','2012-05-15 08:04:41','2','0.0231991','4',' ,  .');
INSERT INTO `glpi_crontasklogs` VALUES ('172','9','0','2012-05-15 08:09:58','0','0','0','  : GLPI');
INSERT INTO `glpi_crontasklogs` VALUES ('173','9','172','2012-05-15 08:09:58','2','0.024925','0',' ,   .');
INSERT INTO `glpi_crontasklogs` VALUES ('174','17','0','2012-05-15 08:23:55','0','0','0','  : GLPI');
INSERT INTO `glpi_crontasklogs` VALUES ('175','17','174','2012-05-15 08:23:55','2','0.0224121','0',' ,   .');
INSERT INTO `glpi_crontasklogs` VALUES ('176','13','0','2012-05-15 08:24:23','0','0','0','Run mode : GLPI');
INSERT INTO `glpi_crontasklogs` VALUES ('177','13','176','2012-05-15 08:24:23','2','0.0225708','0','Action completed, no processing required');
INSERT INTO `glpi_crontasklogs` VALUES ('178','14','0','2012-05-15 08:32:07','0','0','0','  : GLPI');
INSERT INTO `glpi_crontasklogs` VALUES ('179','14','178','2012-05-15 08:32:07','2','0.0220399','0',' ,   .');
INSERT INTO `glpi_crontasklogs` VALUES ('180','9','0','2012-05-15 08:44:15','0','0','0','  : GLPI');
INSERT INTO `glpi_crontasklogs` VALUES ('181','9','180','2012-05-15 08:44:15','2','0.0240672','0',' ,   .');
INSERT INTO `glpi_crontasklogs` VALUES ('182','17','0','2012-05-15 08:50:09','0','0','0','  : GLPI');
INSERT INTO `glpi_crontasklogs` VALUES ('183','17','182','2012-05-15 08:50:09','2','0.022089','0',' ,   .');
INSERT INTO `glpi_crontasklogs` VALUES ('184','9','0','2012-05-15 08:55:46','0','0','0','  : GLPI');
INSERT INTO `glpi_crontasklogs` VALUES ('185','9','184','2012-05-15 08:55:46','2','0.0247309','0',' ,   .');
INSERT INTO `glpi_crontasklogs` VALUES ('186','17','0','2012-05-15 09:16:31','0','0','0','  : GLPI');
INSERT INTO `glpi_crontasklogs` VALUES ('187','17','186','2012-05-15 09:16:31','2','0.0213299','0',' ,   .');
INSERT INTO `glpi_crontasklogs` VALUES ('188','20','0','2012-05-15 09:31:23','0','0','0','  : GLPI');
INSERT INTO `glpi_crontasklogs` VALUES ('189','20','188','2012-05-15 09:31:23','2','0.0230811','0',' ,   .');
INSERT INTO `glpi_crontasklogs` VALUES ('190','9','0','2012-05-15 09:36:42','0','0','0','  : GLPI');
INSERT INTO `glpi_crontasklogs` VALUES ('191','9','190','2012-05-15 09:36:42','2','0.0239232','0',' ,   .');
INSERT INTO `glpi_crontasklogs` VALUES ('192','17','0','2012-05-15 09:41:47','0','0','0','  : GLPI');
INSERT INTO `glpi_crontasklogs` VALUES ('193','17','192','2012-05-15 09:41:47','2','0.0221891','0',' ,   .');
INSERT INTO `glpi_crontasklogs` VALUES ('194','13','0','2012-05-15 09:47:44','0','0','0','  : GLPI');
INSERT INTO `glpi_crontasklogs` VALUES ('195','13','194','2012-05-15 09:47:44','2','0.0219028','0',' ,   .');
INSERT INTO `glpi_crontasklogs` VALUES ('196','14','0','2012-05-15 09:54:41','0','0','0','  : GLPI');
INSERT INTO `glpi_crontasklogs` VALUES ('197','14','196','2012-05-15 09:54:41','2','0.0221419','0',' ,   .');
INSERT INTO `glpi_crontasklogs` VALUES ('198','9','0','2012-05-15 10:08:58','0','0','0','  : GLPI');
INSERT INTO `glpi_crontasklogs` VALUES ('199','9','198','2012-05-15 10:08:58','2','0.024241','0',' ,   .');
INSERT INTO `glpi_crontasklogs` VALUES ('200','17','0','2012-05-16 02:54:40','0','0','0','Run mode : GLPI');
INSERT INTO `glpi_crontasklogs` VALUES ('201','17','200','2012-05-16 02:54:40','2','0.0205839','0','Action completed, no processing required');
INSERT INTO `glpi_crontasklogs` VALUES ('202','9','0','2012-05-16 02:59:51','0','0','0','  : GLPI');
INSERT INTO `glpi_crontasklogs` VALUES ('203','9','202','2012-05-16 02:59:51','2','0.023546','0',' ,   .');
INSERT INTO `glpi_crontasklogs` VALUES ('204','20','0','2012-05-16 03:04:58','0','0','0','  : GLPI');
INSERT INTO `glpi_crontasklogs` VALUES ('205','20','204','2012-05-16 03:04:58','2','0.023443','0',' ,   .');
INSERT INTO `glpi_crontasklogs` VALUES ('206','13','0','2012-05-16 03:10:18','0','0','0','  : GLPI');
INSERT INTO `glpi_crontasklogs` VALUES ('207','13','206','2012-05-16 03:10:18','2','0.020484','0',' ,   .');
INSERT INTO `glpi_crontasklogs` VALUES ('208','14','0','2012-05-16 03:15:53','0','0','0','  : GLPI');
INSERT INTO `glpi_crontasklogs` VALUES ('209','14','208','2012-05-16 03:15:53','2','0.0204818','0',' ,   .');
INSERT INTO `glpi_crontasklogs` VALUES ('210','15','0','2012-05-16 03:21:06','0','0','0','  : GLPI');
INSERT INTO `glpi_crontasklogs` VALUES ('211','15','210','2012-05-16 03:21:06','2','0.037189','0',' ,   .');
INSERT INTO `glpi_crontasklogs` VALUES ('212','16','0','2012-05-16 03:26:07','0','0','0','  : GLPI');
INSERT INTO `glpi_crontasklogs` VALUES ('213','16','212','2012-05-16 03:26:07','2','0.0234282','0',' ,   .');
INSERT INTO `glpi_crontasklogs` VALUES ('214','17','0','2012-05-16 03:31:18','0','0','0','  : GLPI');
INSERT INTO `glpi_crontasklogs` VALUES ('215','17','214','2012-05-16 03:31:18','2','0.023056','0',' ,   .');
INSERT INTO `glpi_crontasklogs` VALUES ('216','9','0','2012-05-16 03:36:21','0','0','0','  : GLPI');
INSERT INTO `glpi_crontasklogs` VALUES ('217','9','216','2012-05-16 03:36:21','2','0.021699','0',' ,   .');
INSERT INTO `glpi_crontasklogs` VALUES ('218','17','0','2012-05-16 03:42:17','0','0','0','  : GLPI');
INSERT INTO `glpi_crontasklogs` VALUES ('219','17','218','2012-05-16 03:42:17','2','0.0208361','0',' ,   .');
INSERT INTO `glpi_crontasklogs` VALUES ('220','9','0','2012-05-16 03:47:19','0','0','0','  : GLPI');
INSERT INTO `glpi_crontasklogs` VALUES ('221','9','220','2012-05-16 03:47:19','2','0.0223782','0',' ,   .');
INSERT INTO `glpi_crontasklogs` VALUES ('222','17','0','2012-05-16 03:52:33','0','0','0','  : GLPI');
INSERT INTO `glpi_crontasklogs` VALUES ('223','17','222','2012-05-16 03:52:33','2','0.0206521','0',' ,   .');
INSERT INTO `glpi_crontasklogs` VALUES ('224','9','0','2012-05-16 03:57:56','0','0','0','  : GLPI');
INSERT INTO `glpi_crontasklogs` VALUES ('225','9','224','2012-05-16 03:57:56','2','0.021857','0',' ,   .');
INSERT INTO `glpi_crontasklogs` VALUES ('226','17','0','2012-05-16 04:09:48','0','0','0','  : GLPI');
INSERT INTO `glpi_crontasklogs` VALUES ('227','17','226','2012-05-16 04:09:48','2','0.022938','0',' ,   .');
INSERT INTO `glpi_crontasklogs` VALUES ('228','20','0','2012-05-16 04:14:54','0','0','0','  : GLPI');
INSERT INTO `glpi_crontasklogs` VALUES ('229','20','228','2012-05-16 04:14:54','2','0.020978','0',' ,   .');
INSERT INTO `glpi_crontasklogs` VALUES ('230','9','0','2012-05-16 04:20:03','0','0','0','  : GLPI');
INSERT INTO `glpi_crontasklogs` VALUES ('231','9','230','2012-05-16 04:20:03','2','0.023056','0',' ,   .');
INSERT INTO `glpi_crontasklogs` VALUES ('232','13','0','2012-05-16 04:26:55','0','0','0','  : GLPI');
INSERT INTO `glpi_crontasklogs` VALUES ('233','13','232','2012-05-16 04:26:55','2','0.02127','0',' ,   .');
INSERT INTO `glpi_crontasklogs` VALUES ('234','17','0','2012-05-16 04:31:57','0','0','0','  : GLPI');
INSERT INTO `glpi_crontasklogs` VALUES ('235','17','234','2012-05-16 04:31:57','2','0.021009','0',' ,   .');
INSERT INTO `glpi_crontasklogs` VALUES ('236','14','0','2012-05-16 04:37:01','0','0','0','  : GLPI');
INSERT INTO `glpi_crontasklogs` VALUES ('237','14','236','2012-05-16 04:37:01','2','0.020309','0',' ,   .');
INSERT INTO `glpi_crontasklogs` VALUES ('238','9','0','2012-05-16 05:22:51','0','0','0','  : GLPI');
INSERT INTO `glpi_crontasklogs` VALUES ('239','9','238','2012-05-16 05:22:51','2','0.024852','0',' ,   .');
INSERT INTO `glpi_crontasklogs` VALUES ('240','17','0','2012-05-16 05:27:59','0','0','0','  : GLPI');
INSERT INTO `glpi_crontasklogs` VALUES ('241','17','240','2012-05-16 05:27:59','2','0.020957','0',' ,   .');
INSERT INTO `glpi_crontasklogs` VALUES ('242','20','0','2012-05-16 05:34:45','0','0','0','  : GLPI');
INSERT INTO `glpi_crontasklogs` VALUES ('243','20','242','2012-05-16 05:34:45','2','0.029582','0',' ,   .');
INSERT INTO `glpi_crontasklogs` VALUES ('244','13','0','2012-05-16 05:41:52','0','0','0','  : GLPI');
INSERT INTO `glpi_crontasklogs` VALUES ('245','13','244','2012-05-16 05:41:52','2','0.021018','0',' ,   .');
INSERT INTO `glpi_crontasklogs` VALUES ('246','9','0','2012-05-16 05:47:02','0','0','0','  : GLPI');
INSERT INTO `glpi_crontasklogs` VALUES ('247','9','246','2012-05-16 05:47:02','2','0.0237651','0',' ,   .');
INSERT INTO `glpi_crontasklogs` VALUES ('248','17','0','2012-05-16 06:19:39','0','0','0','Run mode : GLPI');
INSERT INTO `glpi_crontasklogs` VALUES ('249','17','248','2012-05-16 06:19:39','2','0.023314','0','Action completed, no processing required');
INSERT INTO `glpi_crontasklogs` VALUES ('250','14','0','2012-05-16 09:51:11','0','0','0','  : GLPI');
INSERT INTO `glpi_crontasklogs` VALUES ('251','14','250','2012-05-16 09:51:11','2','0.021996','0',' ,   .');
INSERT INTO `glpi_crontasklogs` VALUES ('252','9','0','2012-05-16 09:56:14','0','0','0','  : GLPI');
INSERT INTO `glpi_crontasklogs` VALUES ('253','9','252','2012-05-16 09:56:14','2','0.0237551','0',' ,   .');
INSERT INTO `glpi_crontasklogs` VALUES ('254','17','0','2012-05-16 10:08:46','0','0','0','  : GLPI');
INSERT INTO `glpi_crontasklogs` VALUES ('255','17','254','2012-05-16 10:08:46','2','0.0223908','0',' ,   .');
INSERT INTO `glpi_crontasklogs` VALUES ('256','20','0','2012-05-16 11:12:01','0','0','0','Run mode : GLPI');
INSERT INTO `glpi_crontasklogs` VALUES ('257','20','256','2012-05-16 11:12:01','2','0.0233231','0','Action completed, no processing required');
INSERT INTO `glpi_crontasklogs` VALUES ('258','13','0','2012-05-16 11:34:32','0','0','0','Run mode : GLPI');
INSERT INTO `glpi_crontasklogs` VALUES ('259','13','258','2012-05-16 11:34:32','2','0.0226052','0','Action completed, no processing required');
INSERT INTO `glpi_crontasklogs` VALUES ('260','18','0','2012-05-17 03:54:07','0','0','0','Run mode : GLPI');
INSERT INTO `glpi_crontasklogs` VALUES ('261','18','260','2012-05-17 03:54:07','2','0.0266809','0','Action completed, no processing required');
INSERT INTO `glpi_crontasklogs` VALUES ('262','19','0','2012-05-17 04:19:16','0','0','0','Run mode : GLPI');
INSERT INTO `glpi_crontasklogs` VALUES ('263','19','262','2012-05-17 04:19:16','2','0.0230141','0','Action completed, fully processed');
INSERT INTO `glpi_crontasklogs` VALUES ('264','5','0','2012-05-17 04:31:14','0','0','0','  : GLPI');
INSERT INTO `glpi_crontasklogs` VALUES ('265','5','264','2012-05-17 04:31:14','2','0.0202219','0',' ,   .');
INSERT INTO `glpi_crontasklogs` VALUES ('266','6','0','2012-05-17 11:11:14','0','0','0','Run mode : GLPI');
INSERT INTO `glpi_crontasklogs` VALUES ('267','6','266','2012-05-17 11:11:14','2','0.023277','0','Action completed, no processing required');
INSERT INTO `glpi_crontasklogs` VALUES ('268','12','0','2012-05-18 02:35:58','0','0','0','Run mode : GLPI');
INSERT INTO `glpi_crontasklogs` VALUES ('269','12','268','2012-05-18 02:35:58','1','0.0220768','23','Clean 23 session file(s) created since more than 180 seconds
');
INSERT INTO `glpi_crontasklogs` VALUES ('270','12','268','2012-05-18 02:35:58','2','0.0232708','23','Action completed, fully processed');
INSERT INTO `glpi_crontasklogs` VALUES ('271','9','0','2012-05-18 02:37:06','0','0','0','Run mode : GLPI');
INSERT INTO `glpi_crontasklogs` VALUES ('272','9','271','2012-05-18 02:37:06','2','0.022609','0','Action completed, no processing required');
INSERT INTO `glpi_crontasklogs` VALUES ('273','17','0','2012-05-18 02:37:21','0','0','0','Run mode : GLPI');
INSERT INTO `glpi_crontasklogs` VALUES ('274','17','273','2012-05-18 02:37:21','2','0.0209639','0','Action completed, no processing required');
INSERT INTO `glpi_crontasklogs` VALUES ('275','14','0','2012-05-18 02:38:26','0','0','0','Run mode : GLPI');
INSERT INTO `glpi_crontasklogs` VALUES ('276','14','275','2012-05-18 02:38:26','2','0.0225759','0','Action completed, no processing required');
INSERT INTO `glpi_crontasklogs` VALUES ('277','20','0','2012-05-18 02:40:05','0','0','0','Run mode : GLPI');
INSERT INTO `glpi_crontasklogs` VALUES ('278','20','277','2012-05-18 02:40:05','2','0.0232401','0','Action completed, no processing required');
INSERT INTO `glpi_crontasklogs` VALUES ('279','13','0','2012-05-18 02:41:00','0','0','0','Run mode : GLPI');
INSERT INTO `glpi_crontasklogs` VALUES ('280','13','279','2012-05-18 02:41:00','2','0.0225959','0','Action completed, no processing required');
INSERT INTO `glpi_crontasklogs` VALUES ('281','15','0','2012-05-18 02:41:07','0','0','0','Run mode : GLPI');
INSERT INTO `glpi_crontasklogs` VALUES ('282','15','281','2012-05-18 02:41:07','2','0.0323699','0','Action completed, no processing required');
INSERT INTO `glpi_crontasklogs` VALUES ('283','16','0','2012-05-18 02:46:27','0','0','0','  : GLPI');
INSERT INTO `glpi_crontasklogs` VALUES ('284','16','283','2012-05-18 02:46:27','2','0.023762','0',' ,   .');
INSERT INTO `glpi_crontasklogs` VALUES ('285','17','0','2012-05-18 02:47:43','0','0','0','Run mode : GLPI');
INSERT INTO `glpi_crontasklogs` VALUES ('286','17','285','2012-05-18 02:47:43','2','0.0228021','0','Action completed, no processing required');
INSERT INTO `glpi_crontasklogs` VALUES ('287','9','0','2012-05-18 03:12:23','0','0','0','Run mode : GLPI');
INSERT INTO `glpi_crontasklogs` VALUES ('288','9','287','2012-05-18 03:12:23','2','0.0245168','0','Action completed, no processing required');
INSERT INTO `glpi_crontasklogs` VALUES ('289','17','0','2012-05-18 04:58:38','0','0','0','Run mode : GLPI');
INSERT INTO `glpi_crontasklogs` VALUES ('290','17','289','2012-05-18 04:58:38','2','0.0214262','0','Action completed, no processing required');
INSERT INTO `glpi_crontasklogs` VALUES ('291','9','0','2012-05-18 05:03:43','0','0','0','Run mode : GLPI');
INSERT INTO `glpi_crontasklogs` VALUES ('292','9','291','2012-05-18 05:03:43','2','0.0246482','0','Action completed, no processing required');
INSERT INTO `glpi_crontasklogs` VALUES ('293','14','0','2012-05-18 05:08:58','0','0','0','  : GLPI');
INSERT INTO `glpi_crontasklogs` VALUES ('294','14','293','2012-05-18 05:08:58','2','0.0205729','0',' ,   .');
INSERT INTO `glpi_crontasklogs` VALUES ('295','20','0','2012-05-18 05:14:37','0','0','0','Run mode : GLPI');
INSERT INTO `glpi_crontasklogs` VALUES ('296','20','295','2012-05-18 05:14:37','2','0.0216231','0','Action completed, no processing required');
INSERT INTO `glpi_crontasklogs` VALUES ('297','13','0','2012-05-18 05:15:59','0','0','0','Run mode : GLPI');
INSERT INTO `glpi_crontasklogs` VALUES ('298','13','297','2012-05-18 05:15:59','2','0.0213521','0','Action completed, no processing required');
INSERT INTO `glpi_crontasklogs` VALUES ('299','18','0','2012-05-18 05:33:01','0','0','0','  : GLPI');
INSERT INTO `glpi_crontasklogs` VALUES ('300','18','299','2012-05-18 05:33:01','2','0.030997','0',' ,   .');
INSERT INTO `glpi_crontasklogs` VALUES ('301','19','0','2012-05-18 05:34:57','0','0','0','Run mode : GLPI');
INSERT INTO `glpi_crontasklogs` VALUES ('302','19','301','2012-05-18 05:34:57','2','0.0215271','0','Action completed, fully processed');
INSERT INTO `glpi_crontasklogs` VALUES ('303','5','0','2012-05-18 06:32:17','0','0','0','  : GLPI');
INSERT INTO `glpi_crontasklogs` VALUES ('304','5','303','2012-05-18 06:32:17','2','0.022408','0',' ,   .');
INSERT INTO `glpi_crontasklogs` VALUES ('305','17','0','2012-05-18 07:02:33','0','0','0','Run mode : GLPI');
INSERT INTO `glpi_crontasklogs` VALUES ('306','17','305','2012-05-18 07:02:33','2','0.0208249','0','Action completed, no processing required');
INSERT INTO `glpi_crontasklogs` VALUES ('307','9','0','2012-05-24 07:18:30','0','0','0','Run mode : GLPI');
INSERT INTO `glpi_crontasklogs` VALUES ('308','9','307','2012-05-24 07:18:30','2','0.024514','0','Action completed, no processing required');
INSERT INTO `glpi_crontasklogs` VALUES ('309','14','0','2012-05-24 07:19:07','0','0','0','Run mode : GLPI');
INSERT INTO `glpi_crontasklogs` VALUES ('310','14','309','2012-05-24 07:19:07','2','0.0204101','0','Action completed, no processing required');
INSERT INTO `glpi_crontasklogs` VALUES ('311','20','0','2012-05-25 04:08:00','0','0','0','Run mode : GLPI');
INSERT INTO `glpi_crontasklogs` VALUES ('312','20','311','2012-05-25 04:08:00','2','0.020772','0','Action completed, no processing required');
INSERT INTO `glpi_crontasklogs` VALUES ('313','13','0','2012-05-29 07:47:17','0','0','0','Run mode : GLPI');
INSERT INTO `glpi_crontasklogs` VALUES ('314','13','313','2012-05-29 07:47:17','2','0.0210991','0','Action completed, no processing required');
INSERT INTO `glpi_crontasklogs` VALUES ('315','17','0','2012-05-29 07:52:36','0','0','0','Run mode : GLPI');
INSERT INTO `glpi_crontasklogs` VALUES ('316','17','315','2012-05-29 07:52:36','2','0.0210001','0','Action completed, no processing required');
INSERT INTO `glpi_crontasklogs` VALUES ('317','6','0','2012-05-29 07:52:55','0','0','0','Run mode : GLPI');
INSERT INTO `glpi_crontasklogs` VALUES ('318','6','317','2012-05-29 07:52:55','2','0.0204401','0','Action completed, no processing required');
INSERT INTO `glpi_crontasklogs` VALUES ('319','15','0','2012-05-29 07:54:08','0','0','0','Run mode : GLPI');
INSERT INTO `glpi_crontasklogs` VALUES ('320','15','319','2012-05-29 07:54:08','2','0.033865','0','Action completed, no processing required');
INSERT INTO `glpi_crontasklogs` VALUES ('321','16','0','2012-05-29 07:57:51','0','0','0','  : GLPI');
INSERT INTO `glpi_crontasklogs` VALUES ('322','16','321','2012-05-29 07:57:51','2','0.0205288','0',' ,   .');
INSERT INTO `glpi_crontasklogs` VALUES ('323','12','0','2012-05-29 07:58:56','0','0','0','Run mode : GLPI');
INSERT INTO `glpi_crontasklogs` VALUES ('324','12','323','2012-05-29 07:58:56','1','0.0208721','7','Clean 7 session file(s) created since more than 180 seconds
');
INSERT INTO `glpi_crontasklogs` VALUES ('325','12','323','2012-05-29 07:58:56','2','0.022011','7','Action completed, fully processed');
INSERT INTO `glpi_crontasklogs` VALUES ('326','18','0','2012-05-29 08:04:11','0','0','0','  : GLPI');
INSERT INTO `glpi_crontasklogs` VALUES ('327','18','326','2012-05-29 08:04:11','2','0.0311689','0',' ,   .');
INSERT INTO `glpi_crontasklogs` VALUES ('328','19','0','2012-05-29 08:15:49','0','0','0','  : GLPI');
INSERT INTO `glpi_crontasklogs` VALUES ('329','19','328','2012-05-29 08:15:49','2','0.0241029','0',' ,  .');
INSERT INTO `glpi_crontasklogs` VALUES ('330','5','0','2012-05-29 08:20:54','0','0','0','  : GLPI');
INSERT INTO `glpi_crontasklogs` VALUES ('331','5','330','2012-05-29 08:20:54','2','0.0204928','0',' ,   .');
INSERT INTO `glpi_crontasklogs` VALUES ('332','8','0','2012-05-29 08:30:02','0','0','0','  : GLPI');
INSERT INTO `glpi_crontasklogs` VALUES ('333','8','332','2012-05-29 08:30:02','2','0.115885','207',' ,  .');
INSERT INTO `glpi_crontasklogs` VALUES ('334','9','0','2012-05-29 08:36:38','0','0','0','  : GLPI');
INSERT INTO `glpi_crontasklogs` VALUES ('335','9','334','2012-05-29 08:36:38','2','0.022084','0',' ,   .');
INSERT INTO `glpi_crontasklogs` VALUES ('336','14','0','2012-05-29 08:42:04','0','0','0','  : GLPI');
INSERT INTO `glpi_crontasklogs` VALUES ('337','14','336','2012-05-29 08:42:04','2','0.023844','0',' ,   .');
INSERT INTO `glpi_crontasklogs` VALUES ('338','20','0','2012-05-29 08:47:10','0','0','0','  : GLPI');
INSERT INTO `glpi_crontasklogs` VALUES ('339','20','338','2012-05-29 08:47:10','2','0.0336211','0',' ,   .');
INSERT INTO `glpi_crontasklogs` VALUES ('340','17','0','2012-05-29 08:52:38','0','0','0','  : GLPI');
INSERT INTO `glpi_crontasklogs` VALUES ('341','17','340','2012-05-29 08:52:38','2','0.0215051','0',' ,   .');
INSERT INTO `glpi_crontasklogs` VALUES ('342','9','0','2012-05-29 09:02:50','0','0','0','  : GLPI');
INSERT INTO `glpi_crontasklogs` VALUES ('343','9','342','2012-05-29 09:02:50','2','0.0220129','0',' ,   .');
INSERT INTO `glpi_crontasklogs` VALUES ('344','13','0','2012-05-29 09:24:06','0','0','0','  : GLPI');
INSERT INTO `glpi_crontasklogs` VALUES ('345','13','344','2012-05-29 09:24:06','2','0.0203819','0',' ,   .');
INSERT INTO `glpi_crontasklogs` VALUES ('346','17','0','2012-05-29 09:29:07','0','0','0','  : GLPI');
INSERT INTO `glpi_crontasklogs` VALUES ('347','17','346','2012-05-29 09:29:07','2','0.0207689','0',' ,   .');
INSERT INTO `glpi_crontasklogs` VALUES ('348','9','0','2012-05-29 09:34:08','0','0','0','  : GLPI');
INSERT INTO `glpi_crontasklogs` VALUES ('349','9','348','2012-05-29 09:34:08','2','0.02179','0',' ,   .');
INSERT INTO `glpi_crontasklogs` VALUES ('350','17','0','2012-05-29 09:39:19','0','0','0','  : GLPI');
INSERT INTO `glpi_crontasklogs` VALUES ('351','17','350','2012-05-29 09:39:19','2','0.0208771','0',' ,   .');
INSERT INTO `glpi_crontasklogs` VALUES ('352','14','0','2012-05-29 09:44:55','0','0','0','  : GLPI');
INSERT INTO `glpi_crontasklogs` VALUES ('353','14','352','2012-05-29 09:44:55','2','0.0236819','0',' ,   .');
INSERT INTO `glpi_crontasklogs` VALUES ('354','9','0','2012-05-29 09:45:44','0','0','0','Run mode : GLPI');
INSERT INTO `glpi_crontasklogs` VALUES ('355','9','354','2012-05-29 09:45:44','2','0.021852','0','Action completed, no processing required');
INSERT INTO `glpi_crontasklogs` VALUES ('356','17','0','2012-05-29 10:07:05','0','0','0','  : GLPI');
INSERT INTO `glpi_crontasklogs` VALUES ('357','17','356','2012-05-29 10:07:05','2','0.024297','0',' ,   .');
INSERT INTO `glpi_crontasklogs` VALUES ('358','20','0','2012-05-29 10:17:37','0','0','0','  : GLPI');
INSERT INTO `glpi_crontasklogs` VALUES ('359','20','358','2012-05-29 10:17:37','2','0.024529','0',' ,   .');
INSERT INTO `glpi_crontasklogs` VALUES ('360','9','0','2012-05-29 10:23:37','0','0','0','  : GLPI');
INSERT INTO `glpi_crontasklogs` VALUES ('361','9','360','2012-05-29 10:23:37','2','0.0412681','0',' ,   .');
INSERT INTO `glpi_crontasklogs` VALUES ('362','17','0','2012-05-29 10:29:04','0','0','0','  : GLPI');
INSERT INTO `glpi_crontasklogs` VALUES ('363','17','362','2012-05-29 10:29:04','2','0.0245771','0',' ,   .');
INSERT INTO `glpi_crontasklogs` VALUES ('364','13','0','2012-05-29 10:34:14','0','0','0','  : GLPI');
INSERT INTO `glpi_crontasklogs` VALUES ('365','13','364','2012-05-29 10:34:14','2','0.0240042','0',' ,   .');
INSERT INTO `glpi_crontasklogs` VALUES ('366','9','0','2012-05-29 10:39:15','0','0','0','  : GLPI');
INSERT INTO `glpi_crontasklogs` VALUES ('367','9','366','2012-05-29 10:39:15','2','0.025259','0',' ,   .');
INSERT INTO `glpi_crontasklogs` VALUES ('368','17','0','2012-05-29 23:52:41','0','0','0','Run mode : GLPI');
INSERT INTO `glpi_crontasklogs` VALUES ('369','17','368','2012-05-29 23:52:41','2','0.0207391','0','Action completed, no processing required');
INSERT INTO `glpi_crontasklogs` VALUES ('370','14','0','2012-05-30 02:05:21','0','0','0','Run mode : GLPI');
INSERT INTO `glpi_crontasklogs` VALUES ('371','14','370','2012-05-30 02:05:21','2','0.020226','0','Action completed, no processing required');
INSERT INTO `glpi_crontasklogs` VALUES ('372','9','0','2012-05-30 02:10:37','0','0','0','  : GLPI');
INSERT INTO `glpi_crontasklogs` VALUES ('373','9','372','2012-05-30 02:10:37','2','0.0218031','0',' ,   .');
INSERT INTO `glpi_crontasklogs` VALUES ('374','20','0','2012-05-30 02:15:38','0','0','0','  : GLPI');
INSERT INTO `glpi_crontasklogs` VALUES ('375','20','374','2012-05-30 02:15:38','2','0.0243149','0',' ,   .');
INSERT INTO `glpi_crontasklogs` VALUES ('376','13','0','2012-05-30 02:15:38','0','0','0','Run mode : GLPI');
INSERT INTO `glpi_crontasklogs` VALUES ('377','13','376','2012-05-30 02:15:38','2','0.0223649','0','Action completed, no processing required');
INSERT INTO `glpi_crontasklogs` VALUES ('378','15','0','2012-05-30 02:20:45','0','0','0','  : GLPI');
INSERT INTO `glpi_crontasklogs` VALUES ('379','15','378','2012-05-30 02:20:45','2','0.0376861','0',' ,   .');
INSERT INTO `glpi_crontasklogs` VALUES ('380','16','0','2012-05-30 02:21:18','0','0','0','Run mode : GLPI');
INSERT INTO `glpi_crontasklogs` VALUES ('381','16','380','2012-05-30 02:21:18','2','0.0236621','0','Action completed, no processing required');
INSERT INTO `glpi_crontasklogs` VALUES ('382','17','0','2012-05-30 02:23:13','0','0','0','Run mode : GLPI');
INSERT INTO `glpi_crontasklogs` VALUES ('383','17','382','2012-05-30 02:23:13','2','0.024271','0','Action completed, no processing required');
INSERT INTO `glpi_crontasklogs` VALUES ('384','9','0','2012-05-30 02:23:42','0','0','0','Run mode : GLPI');
INSERT INTO `glpi_crontasklogs` VALUES ('385','9','384','2012-05-30 02:23:42','2','0.025281','0','Action completed, no processing required');
INSERT INTO `glpi_crontasklogs` VALUES ('386','17','0','2012-05-30 02:31:42','0','0','0','  : GLPI');
INSERT INTO `glpi_crontasklogs` VALUES ('387','17','386','2012-05-30 02:31:42','2','0.0232739','0',' ,   .');
INSERT INTO `glpi_crontasklogs` VALUES ('388','9','0','2012-05-30 03:06:59','0','0','0','  : GLPI');
INSERT INTO `glpi_crontasklogs` VALUES ('389','9','388','2012-05-30 03:06:59','2','0.0226049','0',' ,   .');
INSERT INTO `glpi_crontasklogs` VALUES ('390','17','0','2012-05-30 04:10:42','0','0','0','  : GLPI');
INSERT INTO `glpi_crontasklogs` VALUES ('391','17','390','2012-05-30 04:10:42','2','0.02072','0',' ,   .');
INSERT INTO `glpi_crontasklogs` VALUES ('392','14','0','2012-05-30 04:22:54','0','0','0','  : GLPI');
INSERT INTO `glpi_crontasklogs` VALUES ('393','14','392','2012-05-30 04:22:54','2','0.0238142','0',' ,   .');
INSERT INTO `glpi_crontasklogs` VALUES ('394','20','0','2012-05-30 04:28:54','0','0','0','Run mode : GLPI');
INSERT INTO `glpi_crontasklogs` VALUES ('395','20','394','2012-05-30 04:28:54','2','0.0211871','0','Action completed, no processing required');
INSERT INTO `glpi_crontasklogs` VALUES ('396','13','0','2012-05-30 04:36:56','0','0','0','  : GLPI');
INSERT INTO `glpi_crontasklogs` VALUES ('397','13','396','2012-05-30 04:36:56','2','0.0239921','0',' ,   .');
INSERT INTO `glpi_crontasklogs` VALUES ('398','9','0','2012-05-30 04:51:47','0','0','0','  : GLPI');
INSERT INTO `glpi_crontasklogs` VALUES ('399','9','398','2012-05-30 04:51:47','2','0.025342','0',' ,   .');
INSERT INTO `glpi_crontasklogs` VALUES ('400','17','0','2012-05-30 05:00:39','0','0','0','  : GLPI');
INSERT INTO `glpi_crontasklogs` VALUES ('401','17','400','2012-05-30 05:00:39','2','0.0207078','0',' ,   .');
INSERT INTO `glpi_crontasklogs` VALUES ('402','9','0','2012-05-30 05:05:46','0','0','0','  : GLPI');
INSERT INTO `glpi_crontasklogs` VALUES ('403','9','402','2012-05-30 05:05:46','2','0.0251079','0',' ,   .');
INSERT INTO `glpi_crontasklogs` VALUES ('404','17','0','2012-05-30 05:12:38','0','0','0','  : GLPI');
INSERT INTO `glpi_crontasklogs` VALUES ('405','17','404','2012-05-30 05:12:38','2','0.0242341','0',' ,   .');
INSERT INTO `glpi_crontasklogs` VALUES ('406','9','0','2012-05-30 05:16:16','0','0','0','Run mode : GLPI');
INSERT INTO `glpi_crontasklogs` VALUES ('407','9','406','2012-05-30 05:16:16','2','0.0253351','0','Action completed, no processing required');
INSERT INTO `glpi_crontasklogs` VALUES ('408','17','0','2012-05-30 05:17:54','0','0','0','  : GLPI');
INSERT INTO `glpi_crontasklogs` VALUES ('409','17','408','2012-05-30 05:17:54','2','0.0244009','0',' ,   .');
INSERT INTO `glpi_crontasklogs` VALUES ('410','14','0','2012-05-30 05:25:53','0','0','0','  : GLPI');
INSERT INTO `glpi_crontasklogs` VALUES ('411','14','410','2012-05-30 05:25:53','2','0.0236681','0',' ,   .');
INSERT INTO `glpi_crontasklogs` VALUES ('412','17','0','2012-05-30 05:37:20','0','0','0','  : GLPI');
INSERT INTO `glpi_crontasklogs` VALUES ('413','17','412','2012-05-30 05:37:20','2','0.021435','0',' ,   .');
INSERT INTO `glpi_crontasklogs` VALUES ('414','9','0','2012-05-30 05:43:16','0','0','0','  : GLPI');
INSERT INTO `glpi_crontasklogs` VALUES ('415','9','414','2012-05-30 05:43:16','2','0.0252562','0',' ,   .');
INSERT INTO `glpi_crontasklogs` VALUES ('416','20','0','2012-05-30 05:51:25','0','0','0','  : GLPI');
INSERT INTO `glpi_crontasklogs` VALUES ('417','20','416','2012-05-30 05:51:25','2','0.024369','0',' ,   .');
INSERT INTO `glpi_crontasklogs` VALUES ('418','13','0','2012-05-30 05:54:29','0','0','0','Run mode : GLPI');
INSERT INTO `glpi_crontasklogs` VALUES ('419','13','418','2012-05-30 05:54:29','2','0.0237319','0','Action completed, no processing required');
INSERT INTO `glpi_crontasklogs` VALUES ('420','17','0','2012-05-30 06:09:14','0','0','0','Run mode : GLPI');
INSERT INTO `glpi_crontasklogs` VALUES ('421','17','420','2012-05-30 06:09:14','2','0.020705','0','Action completed, no processing required');
INSERT INTO `glpi_crontasklogs` VALUES ('422','9','0','2012-05-30 06:09:35','0','0','0','  : GLPI');
INSERT INTO `glpi_crontasklogs` VALUES ('423','9','422','2012-05-30 06:09:35','2','0.021867','0',' ,   .');
INSERT INTO `glpi_crontasklogs` VALUES ('424','17','0','2012-05-30 06:14:15','0','0','0','Run mode : GLPI');
INSERT INTO `glpi_crontasklogs` VALUES ('425','17','424','2012-05-30 06:14:15','2','0.0240471','0','Action completed, no processing required');
INSERT INTO `glpi_crontasklogs` VALUES ('426','17','0','2012-05-30 06:21:03','0','0','0','  : GLPI');
INSERT INTO `glpi_crontasklogs` VALUES ('427','17','426','2012-05-30 06:21:03','2','0.0207438','0',' ,   .');
INSERT INTO `glpi_crontasklogs` VALUES ('428','9','0','2012-05-30 06:22:47','0','0','0','Run mode : GLPI');
INSERT INTO `glpi_crontasklogs` VALUES ('429','9','428','2012-05-30 06:22:47','2','0.0228319','0','Action completed, no processing required');
INSERT INTO `glpi_crontasklogs` VALUES ('430','14','0','2012-05-30 06:50:02','0','0','0','Run mode : GLPI');
INSERT INTO `glpi_crontasklogs` VALUES ('431','14','430','2012-05-30 06:50:02','2','0.023705','0','Action completed, no processing required');
INSERT INTO `glpi_crontasklogs` VALUES ('432','17','0','2012-05-30 06:58:12','0','0','0','  : GLPI');
INSERT INTO `glpi_crontasklogs` VALUES ('433','17','432','2012-05-30 06:58:12','2','0.024003','0',' ,   .');
INSERT INTO `glpi_crontasklogs` VALUES ('434','9','0','2012-05-30 07:04:58','0','0','0','  : GLPI');
INSERT INTO `glpi_crontasklogs` VALUES ('435','9','434','2012-05-30 07:04:58','2','0.025131','0',' ,   .');
INSERT INTO `glpi_crontasklogs` VALUES ('436','20','0','2012-05-30 07:10:00','0','0','0','  : GLPI');
INSERT INTO `glpi_crontasklogs` VALUES ('437','20','436','2012-05-30 07:10:00','2','0.0240431','0',' ,   .');
INSERT INTO `glpi_crontasklogs` VALUES ('438','13','0','2012-05-30 07:15:09','0','0','0','  : GLPI');
INSERT INTO `glpi_crontasklogs` VALUES ('439','13','438','2012-05-30 07:15:09','2','0.0236959','0',' ,   .');
INSERT INTO `glpi_crontasklogs` VALUES ('440','17','0','2012-05-30 07:20:01','0','0','0','Run mode : GLPI');
INSERT INTO `glpi_crontasklogs` VALUES ('441','17','440','2012-05-30 07:20:01','2','0.024121','0','Action completed, no processing required');
INSERT INTO `glpi_crontasklogs` VALUES ('442','9','0','2012-05-30 07:20:08','0','0','0','Run mode : GLPI');
INSERT INTO `glpi_crontasklogs` VALUES ('443','9','442','2012-05-30 07:20:08','2','0.025517','0','Action completed, no processing required');
INSERT INTO `glpi_crontasklogs` VALUES ('444','17','0','2012-05-30 07:25:39','0','0','0','  : GLPI');
INSERT INTO `glpi_crontasklogs` VALUES ('445','17','444','2012-05-30 07:25:39','2','0.024399','0',' ,   .');
INSERT INTO `glpi_crontasklogs` VALUES ('446','9','0','2012-05-30 07:31:01','0','0','0','  : GLPI');
INSERT INTO `glpi_crontasklogs` VALUES ('447','9','446','2012-05-30 07:31:01','2','0.0254409','0',' ,   .');
INSERT INTO `glpi_crontasklogs` VALUES ('448','17','0','2012-05-30 07:32:22','0','0','0','Run mode : GLPI');
INSERT INTO `glpi_crontasklogs` VALUES ('449','17','448','2012-05-30 07:32:22','2','0.0247028','0','Action completed, no processing required');
INSERT INTO `glpi_crontasklogs` VALUES ('450','17','0','2012-05-30 07:41:28','0','0','0','  : GLPI');
INSERT INTO `glpi_crontasklogs` VALUES ('451','17','450','2012-05-30 07:41:28','2','0.024472','0',' ,   .');
INSERT INTO `glpi_crontasklogs` VALUES ('452','9','0','2012-05-30 07:47:35','0','0','0','  : GLPI');
INSERT INTO `glpi_crontasklogs` VALUES ('453','9','452','2012-05-30 07:47:35','2','0.0216839','0',' ,   .');
INSERT INTO `glpi_crontasklogs` VALUES ('454','17','0','2012-05-30 07:52:51','0','0','0','  : GLPI');
INSERT INTO `glpi_crontasklogs` VALUES ('455','17','454','2012-05-30 07:52:51','2','0.0238881','0',' ,   .');
INSERT INTO `glpi_crontasklogs` VALUES ('456','14','0','2012-05-30 07:57:56','0','0','0','  : GLPI');
INSERT INTO `glpi_crontasklogs` VALUES ('457','14','456','2012-05-30 07:57:56','2','0.024035','0',' ,   .');
INSERT INTO `glpi_crontasklogs` VALUES ('458','6','0','2012-05-30 08:03:03','0','0','0','  : GLPI');
INSERT INTO `glpi_crontasklogs` VALUES ('459','6','458','2012-05-30 08:03:03','2','0.0238609','0',' ,   .');
INSERT INTO `glpi_crontasklogs` VALUES ('460','9','0','2012-05-30 08:08:22','0','0','0','  : GLPI');
INSERT INTO `glpi_crontasklogs` VALUES ('461','9','460','2012-05-30 08:08:22','2','0.0241289','0',' ,   .');
INSERT INTO `glpi_crontasklogs` VALUES ('462','17','0','2012-05-30 08:13:46','0','0','0','  : GLPI');
INSERT INTO `glpi_crontasklogs` VALUES ('463','17','462','2012-05-30 08:13:46','2','0.0243621','0',' ,   .');
INSERT INTO `glpi_crontasklogs` VALUES ('464','12','0','2012-05-30 08:19:06','0','0','0','  : GLPI');
INSERT INTO `glpi_crontasklogs` VALUES ('465','12','464','2012-05-30 08:19:06','1','0.0237641','2','Clean 2 session file(s) created since more than 180 seconds
');
INSERT INTO `glpi_crontasklogs` VALUES ('466','12','464','2012-05-30 08:19:06','2','0.0248852','2',' ,  .');
INSERT INTO `glpi_crontasklogs` VALUES ('467','18','0','2012-05-30 08:24:52','0','0','0','  : GLPI');
INSERT INTO `glpi_crontasklogs` VALUES ('468','18','467','2012-05-30 08:24:52','2','0.0266612','0',' ,   .');
INSERT INTO `glpi_crontasklogs` VALUES ('469','20','0','2012-05-30 08:29:56','0','0','0','  : GLPI');
INSERT INTO `glpi_crontasklogs` VALUES ('470','20','469','2012-05-30 08:29:56','2','0.02439','0',' ,   .');
INSERT INTO `glpi_crontasklogs` VALUES ('471','13','0','2012-05-30 08:36:14','0','0','0','  : GLPI');
INSERT INTO `glpi_crontasklogs` VALUES ('472','13','471','2012-05-30 08:36:14','2','0.0227339','0',' ,   .');
INSERT INTO `glpi_crontasklogs` VALUES ('473','19','0','2012-05-30 08:41:23','0','0','0','  : GLPI');
INSERT INTO `glpi_crontasklogs` VALUES ('474','19','473','2012-05-30 08:41:23','2','0.0209541','0',' ,  .');
INSERT INTO `glpi_crontasklogs` VALUES ('475','9','0','2012-05-30 08:46:25','0','0','0','  : GLPI');
INSERT INTO `glpi_crontasklogs` VALUES ('476','9','475','2012-05-30 08:46:25','2','0.025224','0',' ,   .');
INSERT INTO `glpi_crontasklogs` VALUES ('477','17','0','2012-05-30 08:51:30','0','0','0','  : GLPI');
INSERT INTO `glpi_crontasklogs` VALUES ('478','17','477','2012-05-30 08:51:30','2','0.024245','0',' ,   .');
INSERT INTO `glpi_crontasklogs` VALUES ('479','5','0','2012-05-30 08:57:52','0','0','0','  : GLPI');
INSERT INTO `glpi_crontasklogs` VALUES ('480','5','479','2012-05-30 08:57:52','2','0.0237319','0',' ,   .');
INSERT INTO `glpi_crontasklogs` VALUES ('481','9','0','2012-05-30 09:02:53','0','0','0','  : GLPI');
INSERT INTO `glpi_crontasklogs` VALUES ('482','9','481','2012-05-30 09:02:53','2','0.0255911','0',' ,   .');
INSERT INTO `glpi_crontasklogs` VALUES ('483','17','0','2012-05-30 09:09:21','0','0','0','  : GLPI');
INSERT INTO `glpi_crontasklogs` VALUES ('484','17','483','2012-05-30 09:09:21','2','0.0238299','0',' ,   .');
INSERT INTO `glpi_crontasklogs` VALUES ('485','14','0','2012-05-30 09:14:45','0','0','0','  : GLPI');
INSERT INTO `glpi_crontasklogs` VALUES ('486','14','485','2012-05-30 09:14:45','2','0.0235631','0',' ,   .');
INSERT INTO `glpi_crontasklogs` VALUES ('487','9','0','2012-05-30 09:20:46','0','0','0','  : GLPI');
INSERT INTO `glpi_crontasklogs` VALUES ('488','9','487','2012-05-30 09:20:46','2','0.0247099','0',' ,   .');
INSERT INTO `glpi_crontasklogs` VALUES ('489','17','0','2012-05-30 09:26:13','0','0','0','  : GLPI');
INSERT INTO `glpi_crontasklogs` VALUES ('490','17','489','2012-05-30 09:26:13','2','0.024102','0',' ,   .');
INSERT INTO `glpi_crontasklogs` VALUES ('491','20','0','2012-05-30 09:31:41','0','0','0','  : GLPI');
INSERT INTO `glpi_crontasklogs` VALUES ('492','20','491','2012-05-30 09:31:41','2','0.022563','0',' ,   .');
INSERT INTO `glpi_crontasklogs` VALUES ('493','9','0','2012-05-30 09:36:44','0','0','0','  : GLPI');
INSERT INTO `glpi_crontasklogs` VALUES ('494','9','493','2012-05-30 09:36:44','2','0.0253088','0',' ,   .');
INSERT INTO `glpi_crontasklogs` VALUES ('495','17','0','2012-05-30 09:42:14','0','0','0','  : GLPI');
INSERT INTO `glpi_crontasklogs` VALUES ('496','17','495','2012-05-30 09:42:14','2','0.0238972','0',' ,   .');
INSERT INTO `glpi_crontasklogs` VALUES ('497','13','0','2012-05-30 09:47:24','0','0','0','  : GLPI');
INSERT INTO `glpi_crontasklogs` VALUES ('498','13','497','2012-05-30 09:47:24','2','0.0238819','0',' ,   .');
INSERT INTO `glpi_crontasklogs` VALUES ('499','9','0','2012-05-30 09:52:40','0','0','0','  : GLPI');
INSERT INTO `glpi_crontasklogs` VALUES ('500','9','499','2012-05-30 09:52:40','2','0.0263081','0',' ,   .');
INSERT INTO `glpi_crontasklogs` VALUES ('501','17','0','2012-05-30 09:58:08','0','0','0','  : GLPI');
INSERT INTO `glpi_crontasklogs` VALUES ('502','17','501','2012-05-30 09:58:08','2','0.023617','0',' ,   .');
INSERT INTO `glpi_crontasklogs` VALUES ('503','9','0','2012-05-30 10:03:40','0','0','0','  : GLPI');
INSERT INTO `glpi_crontasklogs` VALUES ('504','9','503','2012-05-30 10:03:40','2','0.0251589','0',' ,   .');
INSERT INTO `glpi_crontasklogs` VALUES ('505','17','0','2012-05-30 10:08:45','0','0','0','  : GLPI');
INSERT INTO `glpi_crontasklogs` VALUES ('506','17','505','2012-05-30 10:08:45','2','0.0241411','0',' ,   .');
INSERT INTO `glpi_crontasklogs` VALUES ('507','9','0','2012-05-30 10:14:06','0','0','0','  : GLPI');
INSERT INTO `glpi_crontasklogs` VALUES ('508','9','507','2012-05-30 10:14:06','2','0.0220332','0',' ,   .');
INSERT INTO `glpi_crontasklogs` VALUES ('509','17','0','2012-05-31 02:10:33','0','0','0','  : GLPI');
INSERT INTO `glpi_crontasklogs` VALUES ('510','17','509','2012-05-31 02:10:33','2','0.0240111','0',' ,   .');
INSERT INTO `glpi_crontasklogs` VALUES ('511','14','0','2012-05-31 02:15:45','0','0','0','  : GLPI');
INSERT INTO `glpi_crontasklogs` VALUES ('512','14','511','2012-05-31 02:15:45','2','0.02387','0',' ,   .');
INSERT INTO `glpi_crontasklogs` VALUES ('513','9','0','2012-05-31 02:20:49','0','0','0','  : GLPI');
INSERT INTO `glpi_crontasklogs` VALUES ('514','9','513','2012-05-31 02:20:49','2','0.02525','0',' ,   .');
INSERT INTO `glpi_crontasklogs` VALUES ('515','20','0','2012-05-31 02:25:31','0','0','0','Run mode : GLPI');
INSERT INTO `glpi_crontasklogs` VALUES ('516','20','515','2012-05-31 02:25:31','2','0.0236928','0','Action completed, no processing required');
INSERT INTO `glpi_crontasklogs` VALUES ('517','13','0','2012-05-31 02:26:07','0','0','0','  : GLPI');
INSERT INTO `glpi_crontasklogs` VALUES ('518','13','517','2012-05-31 02:26:07','2','0.0239971','0',' ,   .');
INSERT INTO `glpi_crontasklogs` VALUES ('519','15','0','2012-05-31 02:31:56','0','0','0','  : GLPI');
INSERT INTO `glpi_crontasklogs` VALUES ('520','15','519','2012-05-31 02:31:56','2','0.0378931','0',' ,   .');
INSERT INTO `glpi_crontasklogs` VALUES ('521','16','0','2012-05-31 02:36:57','0','0','0','  : GLPI');
INSERT INTO `glpi_crontasklogs` VALUES ('522','16','521','2012-05-31 02:36:57','2','0.020313','0',' ,   .');
INSERT INTO `glpi_crontasklogs` VALUES ('523','17','0','2012-05-31 02:42:02','0','0','0','  : GLPI');
INSERT INTO `glpi_crontasklogs` VALUES ('524','17','523','2012-05-31 02:42:02','2','0.0244701','0',' ,   .');
INSERT INTO `glpi_crontasklogs` VALUES ('525','9','0','2012-05-31 02:47:45','0','0','0','  : GLPI');
INSERT INTO `glpi_crontasklogs` VALUES ('526','9','525','2012-05-31 02:47:45','2','0.0251551','0',' ,   .');
INSERT INTO `glpi_crontasklogs` VALUES ('527','17','0','2012-05-31 02:53:55','0','0','0','  : GLPI');
INSERT INTO `glpi_crontasklogs` VALUES ('528','17','527','2012-05-31 02:53:55','2','0.023998','0',' ,   .');
INSERT INTO `glpi_crontasklogs` VALUES ('529','9','0','2012-05-31 02:59:51','0','0','0','  : GLPI');
INSERT INTO `glpi_crontasklogs` VALUES ('530','9','529','2012-05-31 02:59:51','2','0.0253429','0',' ,   .');
INSERT INTO `glpi_crontasklogs` VALUES ('531','17','0','2012-05-31 03:05:49','0','0','0','  : GLPI');
INSERT INTO `glpi_crontasklogs` VALUES ('532','17','531','2012-05-31 03:05:49','2','0.0240459','0',' ,   .');
INSERT INTO `glpi_crontasklogs` VALUES ('533','9','0','2012-05-31 03:10:57','0','0','0','  : GLPI');
INSERT INTO `glpi_crontasklogs` VALUES ('534','9','533','2012-05-31 03:10:57','2','0.0219119','0',' ,   .');
INSERT INTO `glpi_crontasklogs` VALUES ('535','17','0','2012-05-31 03:16:05','0','0','0','  : GLPI');
INSERT INTO `glpi_crontasklogs` VALUES ('536','17','535','2012-05-31 03:16:05','2','0.0240979','0',' ,   .');
INSERT INTO `glpi_crontasklogs` VALUES ('537','14','0','2012-05-31 03:21:09','0','0','0','  : GLPI');
INSERT INTO `glpi_crontasklogs` VALUES ('538','14','537','2012-05-31 03:21:09','2','0.023613','0',' ,   .');
INSERT INTO `glpi_crontasklogs` VALUES ('539','9','0','2012-05-31 03:26:09','0','0','0','  : GLPI');
INSERT INTO `glpi_crontasklogs` VALUES ('540','9','539','2012-05-31 03:26:09','2','0.021858','0',' ,   .');
INSERT INTO `glpi_crontasklogs` VALUES ('541','17','0','2012-05-31 03:31:25','0','0','0','  : GLPI');
INSERT INTO `glpi_crontasklogs` VALUES ('542','17','541','2012-05-31 03:31:25','2','0.024157','0',' ,   .');
INSERT INTO `glpi_crontasklogs` VALUES ('543','20','0','2012-05-31 03:36:29','0','0','0','  : GLPI');
INSERT INTO `glpi_crontasklogs` VALUES ('544','20','543','2012-05-31 03:36:29','2','0.0241871','0',' ,   .');
INSERT INTO `glpi_crontasklogs` VALUES ('545','13','0','2012-05-31 03:42:21','0','0','0','  : GLPI');
INSERT INTO `glpi_crontasklogs` VALUES ('546','13','545','2012-05-31 03:42:21','2','0.023766','0',' ,   .');
INSERT INTO `glpi_crontasklogs` VALUES ('547','9','0','2012-05-31 03:48:10','0','0','0','  : GLPI');
INSERT INTO `glpi_crontasklogs` VALUES ('548','9','547','2012-05-31 03:48:10','2','0.0251939','0',' ,   .');
INSERT INTO `glpi_crontasklogs` VALUES ('549','17','0','2012-05-31 03:53:54','0','0','0','  : GLPI');
INSERT INTO `glpi_crontasklogs` VALUES ('550','17','549','2012-05-31 03:53:54','2','0.0238559','0',' ,   .');
INSERT INTO `glpi_crontasklogs` VALUES ('551','9','0','2012-05-31 03:59:36','0','0','0','  : GLPI');
INSERT INTO `glpi_crontasklogs` VALUES ('552','9','551','2012-05-31 03:59:36','2','0.0246351','0',' ,   .');
INSERT INTO `glpi_crontasklogs` VALUES ('553','17','0','2012-05-31 04:04:38','0','0','0','  : GLPI');
INSERT INTO `glpi_crontasklogs` VALUES ('554','17','553','2012-05-31 04:04:38','2','0.025569','0',' ,   .');
INSERT INTO `glpi_crontasklogs` VALUES ('555','9','0','2012-05-31 04:09:42','0','0','0','  : GLPI');
INSERT INTO `glpi_crontasklogs` VALUES ('556','9','555','2012-05-31 04:09:42','2','0.025212','0',' ,   .');
INSERT INTO `glpi_crontasklogs` VALUES ('557','17','0','2012-05-31 04:14:47','0','0','0','  : GLPI');
INSERT INTO `glpi_crontasklogs` VALUES ('558','17','557','2012-05-31 04:14:47','2','0.024018','0',' ,   .');
INSERT INTO `glpi_crontasklogs` VALUES ('559','9','0','2012-05-31 04:22:25','0','0','0','  : GLPI');
INSERT INTO `glpi_crontasklogs` VALUES ('560','9','559','2012-05-31 04:22:25','2','0.025244','0',' ,   .');
INSERT INTO `glpi_crontasklogs` VALUES ('561','17','0','2012-05-31 04:27:31','0','0','0','  : GLPI');
INSERT INTO `glpi_crontasklogs` VALUES ('562','17','561','2012-05-31 04:27:31','2','0.022536','0',' ,   .');
INSERT INTO `glpi_crontasklogs` VALUES ('563','14','0','2012-05-31 04:32:48','0','0','0','  : GLPI');
INSERT INTO `glpi_crontasklogs` VALUES ('564','14','563','2012-05-31 04:32:48','2','0.023586','0',' ,   .');
INSERT INTO `glpi_crontasklogs` VALUES ('565','9','0','2012-05-31 04:40:08','0','0','0','  : GLPI');
INSERT INTO `glpi_crontasklogs` VALUES ('566','9','565','2012-05-31 04:40:08','2','0.021898','0',' ,   .');
INSERT INTO `glpi_crontasklogs` VALUES ('567','17','0','2012-05-31 04:45:08','0','0','0','  : GLPI');
INSERT INTO `glpi_crontasklogs` VALUES ('568','17','567','2012-05-31 04:45:08','2','0.0239909','0',' ,   .');
INSERT INTO `glpi_crontasklogs` VALUES ('569','20','0','2012-05-31 04:50:50','0','0','0','  : GLPI');
INSERT INTO `glpi_crontasklogs` VALUES ('570','20','569','2012-05-31 04:50:50','2','0.0242481','0',' ,   .');
INSERT INTO `glpi_crontasklogs` VALUES ('571','13','0','2012-05-31 04:55:51','0','0','0','  : GLPI');
INSERT INTO `glpi_crontasklogs` VALUES ('572','13','571','2012-05-31 04:55:51','2','0.0226591','0',' ,   .');
INSERT INTO `glpi_crontasklogs` VALUES ('573','9','0','2012-05-31 05:01:20','0','0','0','  : GLPI');
INSERT INTO `glpi_crontasklogs` VALUES ('574','9','573','2012-05-31 05:01:20','2','0.0254772','0',' ,   .');
INSERT INTO `glpi_crontasklogs` VALUES ('575','17','0','2012-05-31 05:07:14','0','0','0','  : GLPI');
INSERT INTO `glpi_crontasklogs` VALUES ('576','17','575','2012-05-31 05:07:14','2','0.0240099','0',' ,   .');
INSERT INTO `glpi_crontasklogs` VALUES ('577','9','0','2012-05-31 05:12:40','0','0','0','  : GLPI');
INSERT INTO `glpi_crontasklogs` VALUES ('578','9','577','2012-05-31 05:12:40','2','0.024977','0',' ,   .');
INSERT INTO `glpi_crontasklogs` VALUES ('579','17','0','2012-05-31 05:19:53','0','0','0','  : GLPI');
INSERT INTO `glpi_crontasklogs` VALUES ('580','17','579','2012-05-31 05:19:53','2','0.020947','0',' ,   .');
INSERT INTO `glpi_crontasklogs` VALUES ('581','9','0','2012-05-31 05:27:07','0','0','0','  : GLPI');
INSERT INTO `glpi_crontasklogs` VALUES ('582','9','581','2012-05-31 05:27:07','2','0.0263381','0',' ,   .');
INSERT INTO `glpi_crontasklogs` VALUES ('583','17','0','2012-05-31 05:32:23','0','0','0','  : GLPI');
INSERT INTO `glpi_crontasklogs` VALUES ('584','17','583','2012-05-31 05:32:23','2','0.0242751','0',' ,   .');
INSERT INTO `glpi_crontasklogs` VALUES ('585','14','0','2012-05-31 05:37:25','0','0','0','  : GLPI');
INSERT INTO `glpi_crontasklogs` VALUES ('586','14','585','2012-05-31 05:37:25','2','0.023633','0',' ,   .');
INSERT INTO `glpi_crontasklogs` VALUES ('587','9','0','2012-05-31 05:42:38','0','0','0','  : GLPI');
INSERT INTO `glpi_crontasklogs` VALUES ('588','9','587','2012-05-31 05:42:38','2','0.0250208','0',' ,   .');
INSERT INTO `glpi_crontasklogs` VALUES ('589','17','0','2012-05-31 05:47:46','0','0','0','  : GLPI');
INSERT INTO `glpi_crontasklogs` VALUES ('590','17','589','2012-05-31 05:47:46','2','0.023335','0',' ,   .');
INSERT INTO `glpi_crontasklogs` VALUES ('591','20','0','2012-05-31 05:58:46','0','0','0','  : GLPI');
INSERT INTO `glpi_crontasklogs` VALUES ('592','20','591','2012-05-31 05:58:46','2','0.0243249','0',' ,   .');
INSERT INTO `glpi_crontasklogs` VALUES ('593','9','0','2012-05-31 06:05:57','0','0','0','Run mode : GLPI');
INSERT INTO `glpi_crontasklogs` VALUES ('594','9','593','2012-05-31 06:05:57','2','0.0252419','0','Action completed, no processing required');
INSERT INTO `glpi_crontasklogs` VALUES ('595','17','0','2012-05-31 06:10:38','0','0','0','  : GLPI');
INSERT INTO `glpi_crontasklogs` VALUES ('596','17','595','2012-05-31 06:10:38','2','0.0239799','0',' ,   .');
INSERT INTO `glpi_crontasklogs` VALUES ('597','13','0','2012-05-31 06:27:01','0','0','0','Run mode : GLPI');
INSERT INTO `glpi_crontasklogs` VALUES ('598','13','597','2012-05-31 06:27:01','2','0.020478','0','Action completed, no processing required');
INSERT INTO `glpi_crontasklogs` VALUES ('599','17','0','2012-05-31 06:27:43','0','0','0','  : GLPI');
INSERT INTO `glpi_crontasklogs` VALUES ('600','17','599','2012-05-31 06:27:43','2','0.0208571','0',' ,   .');
INSERT INTO `glpi_crontasklogs` VALUES ('601','9','0','2012-05-31 06:54:53','0','0','0','Run mode : GLPI');
INSERT INTO `glpi_crontasklogs` VALUES ('602','9','601','2012-05-31 06:54:53','2','0.0223269','0','Action completed, no processing required');
INSERT INTO `glpi_crontasklogs` VALUES ('603','17','0','2012-05-31 06:56:30','0','0','0','  : GLPI');
INSERT INTO `glpi_crontasklogs` VALUES ('604','17','603','2012-05-31 06:56:30','2','0.023926','0',' ,   .');
INSERT INTO `glpi_crontasklogs` VALUES ('605','14','0','2012-05-31 07:00:59','0','0','0','Run mode : GLPI');
INSERT INTO `glpi_crontasklogs` VALUES ('606','14','605','2012-05-31 07:00:59','2','0.0204511','0','Action completed, no processing required');
INSERT INTO `glpi_crontasklogs` VALUES ('607','20','0','2012-05-31 07:01:54','0','0','0','  : GLPI');
INSERT INTO `glpi_crontasklogs` VALUES ('608','20','607','2012-05-31 07:01:54','2','0.0222518','0',' ,   .');
INSERT INTO `glpi_crontasklogs` VALUES ('609','17','0','2012-05-31 07:08:07','0','0','0','Run mode : GLPI');
INSERT INTO `glpi_crontasklogs` VALUES ('610','17','609','2012-05-31 07:08:07','2','0.023838','0','Action completed, no processing required');
INSERT INTO `glpi_crontasklogs` VALUES ('611','9','0','2012-05-31 07:17:45','0','0','0','Run mode : GLPI');
INSERT INTO `glpi_crontasklogs` VALUES ('612','9','611','2012-05-31 07:17:45','2','0.0255401','0','Action completed, no processing required');
INSERT INTO `glpi_crontasklogs` VALUES ('613','17','0','2012-05-31 07:26:53','0','0','0','Run mode : GLPI');
INSERT INTO `glpi_crontasklogs` VALUES ('614','17','613','2012-05-31 07:26:53','2','0.0239379','0','Action completed, no processing required');
INSERT INTO `glpi_crontasklogs` VALUES ('615','13','0','2012-05-31 07:28:07','0','0','0','  : GLPI');
INSERT INTO `glpi_crontasklogs` VALUES ('616','13','615','2012-05-31 07:28:07','2','0.020756','0',' ,   .');
INSERT INTO `glpi_crontasklogs` VALUES ('617','9','0','2012-05-31 07:40:05','0','0','0','  : GLPI');
INSERT INTO `glpi_crontasklogs` VALUES ('618','9','617','2012-05-31 07:40:05','2','0.021904','0',' ,   .');
INSERT INTO `glpi_crontasklogs` VALUES ('619','17','0','2012-05-31 07:56:49','0','0','0','  : GLPI');
INSERT INTO `glpi_crontasklogs` VALUES ('620','17','619','2012-05-31 07:56:49','2','0.0241101','0',' ,   .');
INSERT INTO `glpi_crontasklogs` VALUES ('621','9','0','2012-05-31 08:33:35','0','0','0','  : GLPI');
INSERT INTO `glpi_crontasklogs` VALUES ('622','9','621','2012-05-31 08:33:35','2','0.0256679','0',' ,   .');
INSERT INTO `glpi_crontasklogs` VALUES ('623','14','0','2012-05-31 09:11:52','0','0','0','Run mode : GLPI');
INSERT INTO `glpi_crontasklogs` VALUES ('624','14','623','2012-05-31 09:11:52','2','0.023679','0','Action completed, no processing required');
INSERT INTO `glpi_crontasklogs` VALUES ('625','17','0','2012-05-31 09:17:23','0','0','0','  : GLPI');
INSERT INTO `glpi_crontasklogs` VALUES ('626','17','625','2012-05-31 09:17:23','2','0.023917','0',' ,   .');
INSERT INTO `glpi_crontasklogs` VALUES ('627','20','0','2012-05-31 09:26:34','0','0','0','  : GLPI');
INSERT INTO `glpi_crontasklogs` VALUES ('628','20','627','2012-05-31 09:26:34','2','0.025157','0',' ,   .');
INSERT INTO `glpi_crontasklogs` VALUES ('629','6','0','2012-05-31 09:27:14','0','0','0','  : GLPI');
INSERT INTO `glpi_crontasklogs` VALUES ('630','6','629','2012-05-31 09:27:14','2','0.023633','0',' ,   .');
INSERT INTO `glpi_crontasklogs` VALUES ('631','12','0','2012-05-31 09:27:16','0','0','0','  : GLPI');
INSERT INTO `glpi_crontasklogs` VALUES ('632','12','631','2012-05-31 09:27:16','1','0.02074','2','Clean 2 session file(s) created since more than 180 seconds
');
INSERT INTO `glpi_crontasklogs` VALUES ('633','12','631','2012-05-31 09:27:16','2','0.0218852','2',' ,  .');
INSERT INTO `glpi_crontasklogs` VALUES ('634','18','0','2012-05-31 09:27:43','0','0','0','  : GLPI');
INSERT INTO `glpi_crontasklogs` VALUES ('635','18','634','2012-05-31 09:27:43','2','0.0264802','0',' ,   .');
INSERT INTO `glpi_crontasklogs` VALUES ('636','13','0','2012-05-31 09:33:02','0','0','0','  : GLPI');
INSERT INTO `glpi_crontasklogs` VALUES ('637','13','636','2012-05-31 09:33:02','2','0.023926','0',' ,   .');
INSERT INTO `glpi_crontasklogs` VALUES ('638','19','0','2012-05-31 09:38:18','0','0','0','Run mode : GLPI');
INSERT INTO `glpi_crontasklogs` VALUES ('639','19','638','2012-05-31 09:38:18','2','0.0207911','0','Action completed, fully processed');
INSERT INTO `glpi_crontasklogs` VALUES ('640','9','0','2012-05-31 09:42:07','0','0','0','Run mode : GLPI');
INSERT INTO `glpi_crontasklogs` VALUES ('641','9','640','2012-05-31 09:42:07','2','0.0253811','0','Action completed, no processing required');
INSERT INTO `glpi_crontasklogs` VALUES ('642','5','0','2012-05-31 09:49:10','0','0','0','  : GLPI');
INSERT INTO `glpi_crontasklogs` VALUES ('643','5','642','2012-05-31 09:49:10','2','0.023699','0',' ,   .');
INSERT INTO `glpi_crontasklogs` VALUES ('644','17','0','2012-05-31 09:54:47','0','0','0','  : GLPI');
INSERT INTO `glpi_crontasklogs` VALUES ('645','17','644','2012-05-31 09:54:47','2','0.0242431','0',' ,   .');
INSERT INTO `glpi_crontasklogs` VALUES ('646','9','0','2012-05-31 23:40:20','0','0','0','Run mode : GLPI');
INSERT INTO `glpi_crontasklogs` VALUES ('647','9','646','2012-05-31 23:40:20','2','0.0252461','0','Action completed, no processing required');
INSERT INTO `glpi_crontasklogs` VALUES ('648','17','0','2012-06-01 00:37:11','0','0','0','Run mode : GLPI');
INSERT INTO `glpi_crontasklogs` VALUES ('649','17','648','2012-06-01 00:37:11','2','0.023988','0','Action completed, no processing required');
INSERT INTO `glpi_crontasklogs` VALUES ('650','14','0','2012-06-01 00:42:16','0','0','0','Run mode : GLPI');
INSERT INTO `glpi_crontasklogs` VALUES ('651','14','650','2012-06-01 00:42:16','2','0.0238161','0','Action completed, no processing required');
INSERT INTO `glpi_crontasklogs` VALUES ('652','20','0','2012-06-01 02:27:06','0','0','0','Run mode : GLPI');
INSERT INTO `glpi_crontasklogs` VALUES ('653','20','652','2012-06-01 02:27:06','2','0.0208352','0','Action completed, no processing required');
INSERT INTO `glpi_crontasklogs` VALUES ('654','13','0','2012-06-01 02:27:07','0','0','0','Run mode : GLPI');
INSERT INTO `glpi_crontasklogs` VALUES ('655','13','654','2012-06-01 02:27:07','2','0.0204751','0','Action completed, no processing required');
INSERT INTO `glpi_crontasklogs` VALUES ('656','15','0','2012-06-01 02:33:55','0','0','0','Run mode : GLPI');
INSERT INTO `glpi_crontasklogs` VALUES ('657','15','656','2012-06-01 02:33:55','2','0.0371032','0','Action completed, no processing required');
INSERT INTO `glpi_crontasklogs` VALUES ('658','16','0','2012-06-01 02:37:47','0','0','0','Run mode : GLPI');
INSERT INTO `glpi_crontasklogs` VALUES ('659','16','658','2012-06-01 02:37:47','2','0.023865','0','Action completed, no processing required');
INSERT INTO `glpi_crontasklogs` VALUES ('660','9','0','2012-06-01 02:37:59','0','0','0','Run mode : GLPI');
INSERT INTO `glpi_crontasklogs` VALUES ('661','9','660','2012-06-01 02:37:59','2','0.02198','0','Action completed, no processing required');
INSERT INTO `glpi_crontasklogs` VALUES ('662','17','0','2012-06-01 02:40:03','0','0','0','  : GLPI');
INSERT INTO `glpi_crontasklogs` VALUES ('663','17','662','2012-06-01 02:40:03','2','0.0206289','0',' ,   .');
INSERT INTO `glpi_crontasklogs` VALUES ('664','14','0','2012-06-01 02:41:53','0','0','0','Run mode : GLPI');
INSERT INTO `glpi_crontasklogs` VALUES ('665','14','664','2012-06-01 02:41:53','2','0.0204792','0','Action completed, no processing required');
INSERT INTO `glpi_crontasklogs` VALUES ('666','17','0','2012-06-01 02:49:07','0','0','0','  : GLPI');
INSERT INTO `glpi_crontasklogs` VALUES ('667','17','666','2012-06-01 02:49:07','2','0.0224249','0',' ,   .');
INSERT INTO `glpi_crontasklogs` VALUES ('668','9','0','2012-06-01 02:53:39','0','0','0','Run mode : GLPI');
INSERT INTO `glpi_crontasklogs` VALUES ('669','9','668','2012-06-01 02:53:39','2','0.0243969','0','Action completed, no processing required');
INSERT INTO `glpi_crontasklogs` VALUES ('670','17','0','2012-06-01 03:55:33','0','0','0','  : GLPI');
INSERT INTO `glpi_crontasklogs` VALUES ('671','17','670','2012-06-01 03:55:33','2','0.0239151','0',' ,   .');
INSERT INTO `glpi_crontasklogs` VALUES ('672','9','0','2012-06-01 04:00:40','0','0','0','  : GLPI');
INSERT INTO `glpi_crontasklogs` VALUES ('673','9','672','2012-06-01 04:00:40','2','0.0251269','0',' ,   .');
INSERT INTO `glpi_crontasklogs` VALUES ('674','20','0','2012-06-01 04:04:00','0','0','0','Run mode : GLPI');
INSERT INTO `glpi_crontasklogs` VALUES ('675','20','674','2012-06-01 04:04:00','2','0.0233109','0','Action completed, no processing required');
INSERT INTO `glpi_crontasklogs` VALUES ('676','13','0','2012-06-01 04:07:14','0','0','0','  : GLPI');
INSERT INTO `glpi_crontasklogs` VALUES ('677','13','676','2012-06-01 04:07:14','2','0.0238669','0',' ,   .');
INSERT INTO `glpi_crontasklogs` VALUES ('678','14','0','2012-06-01 04:09:29','0','0','0','Run mode : GLPI');
INSERT INTO `glpi_crontasklogs` VALUES ('679','14','678','2012-06-01 04:09:29','2','0.023638','0','Action completed, no processing required');
INSERT INTO `glpi_crontasklogs` VALUES ('680','17','0','2012-06-01 04:17:56','0','0','0','Run mode : GLPI');
INSERT INTO `glpi_crontasklogs` VALUES ('681','17','680','2012-06-01 04:17:56','2','0.0210891','0','Action completed, no processing required');
INSERT INTO `glpi_crontasklogs` VALUES ('682','9','0','2012-06-01 04:20:20','0','0','0','  : GLPI');
INSERT INTO `glpi_crontasklogs` VALUES ('683','9','682','2012-06-01 04:20:20','2','0.0252199','0',' ,   .');
INSERT INTO `glpi_crontasklogs` VALUES ('684','17','0','2012-06-01 04:23:05','0','0','0','Run mode : GLPI');
INSERT INTO `glpi_crontasklogs` VALUES ('685','17','684','2012-06-01 04:23:05','2','0.0242798','0','Action completed, no processing required');
INSERT INTO `glpi_crontasklogs` VALUES ('686','17','0','2012-06-01 04:31:03','0','0','0','Run mode : GLPI');
INSERT INTO `glpi_crontasklogs` VALUES ('687','17','686','2012-06-01 04:31:03','2','0.0211079','0','Action completed, no processing required');
INSERT INTO `glpi_crontasklogs` VALUES ('688','9','0','2012-06-01 04:38:41','0','0','0','Run mode : GLPI');
INSERT INTO `glpi_crontasklogs` VALUES ('689','9','688','2012-06-01 04:38:41','2','0.024473','0','Action completed, no processing required');
INSERT INTO `glpi_crontasklogs` VALUES ('690','17','0','2012-06-01 04:44:36','0','0','0','  : GLPI');
INSERT INTO `glpi_crontasklogs` VALUES ('691','17','690','2012-06-01 04:44:36','2','0.0240691','0',' ,   .');
INSERT INTO `glpi_crontasklogs` VALUES ('692','9','0','2012-06-01 05:11:23','0','0','0','  : GLPI');
INSERT INTO `glpi_crontasklogs` VALUES ('693','9','692','2012-06-01 05:11:23','2','0.0253298','0',' ,   .');
INSERT INTO `glpi_crontasklogs` VALUES ('694','17','0','2012-06-01 05:25:07','0','0','0','Run mode : GLPI');
INSERT INTO `glpi_crontasklogs` VALUES ('695','17','694','2012-06-01 05:25:07','2','0.020602','0','Action completed, no processing required');
INSERT INTO `glpi_crontasklogs` VALUES ('696','20','0','2012-06-01 05:30:22','0','0','0','Run mode : GLPI');
INSERT INTO `glpi_crontasklogs` VALUES ('697','20','696','2012-06-01 05:30:22','2','0.0245669','0','Action completed, no processing required');
INSERT INTO `glpi_crontasklogs` VALUES ('698','13','0','2012-06-01 05:34:45','0','0','0','  : GLPI');
INSERT INTO `glpi_crontasklogs` VALUES ('699','13','698','2012-06-01 05:34:45','2','0.0240989','0',' ,   .');
INSERT INTO `glpi_crontasklogs` VALUES ('700','14','0','2012-06-01 05:36:21','0','0','0',' /<span style=\'font-size:12px; color:red;\'>crontask/36</span> : GLPI/<span style=\'font-size:12px; color:red;\'>crontask/34</span>');
INSERT INTO `glpi_crontasklogs` VALUES ('701','9','0','2012-06-01 05:47:35','0','0','0','Run mode/<span style=\'font-size:12px; color:red;\'>crontask/36</span> : GLPI/<span style=\'font-size:12px; color:red;\'>crontask/34</span>');
INSERT INTO `glpi_crontasklogs` VALUES ('702','17','0','2012-06-01 05:53:58','0','0','0','  : GLPI');
INSERT INTO `glpi_crontasklogs` VALUES ('703','17','702','2012-06-01 05:53:58','2','0.020834','0',' ,   .');
INSERT INTO `glpi_crontasklogs` VALUES ('704','9','0','2012-06-01 05:59:05','0','0','0','Run mode : GLPI');
INSERT INTO `glpi_crontasklogs` VALUES ('705','9','704','2012-06-01 05:59:05','2','0.0218661','0','Action completed, no processing required');
INSERT INTO `glpi_crontasklogs` VALUES ('706','17','0','2012-06-01 06:04:26','0','0','0','Run mode : GLPI');
INSERT INTO `glpi_crontasklogs` VALUES ('707','17','706','2012-06-01 06:04:26','2','0.0238528','0','Action completed, no processing required');
INSERT INTO `glpi_crontasklogs` VALUES ('708','9','0','2012-06-01 06:11:24','0','0','0','  : GLPI');
INSERT INTO `glpi_crontasklogs` VALUES ('709','9','708','2012-06-01 06:11:24','2','0.0252192','0',' ,   .');
INSERT INTO `glpi_crontasklogs` VALUES ('710','17','0','2012-06-01 06:11:48','0','0','0','Run mode : GLPI');
INSERT INTO `glpi_crontasklogs` VALUES ('711','17','710','2012-06-01 06:11:48','2','0.0240991','0','Action completed, no processing required');
INSERT INTO `glpi_crontasklogs` VALUES ('712','17','0','2012-06-01 06:22:09','0','0','0','  : GLPI');
INSERT INTO `glpi_crontasklogs` VALUES ('713','17','712','2012-06-01 06:22:09','2','0.0240321','0',' ,   .');
INSERT INTO `glpi_crontasklogs` VALUES ('714','9','0','2012-06-01 06:22:25','0','0','0','  : GLPI');
INSERT INTO `glpi_crontasklogs` VALUES ('715','9','714','2012-06-01 06:22:25','2','0.025363','0',' ,   .');
INSERT INTO `glpi_crontasklogs` VALUES ('716','17','0','2012-06-01 06:27:53','0','0','0','  : GLPI');
INSERT INTO `glpi_crontasklogs` VALUES ('717','17','716','2012-06-01 06:27:53','2','0.0225182','0',' ,   .');
INSERT INTO `glpi_crontasklogs` VALUES ('718','20','0','2012-06-01 06:32:58','0','0','0','  : GLPI');
INSERT INTO `glpi_crontasklogs` VALUES ('719','20','718','2012-06-01 06:32:58','2','0.02459','0',' ,   .');
INSERT INTO `glpi_crontasklogs` VALUES ('720','9','0','2012-06-01 06:38:06','0','0','0','  : GLPI');
INSERT INTO `glpi_crontasklogs` VALUES ('721','9','720','2012-06-01 06:38:06','2','0.0254149','0',' ,   .');
INSERT INTO `glpi_crontasklogs` VALUES ('722','17','0','2012-06-01 06:56:18','0','0','0','  : GLPI');
INSERT INTO `glpi_crontasklogs` VALUES ('723','17','722','2012-06-01 06:56:18','2','0.02424','0',' ,   .');
INSERT INTO `glpi_crontasklogs` VALUES ('724','13','0','2012-06-01 06:56:27','0','0','0','  : GLPI');
INSERT INTO `glpi_crontasklogs` VALUES ('725','13','724','2012-06-01 06:56:27','2','0.023921','0',' ,   .');
INSERT INTO `glpi_crontasklogs` VALUES ('726','14','0','2012-06-01 07:01:54','0','0','0','  : GLPI');
INSERT INTO `glpi_crontasklogs` VALUES ('727','14','726','2012-06-01 07:01:54','2','0.0239332','0',' ,   .');
INSERT INTO `glpi_crontasklogs` VALUES ('728','9','0','2012-06-01 07:03:35','0','0','0','  : GLPI');
INSERT INTO `glpi_crontasklogs` VALUES ('729','9','728','2012-06-01 07:03:35','2','0.026212','0',' ,   .');
INSERT INTO `glpi_crontasklogs` VALUES ('730','17','0','2012-06-01 07:08:43','0','0','0','  : GLPI');
INSERT INTO `glpi_crontasklogs` VALUES ('731','17','730','2012-06-01 07:08:43','2','0.0243449','0',' ,   .');
INSERT INTO `glpi_crontasklogs` VALUES ('732','9','0','2012-06-01 07:18:53','0','0','0','  : GLPI');
INSERT INTO `glpi_crontasklogs` VALUES ('733','9','732','2012-06-01 07:18:53','2','0.025295','0',' ,   .');
INSERT INTO `glpi_crontasklogs` VALUES ('734','17','0','2012-06-04 00:08:58','0','0','0','  : GLPI');
INSERT INTO `glpi_crontasklogs` VALUES ('735','17','734','2012-06-04 00:08:58','2','0.028656','0',' ,   .');
INSERT INTO `glpi_crontasklogs` VALUES ('736','9','0','2012-06-04 07:31:16','0','0','0','  : GLPI');
INSERT INTO `glpi_crontasklogs` VALUES ('737','9','736','2012-06-04 07:31:16','2','0.0297492','0',' ,   .');
INSERT INTO `glpi_crontasklogs` VALUES ('738','20','0','2012-06-04 07:36:53','0','0','0','  : GLPI');
INSERT INTO `glpi_crontasklogs` VALUES ('739','20','738','2012-06-04 07:36:53','2','0.0254729','0',' ,   .');
INSERT INTO `glpi_crontasklogs` VALUES ('740','13','0','2012-06-05 05:15:36','0','0','0','  : GLPI');
INSERT INTO `glpi_crontasklogs` VALUES ('741','13','740','2012-06-05 05:15:36','2','0.029762','0',' ,   .');
INSERT INTO `glpi_crontasklogs` VALUES ('742','14','0','2012-06-06 01:37:03','0','0','0','Run mode : GLPI');
INSERT INTO `glpi_crontasklogs` VALUES ('743','14','742','2012-06-06 01:37:03','2','0.0251529','0','Action completed, no processing required');
INSERT INTO `glpi_crontasklogs` VALUES ('744','6','0','2012-06-06 01:45:57','0','0','0','  : GLPI');
INSERT INTO `glpi_crontasklogs` VALUES ('745','6','744','2012-06-06 01:45:57','2','0.0289059','0',' ,   .');
INSERT INTO `glpi_crontasklogs` VALUES ('746','12','0','2012-06-06 02:07:15','0','0','0','  : GLPI');
INSERT INTO `glpi_crontasklogs` VALUES ('747','12','746','2012-06-06 02:07:15','1','0.0293','3','Clean 3 session file(s) created since more than 180 seconds
');
INSERT INTO `glpi_crontasklogs` VALUES ('748','12','746','2012-06-06 02:07:15','2','0.030956','3',' ,  .');
INSERT INTO `glpi_crontasklogs` VALUES ('749','18','0','2012-06-06 02:48:23','0','0','0','  : GLPI');
INSERT INTO `glpi_crontasklogs` VALUES ('750','18','749','2012-06-06 02:48:23','2','0.0383511','0',' ,   .');
INSERT INTO `glpi_crontasklogs` VALUES ('751','19','0','2012-06-06 02:55:02','0','0','0','Run mode : GLPI');
INSERT INTO `glpi_crontasklogs` VALUES ('752','19','751','2012-06-06 02:55:02','2','0.0253949','0','Action completed, fully processed');
INSERT INTO `glpi_crontasklogs` VALUES ('753','5','0','2012-06-06 03:55:05','0','0','0','  : GLPI');
INSERT INTO `glpi_crontasklogs` VALUES ('754','5','753','2012-06-06 03:55:05','2','0.0255539','0',' ,   .');
INSERT INTO `glpi_crontasklogs` VALUES ('755','15','0','2012-06-06 04:33:55','0','0','0','  : GLPI');
INSERT INTO `glpi_crontasklogs` VALUES ('756','15','755','2012-06-06 04:33:55','2','0.0456841','0',' ,   .');
INSERT INTO `glpi_crontasklogs` VALUES ('757','16','0','2012-06-06 05:22:38','0','0','0','  : GLPI');
INSERT INTO `glpi_crontasklogs` VALUES ('758','16','757','2012-06-06 05:22:38','2','0.0254672','0',' ,   .');
INSERT INTO `glpi_crontasklogs` VALUES ('759','17','0','2012-06-06 05:29:49','0','0','0','Run mode : GLPI');
INSERT INTO `glpi_crontasklogs` VALUES ('760','17','759','2012-06-06 05:29:49','2','0.025821','0','Action completed, no processing required');
INSERT INTO `glpi_crontasklogs` VALUES ('761','9','0','2012-06-06 05:37:12','0','0','0','  : GLPI');
INSERT INTO `glpi_crontasklogs` VALUES ('762','9','761','2012-06-06 05:37:12','2','0.0311611','0',' ,   .');
INSERT INTO `glpi_crontasklogs` VALUES ('763','20','0','2012-06-06 05:38:45','0','0','0','Run mode : GLPI');
INSERT INTO `glpi_crontasklogs` VALUES ('764','20','763','2012-06-06 05:38:45','2','0.0260241','0','Action completed, no processing required');
INSERT INTO `glpi_crontasklogs` VALUES ('765','13','0','2012-06-06 05:40:25','0','0','0','Run mode : GLPI');
INSERT INTO `glpi_crontasklogs` VALUES ('766','13','765','2012-06-06 05:40:25','2','0.0285759','0','Action completed, no processing required');
INSERT INTO `glpi_crontasklogs` VALUES ('767','8','0','2012-06-06 05:46:11','0','0','0','  : GLPI');
INSERT INTO `glpi_crontasklogs` VALUES ('768','8','767','2012-06-06 05:46:11','2','0.159965','241',' ,  .');
INSERT INTO `glpi_crontasklogs` VALUES ('769','14','0','2012-06-06 05:52:06','0','0','0','Run mode : GLPI');
INSERT INTO `glpi_crontasklogs` VALUES ('770','14','769','2012-06-06 05:52:06','2','0.0292561','0','Action completed, no processing required');
INSERT INTO `glpi_crontasklogs` VALUES ('771','17','0','2012-06-06 05:53:29','0','0','0','Run mode : GLPI');
INSERT INTO `glpi_crontasklogs` VALUES ('772','17','771','2012-06-06 05:53:29','2','0.0303419','0','Action completed, no processing required');
INSERT INTO `glpi_crontasklogs` VALUES ('773','9','0','2012-06-06 05:59:32','0','0','0','  : GLPI');
INSERT INTO `glpi_crontasklogs` VALUES ('774','9','773','2012-06-06 05:59:32','2','0.0317678','0',' ,   .');
INSERT INTO `glpi_crontasklogs` VALUES ('775','17','0','2012-06-06 06:00:41','0','0','0','Run mode : GLPI');
INSERT INTO `glpi_crontasklogs` VALUES ('776','17','775','2012-06-06 06:00:41','2','0.0298278','0','Action completed, no processing required');
INSERT INTO `glpi_crontasklogs` VALUES ('777','17','0','2012-06-06 06:10:24','0','0','0','  : GLPI');
INSERT INTO `glpi_crontasklogs` VALUES ('778','17','777','2012-06-06 06:10:24','2','0.0295219','0',' ,   .');
INSERT INTO `glpi_crontasklogs` VALUES ('779','9','0','2012-06-06 06:13:38','0','0','0','  : GLPI');
INSERT INTO `glpi_crontasklogs` VALUES ('780','9','779','2012-06-06 06:13:38','2','0.0298219','0',' ,   .');
INSERT INTO `glpi_crontasklogs` VALUES ('781','17','0','2012-06-06 06:15:44','0','0','0','  : GLPI');
INSERT INTO `glpi_crontasklogs` VALUES ('782','17','781','2012-06-06 06:15:44','2','0.0279849','0',' ,   .');
INSERT INTO `glpi_crontasklogs` VALUES ('783','17','0','2012-06-11 01:58:35','0','0','0','Run mode : GLPI');
INSERT INTO `glpi_crontasklogs` VALUES ('784','17','783','2012-06-11 01:58:35','2','0.0686271','0','Action completed, no processing required');
INSERT INTO `glpi_crontasklogs` VALUES ('785','9','0','2012-06-11 04:52:38','0','0','0','Run mode : GLPI');
INSERT INTO `glpi_crontasklogs` VALUES ('786','9','785','2012-06-11 04:52:38','2','0.030925','0','Action completed, no processing required');
INSERT INTO `glpi_crontasklogs` VALUES ('787','20','0','2012-06-11 06:03:23','0','0','0','Run mode : GLPI');
INSERT INTO `glpi_crontasklogs` VALUES ('788','20','787','2012-06-11 06:03:23','2','0.0298972','0','Action completed, no processing required');
INSERT INTO `glpi_crontasklogs` VALUES ('789','13','0','2012-06-11 23:47:01','0','0','0','Run mode : GLPI');
INSERT INTO `glpi_crontasklogs` VALUES ('790','13','789','2012-06-11 23:47:01','2','0.025296','0','Action completed, no processing required');
INSERT INTO `glpi_crontasklogs` VALUES ('791','14','0','2012-06-12 01:47:14','0','0','0','Run mode : GLPI');
INSERT INTO `glpi_crontasklogs` VALUES ('792','14','791','2012-06-12 01:47:14','2','0.0254889','0','Action completed, no processing required');
INSERT INTO `glpi_crontasklogs` VALUES ('793','15','0','2012-06-12 01:48:43','0','0','0','Run mode : GLPI');
INSERT INTO `glpi_crontasklogs` VALUES ('794','15','793','2012-06-12 01:48:43','2','0.045985','0','Action completed, no processing required');
INSERT INTO `glpi_crontasklogs` VALUES ('795','16','0','2012-06-12 01:52:36','0','0','0','  : GLPI');
INSERT INTO `glpi_crontasklogs` VALUES ('796','16','795','2012-06-12 01:52:36','2','0.0252409','0',' ,   .');
INSERT INTO `glpi_crontasklogs` VALUES ('797','6','0','2012-06-12 02:08:04','0','0','0','Run mode : GLPI');
INSERT INTO `glpi_crontasklogs` VALUES ('798','6','797','2012-06-12 02:08:04','2','0.0287621','0','Action completed, no processing required');
INSERT INTO `glpi_crontasklogs` VALUES ('799','12','0','2012-06-12 02:15:11','0','0','0','  : GLPI');
INSERT INTO `glpi_crontasklogs` VALUES ('800','12','799','2012-06-12 02:15:11','1','0.0252481','2','Clean 2 session file(s) created since more than 180 seconds
');
INSERT INTO `glpi_crontasklogs` VALUES ('801','12','799','2012-06-12 02:15:11','2','0.0264239','2',' ,  .');
INSERT INTO `glpi_crontasklogs` VALUES ('802','18','0','2012-06-12 02:15:45','0','0','0','Run mode : GLPI');
INSERT INTO `glpi_crontasklogs` VALUES ('803','18','802','2012-06-12 02:15:45','2','0.0386069','0','Action completed, no processing required');
INSERT INTO `glpi_crontasklogs` VALUES ('804','19','0','2012-06-12 02:16:47','0','0','0','Run mode : GLPI');
INSERT INTO `glpi_crontasklogs` VALUES ('805','19','804','2012-06-12 02:16:47','2','0.0290241','0','Action completed, fully processed');
INSERT INTO `glpi_crontasklogs` VALUES ('806','5','0','2012-06-12 02:22:34','0','0','0','Run mode : GLPI');
INSERT INTO `glpi_crontasklogs` VALUES ('807','5','806','2012-06-12 02:22:34','2','0.0285499','0','Action completed, no processing required');
INSERT INTO `glpi_crontasklogs` VALUES ('808','17','0','2012-06-12 02:23:10','0','0','0','Run mode : GLPI');
INSERT INTO `glpi_crontasklogs` VALUES ('809','17','808','2012-06-12 02:23:10','2','0.029299','0','Action completed, no processing required');
INSERT INTO `glpi_crontasklogs` VALUES ('810','9','0','2012-06-12 02:28:24','0','0','0','  : GLPI');
INSERT INTO `glpi_crontasklogs` VALUES ('811','9','810','2012-06-12 02:28:24','2','0.030015','0',' ,   .');
INSERT INTO `glpi_crontasklogs` VALUES ('812','20','0','2012-06-12 02:30:24','0','0','0','Run mode : GLPI');
INSERT INTO `glpi_crontasklogs` VALUES ('813','20','812','2012-06-12 02:30:24','2','0.030004','0','Action completed, no processing required');
INSERT INTO `glpi_crontasklogs` VALUES ('814','13','0','2012-06-12 02:31:16','0','0','0','Run mode : GLPI');
INSERT INTO `glpi_crontasklogs` VALUES ('815','13','814','2012-06-12 02:31:16','2','0.0291259','0','Action completed, no processing required');
INSERT INTO `glpi_crontasklogs` VALUES ('816','17','0','2012-06-12 02:36:29','0','0','0','  : GLPI');
INSERT INTO `glpi_crontasklogs` VALUES ('817','17','816','2012-06-12 02:36:29','2','0.0291581','0',' ,   .');
INSERT INTO `glpi_crontasklogs` VALUES ('818','9','0','2012-06-12 02:38:41','0','0','0','Run mode : GLPI');
INSERT INTO `glpi_crontasklogs` VALUES ('819','9','818','2012-06-12 02:38:41','2','0.030565','0','Action completed, no processing required');
INSERT INTO `glpi_crontasklogs` VALUES ('820','17','0','2012-06-12 02:42:16','0','0','0','Run mode : GLPI');
INSERT INTO `glpi_crontasklogs` VALUES ('821','17','820','2012-06-12 02:42:16','2','0.0299392','0','Action completed, no processing required');
INSERT INTO `glpi_crontasklogs` VALUES ('822','14','0','2012-06-12 02:47:53','0','0','0','  : GLPI');
INSERT INTO `glpi_crontasklogs` VALUES ('823','14','822','2012-06-12 02:47:53','2','0.0254638','0',' ,   .');
INSERT INTO `glpi_crontasklogs` VALUES ('824','17','0','2012-06-12 02:49:42','0','0','0','Run mode : GLPI');
INSERT INTO `glpi_crontasklogs` VALUES ('825','17','824','2012-06-12 02:49:42','2','0.0290079','0','Action completed, no processing required');
INSERT INTO `glpi_crontasklogs` VALUES ('826','9','0','2012-06-12 02:51:26','0','0','0','Run mode : GLPI');
INSERT INTO `glpi_crontasklogs` VALUES ('827','9','826','2012-06-12 02:51:26','2','0.030678','0','Action completed, no processing required');
INSERT INTO `glpi_crontasklogs` VALUES ('828','17','0','2012-06-12 02:57:33','0','0','0','  : GLPI');
INSERT INTO `glpi_crontasklogs` VALUES ('829','17','828','2012-06-12 02:57:33','2','0.028944','0',' ,   .');
INSERT INTO `glpi_crontasklogs` VALUES ('830','9','0','2012-06-12 03:07:19','0','0','0','  : GLPI');
INSERT INTO `glpi_crontasklogs` VALUES ('831','9','830','2012-06-12 03:07:19','2','0.0309031','0',' ,   .');
INSERT INTO `glpi_crontasklogs` VALUES ('832','17','0','2012-06-12 03:08:31','0','0','0','Run mode : GLPI');
INSERT INTO `glpi_crontasklogs` VALUES ('833','17','832','2012-06-12 03:08:31','2','0.029953','0','Action completed, no processing required');
INSERT INTO `glpi_crontasklogs` VALUES ('834','17','0','2012-06-12 03:15:12','0','0','0','  : GLPI');
INSERT INTO `glpi_crontasklogs` VALUES ('835','17','834','2012-06-12 03:15:12','2','0.028935','0',' ,   .');
INSERT INTO `glpi_crontasklogs` VALUES ('836','9','0','2012-06-12 03:17:30','0','0','0','Run mode : GLPI');
INSERT INTO `glpi_crontasklogs` VALUES ('837','9','836','2012-06-12 03:17:30','2','0.030601','0','Action completed, no processing required');
INSERT INTO `glpi_crontasklogs` VALUES ('838','17','0','2012-06-12 03:22:54','0','0','0','  : GLPI');
INSERT INTO `glpi_crontasklogs` VALUES ('839','17','838','2012-06-12 03:22:54','2','0.0296412','0',' ,   .');
INSERT INTO `glpi_crontasklogs` VALUES ('840','9','0','2012-06-12 03:32:14','0','0','0','Run mode : GLPI');
INSERT INTO `glpi_crontasklogs` VALUES ('841','9','840','2012-06-12 03:32:14','2','0.0268049','0','Action completed, no processing required');
INSERT INTO `glpi_crontasklogs` VALUES ('842','17','0','2012-06-12 03:41:49','0','0','0','  : GLPI');
INSERT INTO `glpi_crontasklogs` VALUES ('843','17','842','2012-06-12 03:41:49','2','0.0287299','0',' ,   .');
INSERT INTO `glpi_crontasklogs` VALUES ('844','20','0','2012-06-12 04:28:33','0','0','0','Run mode : GLPI');
INSERT INTO `glpi_crontasklogs` VALUES ('845','20','844','2012-06-12 04:28:33','2','0.0254951','0','Action completed, no processing required');
INSERT INTO `glpi_crontasklogs` VALUES ('846','13','0','2012-06-12 04:34:18','0','0','0','  : GLPI');
INSERT INTO `glpi_crontasklogs` VALUES ('847','13','846','2012-06-12 04:34:18','2','0.029386','0',' ,   .');
INSERT INTO `glpi_crontasklogs` VALUES ('848','9','0','2012-06-12 04:35:49','0','0','0','Run mode : GLPI');
INSERT INTO `glpi_crontasklogs` VALUES ('849','9','848','2012-06-12 04:35:49','2','0.0309072','0','Action completed, no processing required');
INSERT INTO `glpi_crontasklogs` VALUES ('850','17','0','2012-06-12 04:37:04','0','0','0','Run mode : GLPI');
INSERT INTO `glpi_crontasklogs` VALUES ('851','17','850','2012-06-12 04:37:04','2','0.0296879','0','Action completed, no processing required');
INSERT INTO `glpi_crontasklogs` VALUES ('852','14','0','2012-06-12 04:42:44','0','0','0','  : GLPI');
INSERT INTO `glpi_crontasklogs` VALUES ('853','14','852','2012-06-12 04:42:44','2','0.027884','0',' ,   .');
INSERT INTO `glpi_crontasklogs` VALUES ('854','17','0','2012-06-12 04:43:57','0','0','0','Run mode : GLPI');
INSERT INTO `glpi_crontasklogs` VALUES ('855','17','854','2012-06-12 04:43:57','2','0.0298152','0','Action completed, no processing required');
INSERT INTO `glpi_crontasklogs` VALUES ('856','9','0','2012-06-12 04:46:23','0','0','0','Run mode : GLPI');
INSERT INTO `glpi_crontasklogs` VALUES ('857','9','856','2012-06-12 04:46:23','2','0.0316892','0','Action completed, no processing required');
INSERT INTO `glpi_crontasklogs` VALUES ('858','17','0','2012-06-12 04:51:39','0','0','0','  : GLPI');
INSERT INTO `glpi_crontasklogs` VALUES ('859','17','858','2012-06-12 04:51:39','2','0.0299389','0',' ,   .');
INSERT INTO `glpi_crontasklogs` VALUES ('860','9','0','2012-06-12 04:59:58','0','0','0','  : GLPI');
INSERT INTO `glpi_crontasklogs` VALUES ('861','9','860','2012-06-12 04:59:58','2','0.0304489','0',' ,   .');
INSERT INTO `glpi_crontasklogs` VALUES ('862','17','0','2012-06-12 05:01:24','0','0','0','Run mode : GLPI');
INSERT INTO `glpi_crontasklogs` VALUES ('863','17','862','2012-06-12 05:01:24','2','0.025193','0','Action completed, no processing required');
INSERT INTO `glpi_crontasklogs` VALUES ('864','17','0','2012-06-12 05:09:18','0','0','0','Run mode : GLPI');
INSERT INTO `glpi_crontasklogs` VALUES ('865','17','864','2012-06-12 05:09:18','2','0.02969','0','Action completed, no processing required');
INSERT INTO `glpi_crontasklogs` VALUES ('866','9','0','2012-06-12 05:10:54','0','0','0','  : GLPI');
INSERT INTO `glpi_crontasklogs` VALUES ('867','9','866','2012-06-12 05:10:54','2','0.030658','0',' ,   .');
INSERT INTO `glpi_crontasklogs` VALUES ('868','17','0','2012-06-12 05:17:05','0','0','0','  : GLPI');
INSERT INTO `glpi_crontasklogs` VALUES ('869','17','868','2012-06-12 05:17:05','2','0.029151','0',' ,   .');
INSERT INTO `glpi_crontasklogs` VALUES ('870','9','0','2012-06-12 05:22:22','0','0','0','  : GLPI');
INSERT INTO `glpi_crontasklogs` VALUES ('871','9','870','2012-06-12 05:22:22','2','0.027086','0',' ,   .');
INSERT INTO `glpi_crontasklogs` VALUES ('872','17','0','2012-06-12 05:27:26','0','0','0','  : GLPI');
INSERT INTO `glpi_crontasklogs` VALUES ('873','17','872','2012-06-12 05:27:26','2','0.0286031','0',' ,   .');
INSERT INTO `glpi_crontasklogs` VALUES ('874','20','0','2012-06-12 05:32:31','0','0','0','  : GLPI');
INSERT INTO `glpi_crontasklogs` VALUES ('875','20','874','2012-06-12 05:32:31','2','0.031703','0',' ,   .');
INSERT INTO `glpi_crontasklogs` VALUES ('876','9','0','2012-06-12 05:37:33','0','0','0','  : GLPI');
INSERT INTO `glpi_crontasklogs` VALUES ('877','9','876','2012-06-12 05:37:33','2','0.0306501','0',' ,   .');
INSERT INTO `glpi_crontasklogs` VALUES ('878','17','0','2012-06-12 05:43:17','0','0','0','  : GLPI');
INSERT INTO `glpi_crontasklogs` VALUES ('879','17','878','2012-06-12 05:43:17','2','0.0328469','0',' ,   .');
INSERT INTO `glpi_crontasklogs` VALUES ('880','13','0','2012-06-12 05:48:24','0','0','0','  : GLPI');
INSERT INTO `glpi_crontasklogs` VALUES ('881','13','880','2012-06-12 05:48:24','2','0.0280221','0',' ,   .');
INSERT INTO `glpi_crontasklogs` VALUES ('882','14','0','2012-06-12 05:53:29','0','0','0','  : GLPI');
INSERT INTO `glpi_crontasklogs` VALUES ('883','14','882','2012-06-12 05:53:29','2','0.025306','0',' ,   .');
INSERT INTO `glpi_crontasklogs` VALUES ('884','9','0','2012-06-12 05:58:48','0','0','0','  : GLPI');
INSERT INTO `glpi_crontasklogs` VALUES ('885','9','884','2012-06-12 05:58:48','2','0.030117','0',' ,   .');
INSERT INTO `glpi_crontasklogs` VALUES ('886','17','0','2012-06-12 06:29:24','0','0','0','  : GLPI');
INSERT INTO `glpi_crontasklogs` VALUES ('887','17','886','2012-06-12 06:29:24','2','0.0257571','0',' ,   .');
INSERT INTO `glpi_crontasklogs` VALUES ('888','9','0','2012-06-12 07:51:34','0','0','0','  : GLPI');
INSERT INTO `glpi_crontasklogs` VALUES ('889','9','888','2012-06-12 07:51:34','2','0.0301359','0',' ,   .');
INSERT INTO `glpi_crontasklogs` VALUES ('890','20','0','2012-06-12 08:13:50','0','0','0','  : GLPI');
INSERT INTO `glpi_crontasklogs` VALUES ('891','20','890','2012-06-12 08:13:50','2','0.0283492','0',' ,   .');
INSERT INTO `glpi_crontasklogs` VALUES ('892','17','0','2012-06-12 08:19:33','0','0','0','  : GLPI');
INSERT INTO `glpi_crontasklogs` VALUES ('893','17','892','2012-06-12 08:19:33','2','0.029156','0',' ,   .');
INSERT INTO `glpi_crontasklogs` VALUES ('894','13','0','2012-06-12 08:45:37','0','0','0','  : GLPI');
INSERT INTO `glpi_crontasklogs` VALUES ('895','13','894','2012-06-12 08:45:37','2','0.0295041','0',' ,   .');
INSERT INTO `glpi_crontasklogs` VALUES ('896','14','0','2012-06-12 09:03:01','0','0','0','  : GLPI');
INSERT INTO `glpi_crontasklogs` VALUES ('897','14','896','2012-06-12 09:03:01','2','0.028259','0',' ,   .');
INSERT INTO `glpi_crontasklogs` VALUES ('898','9','0','2012-06-12 09:19:26','0','0','0','  : GLPI');
INSERT INTO `glpi_crontasklogs` VALUES ('899','9','898','2012-06-12 09:19:26','2','0.029639','0',' ,   .');
INSERT INTO `glpi_crontasklogs` VALUES ('900','17','0','2012-06-12 09:38:32','0','0','0','Run mode : GLPI');
INSERT INTO `glpi_crontasklogs` VALUES ('901','17','900','2012-06-12 09:38:32','2','0.0289211','0','Action completed, no processing required');
INSERT INTO `glpi_crontasklogs` VALUES ('902','20','0','2012-06-12 09:44:07','0','0','0','  : GLPI');
INSERT INTO `glpi_crontasklogs` VALUES ('903','20','902','2012-06-12 09:44:07','2','0.030282','0',' ,   .');
INSERT INTO `glpi_crontasklogs` VALUES ('904','9','0','2012-06-12 09:49:10','0','0','0','  : GLPI');
INSERT INTO `glpi_crontasklogs` VALUES ('905','9','904','2012-06-12 09:49:10','2','0.0305052','0',' ,   .');
INSERT INTO `glpi_crontasklogs` VALUES ('906','17','0','2012-06-12 09:52:24','0','0','0','Run mode : GLPI');
INSERT INTO `glpi_crontasklogs` VALUES ('907','17','906','2012-06-12 09:52:24','2','0.0287969','0','Action completed, no processing required');
INSERT INTO `glpi_crontasklogs` VALUES ('908','13','0','2012-06-13 01:57:12','0','0','0','Run mode : GLPI');
INSERT INTO `glpi_crontasklogs` VALUES ('909','13','908','2012-06-13 01:57:12','2','0.0285928','0','Action completed, no processing required');
INSERT INTO `glpi_crontasklogs` VALUES ('910','17','0','2012-06-13 01:57:22','0','0','0','Run mode : GLPI');
INSERT INTO `glpi_crontasklogs` VALUES ('911','17','910','2012-06-13 01:57:22','2','0.029443','0','Action completed, no processing required');
INSERT INTO `glpi_crontasklogs` VALUES ('912','9','0','2012-06-13 01:57:25','0','0','0','Run mode : GLPI');
INSERT INTO `glpi_crontasklogs` VALUES ('913','9','912','2012-06-13 01:57:25','2','0.031327','0','Action completed, no processing required');
INSERT INTO `glpi_crontasklogs` VALUES ('914','14','0','2012-06-13 01:57:38','0','0','0','Run mode : GLPI');
INSERT INTO `glpi_crontasklogs` VALUES ('915','14','914','2012-06-13 01:57:38','2','0.0272839','0','Action completed, no processing required');
INSERT INTO `glpi_crontasklogs` VALUES ('916','20','0','2012-06-13 02:07:57','0','0','0','  : GLPI');
INSERT INTO `glpi_crontasklogs` VALUES ('917','20','916','2012-06-13 02:07:57','2','0.0297401','0',' ,   .');
INSERT INTO `glpi_crontasklogs` VALUES ('918','15','0','2012-06-13 02:13:11','0','0','0',' /<span style=\'font-size:12px; color:red;\'>crontask/36</span> : GLPI/<span style=\'font-size:12px; color:red;\'>crontask/34</span>');
INSERT INTO `glpi_crontasklogs` VALUES ('919','16','0','2012-06-13 02:20:35','0','0','0',' /<span style=\'font-size:12px; color:red;\'>crontask/36</span> : GLPI/<span style=\'font-size:12px; color:red;\'>crontask/34</span>');
INSERT INTO `glpi_crontasklogs` VALUES ('920','17','0','2012-06-13 02:26:30','0','0','0','Run mode/<span style=\'font-size:12px; color:red;\'>crontask/36</span> : GLPI/<span style=\'font-size:12px; color:red;\'>crontask/34</span>');
INSERT INTO `glpi_crontasklogs` VALUES ('921','9','0','2012-06-13 02:31:26','0','0','0','Run mode : GLPI');
INSERT INTO `glpi_crontasklogs` VALUES ('922','9','921','2012-06-13 02:31:26','2','0.031044','0','Action completed, no processing required');
INSERT INTO `glpi_crontasklogs` VALUES ('923','6','0','2012-06-13 02:31:34','0','0','0','  : GLPI');
INSERT INTO `glpi_crontasklogs` VALUES ('924','6','923','2012-06-13 02:31:34','2','0.0293281','0',' ,   .');
INSERT INTO `glpi_crontasklogs` VALUES ('925','12','0','2012-06-13 02:32:47','0','0','0','Run mode/<span style=\'font-size:12px; color:red;\'>crontask/36</span> : GLPI/<span style=\'font-size:12px; color:red;\'>crontask/34</span>');
INSERT INTO `glpi_crontasklogs` VALUES ('926','12','925','2012-06-13 02:32:47','1','0.030287','16','Clean 16 session file(s) created since more than 180 seconds
');
INSERT INTO `glpi_crontasklogs` VALUES ('927','18','0','2012-06-13 03:13:03','0','0','0','Run mode/<span style=\'font-size:12px; color:red;\'>crontask/36</span> : GLPI/<span style=\'font-size:12px; color:red;\'>crontask/34</span>');
INSERT INTO `glpi_crontasklogs` VALUES ('928','19','0','2012-06-13 03:18:41','0','0','0','Run mode : GLPI');
INSERT INTO `glpi_crontasklogs` VALUES ('929','19','928','2012-06-13 03:18:41','2','0.027802','0','Action completed, fully processed');
INSERT INTO `glpi_crontasklogs` VALUES ('930','5','0','2012-06-13 03:19:00','0','0','0','Run mode : GLPI');
INSERT INTO `glpi_crontasklogs` VALUES ('931','5','930','2012-06-13 03:19:00','2','0.0290971','0','Action completed, no processing required');
INSERT INTO `glpi_crontasklogs` VALUES ('932','17','0','2012-06-13 03:22:51','0','0','0','Run mode/<span style=\'font-size:12px; color:red;\'>crontask/36</span> : GLPI/<span style=\'font-size:12px; color:red;\'>crontask/34</span>');
INSERT INTO `glpi_crontasklogs` VALUES ('933','9','0','2012-06-13 04:59:40','0','0','0','Run mode/<span style=\'font-size:12px; color:red;\'>crontask/36</span> : GLPI/<span style=\'font-size:12px; color:red;\'>crontask/34</span>');
INSERT INTO `glpi_crontasklogs` VALUES ('934','13','0','2012-06-13 04:59:51','0','0','0','  : GLPI');
INSERT INTO `glpi_crontasklogs` VALUES ('935','13','934','2012-06-13 04:59:51','2','0.0276182','0',' ,   .');
INSERT INTO `glpi_crontasklogs` VALUES ('936','14','0','2012-06-13 05:20:12','0','0','0','  : GLPI');
INSERT INTO `glpi_crontasklogs` VALUES ('937','14','936','2012-06-13 05:20:12','2','0.0292921','0',' ,   .');
INSERT INTO `glpi_crontasklogs` VALUES ('938','20','0','2012-06-13 05:21:27','0','0','0','Run mode/<span style=\'font-size:12px; color:red;\'>crontask/36</span> : GLPI/<span style=\'font-size:12px; color:red;\'>crontask/34</span>');
INSERT INTO `glpi_crontasklogs` VALUES ('939','17','0','2012-06-13 05:30:18','0','0','0','  : GLPI');
INSERT INTO `glpi_crontasklogs` VALUES ('940','17','939','2012-06-13 05:30:18','2','0.030092','0',' ,   .');
INSERT INTO `glpi_crontasklogs` VALUES ('941','9','0','2012-06-13 05:36:34','0','0','0','Run mode : GLPI');
INSERT INTO `glpi_crontasklogs` VALUES ('942','9','941','2012-06-13 05:36:34','2','0.026685','0','Action completed, no processing required');
INSERT INTO `glpi_crontasklogs` VALUES ('943','17','0','2012-06-13 05:42:42','0','0','0','Run mode : GLPI');
INSERT INTO `glpi_crontasklogs` VALUES ('944','17','943','2012-06-13 05:42:42','2','0.028929','0','Action completed, no processing required');
INSERT INTO `glpi_crontasklogs` VALUES ('945','8','0','2012-06-13 05:46:20','0','0','0','  : GLPI');
INSERT INTO `glpi_crontasklogs` VALUES ('946','8','945','2012-06-13 05:46:20','2','0.229724','240',' ,  .');
INSERT INTO `glpi_crontasklogs` VALUES ('947','9','0','2012-06-13 05:48:02','0','0','0','Run mode : GLPI');
INSERT INTO `glpi_crontasklogs` VALUES ('948','9','947','2012-06-13 05:48:02','2','0.0310619','0','Action completed, no processing required');
INSERT INTO `glpi_crontasklogs` VALUES ('949','17','0','2012-06-13 05:51:22','0','0','0','  : GLPI');
INSERT INTO `glpi_crontasklogs` VALUES ('950','17','949','2012-06-13 05:51:22','2','0.029803','0',' ,   .');
INSERT INTO `glpi_crontasklogs` VALUES ('951','17','0','2012-06-13 05:56:29','0','0','0','  : GLPI');
INSERT INTO `glpi_crontasklogs` VALUES ('952','17','951','2012-06-13 05:56:29','2','0.0298049','0',' ,   .');
INSERT INTO `glpi_crontasklogs` VALUES ('953','9','0','2012-06-13 05:58:57','0','0','0','Run mode : GLPI');
INSERT INTO `glpi_crontasklogs` VALUES ('954','9','953','2012-06-13 05:58:57','2','0.0308568','0','Action completed, no processing required');
INSERT INTO `glpi_crontasklogs` VALUES ('955','13','0','2012-06-13 06:02:05','0','0','0','  : GLPI');
INSERT INTO `glpi_crontasklogs` VALUES ('956','13','955','2012-06-13 06:02:05','2','0.0294161','0',' ,   .');
INSERT INTO `glpi_crontasklogs` VALUES ('957','17','0','2012-06-13 06:54:57','0','0','0','  : GLPI');
INSERT INTO `glpi_crontasklogs` VALUES ('958','17','957','2012-06-13 06:54:57','2','0.0294569','0',' ,   .');
INSERT INTO `glpi_crontasklogs` VALUES ('959','9','0','2012-06-13 07:02:13','0','0','0','Run mode : GLPI');
INSERT INTO `glpi_crontasklogs` VALUES ('960','9','959','2012-06-13 07:02:13','2','0.027164','0','Action completed, no processing required');
INSERT INTO `glpi_crontasklogs` VALUES ('961','14','0','2012-06-13 07:07:40','0','0','0','  : GLPI');
INSERT INTO `glpi_crontasklogs` VALUES ('962','14','961','2012-06-13 07:07:40','2','0.02879','0',' ,   .');
INSERT INTO `glpi_crontasklogs` VALUES ('963','20','0','2012-06-13 07:13:34','0','0','0','  : GLPI');
INSERT INTO `glpi_crontasklogs` VALUES ('964','20','963','2012-06-13 07:13:34','2','0.025733','0',' ,   .');
INSERT INTO `glpi_crontasklogs` VALUES ('965','17','0','2012-06-13 07:19:42','0','0','0','  : GLPI');
INSERT INTO `glpi_crontasklogs` VALUES ('966','17','965','2012-06-13 07:19:42','2','0.0253451','0',' ,   .');
INSERT INTO `glpi_crontasklogs` VALUES ('967','13','0','2012-06-13 07:20:13','0','0','0','  : GLPI');
INSERT INTO `glpi_crontasklogs` VALUES ('968','13','967','2012-06-13 07:20:13','2','0.029109','0',' ,   .');
INSERT INTO `glpi_crontasklogs` VALUES ('969','9','0','2012-06-13 07:26:43','0','0','0','  : GLPI');
INSERT INTO `glpi_crontasklogs` VALUES ('970','9','969','2012-06-13 07:26:43','2','0.0268679','0',' ,   .');
INSERT INTO `glpi_crontasklogs` VALUES ('971','17','0','2012-06-13 07:31:47','0','0','0','  : GLPI');
INSERT INTO `glpi_crontasklogs` VALUES ('972','17','971','2012-06-13 07:31:47','2','0.028538','0',' ,   .');
INSERT INTO `glpi_crontasklogs` VALUES ('973','9','0','2012-06-13 07:37:47','0','0','0','  : GLPI');
INSERT INTO `glpi_crontasklogs` VALUES ('974','9','973','2012-06-13 07:37:47','2','0.031198','0',' ,   .');
INSERT INTO `glpi_crontasklogs` VALUES ('975','17','0','2012-06-13 07:42:48','0','0','0','  : GLPI');
INSERT INTO `glpi_crontasklogs` VALUES ('976','17','975','2012-06-13 07:42:48','2','0.0256739','0',' ,   .');
INSERT INTO `glpi_crontasklogs` VALUES ('977','9','0','2012-06-13 09:16:42','0','0','0','  : GLPI');
INSERT INTO `glpi_crontasklogs` VALUES ('978','9','977','2012-06-13 09:16:42','2','0.030555','0',' ,   .');
INSERT INTO `glpi_crontasklogs` VALUES ('979','17','0','2012-06-13 09:50:12','0','0','0','  : GLPI');
INSERT INTO `glpi_crontasklogs` VALUES ('980','17','979','2012-06-13 09:50:12','2','0.0275979','0',' ,   .');
INSERT INTO `glpi_crontasklogs` VALUES ('981','14','0','2012-06-14 02:49:05','0','0','0','  : GLPI');
INSERT INTO `glpi_crontasklogs` VALUES ('982','14','981','2012-06-14 02:49:05','2','0.024888','0',' ,   .');
INSERT INTO `glpi_crontasklogs` VALUES ('983','20','0','2012-06-14 02:54:29','0','0','0','  : GLPI');
INSERT INTO `glpi_crontasklogs` VALUES ('984','20','983','2012-06-14 02:54:29','2','0.030261','0',' ,   .');
INSERT INTO `glpi_crontasklogs` VALUES ('985','13','0','2012-06-14 03:01:02','0','0','0','  : GLPI');
INSERT INTO `glpi_crontasklogs` VALUES ('986','13','985','2012-06-14 03:01:02','2','0.0285301','0',' ,   .');
INSERT INTO `glpi_crontasklogs` VALUES ('987','9','0','2012-06-14 03:26:50','0','0','0','  : GLPI');
INSERT INTO `glpi_crontasklogs` VALUES ('988','9','987','2012-06-14 03:26:50','2','0.0304029','0',' ,   .');
INSERT INTO `glpi_crontasklogs` VALUES ('989','17','0','2012-06-14 03:42:21','0','0','0','  : GLPI');
INSERT INTO `glpi_crontasklogs` VALUES ('990','17','989','2012-06-14 03:42:21','2','0.0299461','0',' ,   .');
INSERT INTO `glpi_crontasklogs` VALUES ('991','15','0','2012-06-14 03:47:26','0','0','0','  : GLPI');
INSERT INTO `glpi_crontasklogs` VALUES ('992','15','991','2012-06-14 03:47:26','2','0.0500691','0',' ,   .');
INSERT INTO `glpi_crontasklogs` VALUES ('993','16','0','2012-06-14 04:02:43','0','0','0','  : GLPI');
INSERT INTO `glpi_crontasklogs` VALUES ('994','16','993','2012-06-14 04:02:43','2','0.0276392','0',' ,   .');
INSERT INTO `glpi_crontasklogs` VALUES ('995','6','0','2012-06-14 04:09:49','0','0','0','  : GLPI');
INSERT INTO `glpi_crontasklogs` VALUES ('996','6','995','2012-06-14 04:09:49','2','0.030179','0',' ,   .');
INSERT INTO `glpi_crontasklogs` VALUES ('997','12','0','2012-06-14 04:22:00','0','0','0','  : GLPI');
INSERT INTO `glpi_crontasklogs` VALUES ('998','12','997','2012-06-14 04:22:00','1','0.02865','3','Clean 3 session file(s) created since more than 180 seconds
');
INSERT INTO `glpi_crontasklogs` VALUES ('999','12','997','2012-06-14 04:22:00','2','0.030441','3',' ,  .');
INSERT INTO `glpi_crontasklogs` VALUES ('1000','18','0','2012-06-14 04:27:14','0','0','0','  : GLPI');
INSERT INTO `glpi_crontasklogs` VALUES ('1001','18','1000','2012-06-14 04:27:14','2','0.0382011','0',' ,   .');
INSERT INTO `glpi_crontasklogs` VALUES ('1002','19','0','2012-06-14 04:27:21','0','0','0','  : GLPI');
INSERT INTO `glpi_crontasklogs` VALUES ('1003','19','1002','2012-06-14 04:27:21','2','0.0263648','0',' ,  .');
INSERT INTO `glpi_crontasklogs` VALUES ('1004','5','0','2012-06-14 04:32:20','0','0','0','  : GLPI');
INSERT INTO `glpi_crontasklogs` VALUES ('1005','5','1004','2012-06-14 04:32:20','2','0.0261691','0',' ,   .');
INSERT INTO `glpi_crontasklogs` VALUES ('1006','9','0','2012-06-14 04:47:15','0','0','0','  : GLPI');
INSERT INTO `glpi_crontasklogs` VALUES ('1007','9','1006','2012-06-14 04:47:15','2','0.0268488','0',' ,   .');
INSERT INTO `glpi_crontasklogs` VALUES ('1008','17','0','2012-06-14 04:52:48','0','0','0','  : GLPI');
INSERT INTO `glpi_crontasklogs` VALUES ('1009','17','1008','2012-06-14 04:52:48','2','0.0290272','0',' ,   .');
INSERT INTO `glpi_crontasklogs` VALUES ('1010','14','0','2012-06-14 05:24:18','0','0','0','  : GLPI');
INSERT INTO `glpi_crontasklogs` VALUES ('1011','14','1010','2012-06-14 05:24:18','2','0.0251789','0',' ,   .');
INSERT INTO `glpi_crontasklogs` VALUES ('1012','20','0','2012-06-14 05:35:51','0','0','0','Run mode : GLPI');
INSERT INTO `glpi_crontasklogs` VALUES ('1013','20','1012','2012-06-14 05:35:51','2','0.026017','0','Action completed, no processing required');
INSERT INTO `glpi_crontasklogs` VALUES ('1014','13','0','2012-06-14 05:39:49','0','0','0','  : GLPI');
INSERT INTO `glpi_crontasklogs` VALUES ('1015','13','1014','2012-06-14 05:39:49','2','0.0254719','0',' ,   .');
INSERT INTO `glpi_crontasklogs` VALUES ('1016','9','0','2012-06-14 07:35:49','0','0','0','  : GLPI');
INSERT INTO `glpi_crontasklogs` VALUES ('1017','9','1016','2012-06-14 07:35:49','2','0.0277879','0',' ,   .');
INSERT INTO `glpi_crontasklogs` VALUES ('1018','17','0','2012-06-14 09:03:57','0','0','0','Run mode : GLPI');
INSERT INTO `glpi_crontasklogs` VALUES ('1019','17','1018','2012-06-14 09:03:57','2','0.0289261','0','Action completed, no processing required');
INSERT INTO `glpi_crontasklogs` VALUES ('1020','14','0','2012-06-18 01:20:34','0','0','0','Run mode : GLPI');
INSERT INTO `glpi_crontasklogs` VALUES ('1021','14','1020','2012-06-18 01:20:34','2','0.0283599','0','Action completed, no processing required');
INSERT INTO `glpi_crontasklogs` VALUES ('1022','20','0','2012-06-18 01:25:56','0','0','0','  : GLPI');
INSERT INTO `glpi_crontasklogs` VALUES ('1023','20','1022','2012-06-18 01:25:56','2','0.029067','0',' ,   .');
INSERT INTO `glpi_crontasklogs` VALUES ('1024','13','0','2012-06-18 01:34:22','0','0','0','  : GLPI');
INSERT INTO `glpi_crontasklogs` VALUES ('1025','13','1024','2012-06-18 01:34:22','2','0.0249779','0',' ,   .');
INSERT INTO `glpi_crontasklogs` VALUES ('1026','9','0','2012-06-18 01:39:22','0','0','0','  : GLPI');
INSERT INTO `glpi_crontasklogs` VALUES ('1027','9','1026','2012-06-18 01:39:22','2','0.02598','0',' ,   .');
INSERT INTO `glpi_crontasklogs` VALUES ('1028','17','0','2012-06-18 01:42:45','0','0','0','Run mode : GLPI');
INSERT INTO `glpi_crontasklogs` VALUES ('1029','17','1028','2012-06-18 01:42:45','2','0.029108','0','Action completed, no processing required');
INSERT INTO `glpi_crontasklogs` VALUES ('1030','15','0','2012-06-18 01:45:28','0','0','0','  : GLPI');
INSERT INTO `glpi_crontasklogs` VALUES ('1031','15','1030','2012-06-18 01:45:28','2','0.0454268','0',' ,   .');
INSERT INTO `glpi_crontasklogs` VALUES ('1032','16','0','2012-06-18 01:51:37','0','0','0','  : GLPI');
INSERT INTO `glpi_crontasklogs` VALUES ('1033','16','1032','2012-06-18 01:51:37','2','0.024749','0',' ,   .');
INSERT INTO `glpi_crontasklogs` VALUES ('1034','6','0','2012-06-18 01:58:45','0','0','0','  : GLPI');
INSERT INTO `glpi_crontasklogs` VALUES ('1035','6','1034','2012-06-18 01:58:45','2','0.0274489','0',' ,   .');
INSERT INTO `glpi_crontasklogs` VALUES ('1036','12','0','2012-06-18 02:06:32','0','0','0','  : GLPI');
INSERT INTO `glpi_crontasklogs` VALUES ('1037','12','1036','2012-06-18 02:06:32','1','0.024272','1','Clean 1 session file(s) created since more than 180 seconds
');
INSERT INTO `glpi_crontasklogs` VALUES ('1038','12','1036','2012-06-18 02:06:32','2','0.0261409','1',' ,  .');
INSERT INTO `glpi_crontasklogs` VALUES ('1039','18','0','2012-06-18 02:12:53','0','0','0','  : GLPI');
INSERT INTO `glpi_crontasklogs` VALUES ('1040','18','1039','2012-06-18 02:12:53','2','0.0373161','0',' ,   .');
INSERT INTO `glpi_crontasklogs` VALUES ('1041','19','0','2012-06-18 02:17:44','0','0','0','Run mode : GLPI');
INSERT INTO `glpi_crontasklogs` VALUES ('1042','19','1041','2012-06-18 02:17:44','2','0.028641','0','Action completed, fully processed');
INSERT INTO `glpi_crontasklogs` VALUES ('1043','5','0','2012-06-18 02:17:49','0','0','0','Run mode : GLPI');
INSERT INTO `glpi_crontasklogs` VALUES ('1044','5','1043','2012-06-18 02:17:49','2','0.027174','0','Action completed, no processing required');
INSERT INTO `glpi_crontasklogs` VALUES ('1045','17','0','2012-06-18 02:18:31','0','0','0','  : GLPI');
INSERT INTO `glpi_crontasklogs` VALUES ('1046','17','1045','2012-06-18 02:18:31','2','0.0288291','0',' ,   .');
INSERT INTO `glpi_crontasklogs` VALUES ('1047','9','0','2012-06-18 02:23:34','0','0','0','  : GLPI');
INSERT INTO `glpi_crontasklogs` VALUES ('1048','9','1047','2012-06-18 02:23:34','2','0.029871','0',' ,   .');
INSERT INTO `glpi_crontasklogs` VALUES ('1049','14','0','2012-06-18 02:28:39','0','0','0','  : GLPI');
INSERT INTO `glpi_crontasklogs` VALUES ('1050','14','1049','2012-06-18 02:28:39','2','0.0244839','0',' ,   .');
INSERT INTO `glpi_crontasklogs` VALUES ('1051','17','0','2012-06-18 02:33:59','0','0','0','  : GLPI');
INSERT INTO `glpi_crontasklogs` VALUES ('1052','17','1051','2012-06-18 02:33:59','2','0.028672','0',' ,   .');
INSERT INTO `glpi_crontasklogs` VALUES ('1053','20','0','2012-06-18 02:41:47','0','0','0','  : GLPI');
INSERT INTO `glpi_crontasklogs` VALUES ('1054','20','1053','2012-06-18 02:41:47','2','0.0286441','0',' ,   .');
INSERT INTO `glpi_crontasklogs` VALUES ('1055','9','0','2012-06-18 02:52:11','0','0','0','Run mode : GLPI');
INSERT INTO `glpi_crontasklogs` VALUES ('1056','9','1055','2012-06-18 02:52:11','2','0.0297091','0','Action completed, no processing required');
INSERT INTO `glpi_crontasklogs` VALUES ('1057','13','0','2012-06-18 02:58:11','0','0','0','  : GLPI');
INSERT INTO `glpi_crontasklogs` VALUES ('1058','13','1057','2012-06-18 02:58:11','2','0.0280201','0',' ,   .');
INSERT INTO `glpi_crontasklogs` VALUES ('1059','17','0','2012-06-18 03:02:47','0','0','0','Run mode : GLPI');
INSERT INTO `glpi_crontasklogs` VALUES ('1060','17','1059','2012-06-18 03:02:47','2','0.024673','0','Action completed, no processing required');
INSERT INTO `glpi_crontasklogs` VALUES ('1061','9','0','2012-06-18 03:54:42','0','0','0','  : GLPI');
INSERT INTO `glpi_crontasklogs` VALUES ('1062','9','1061','2012-06-18 03:54:42','2','0.0294831','0',' ,   .');
INSERT INTO `glpi_crontasklogs` VALUES ('1063','17','0','2012-06-18 03:59:46','0','0','0','  : GLPI');
INSERT INTO `glpi_crontasklogs` VALUES ('1064','17','1063','2012-06-18 03:59:46','2','0.0284121','0',' ,   .');
INSERT INTO `glpi_crontasklogs` VALUES ('1065','14','0','2012-06-18 04:04:49','0','0','0','  : GLPI');
INSERT INTO `glpi_crontasklogs` VALUES ('1066','14','1065','2012-06-18 04:04:49','2','0.0286162','0',' ,   .');
INSERT INTO `glpi_crontasklogs` VALUES ('1067','20','0','2012-06-18 04:10:32','0','0','0','  : GLPI');
INSERT INTO `glpi_crontasklogs` VALUES ('1068','20','1067','2012-06-18 04:10:32','2','0.02967','0',' ,   .');
INSERT INTO `glpi_crontasklogs` VALUES ('1069','13','0','2012-06-18 04:16:03','0','0','0','  : GLPI');
INSERT INTO `glpi_crontasklogs` VALUES ('1070','13','1069','2012-06-18 04:16:03','2','0.0284338','0',' ,   .');
INSERT INTO `glpi_crontasklogs` VALUES ('1071','9','0','2012-06-18 04:22:20','0','0','0','  : GLPI');
INSERT INTO `glpi_crontasklogs` VALUES ('1072','9','1071','2012-06-18 04:22:20','2','0.029953','0',' ,   .');
INSERT INTO `glpi_crontasklogs` VALUES ('1073','17','0','2012-06-18 04:39:27','0','0','0','Run mode : GLPI');
INSERT INTO `glpi_crontasklogs` VALUES ('1074','17','1073','2012-06-18 04:39:27','2','0.0250611','0','Action completed, no processing required');
INSERT INTO `glpi_crontasklogs` VALUES ('1075','9','0','2012-06-18 04:56:16','0','0','0','  : GLPI');
INSERT INTO `glpi_crontasklogs` VALUES ('1076','9','1075','2012-06-18 04:56:16','2','0.0302939','0',' ,   .');
INSERT INTO `glpi_crontasklogs` VALUES ('1077','17','0','2012-06-18 05:01:00','0','0','0','Run mode : GLPI');
INSERT INTO `glpi_crontasklogs` VALUES ('1078','17','1077','2012-06-18 05:01:00','2','0.026505','0','Action completed, no processing required');
INSERT INTO `glpi_crontasklogs` VALUES ('1079','14','0','2012-06-18 05:26:46','0','0','0','Run mode : GLPI');
INSERT INTO `glpi_crontasklogs` VALUES ('1080','14','1079','2012-06-18 05:26:46','2','0.0284181','0','Action completed, no processing required');
INSERT INTO `glpi_crontasklogs` VALUES ('1081','17','0','2012-06-18 05:36:49','0','0','0','  : GLPI');
INSERT INTO `glpi_crontasklogs` VALUES ('1082','17','1081','2012-06-18 05:36:49','2','0.0256228','0',' ,   .');
INSERT INTO `glpi_crontasklogs` VALUES ('1083','9','0','2012-06-18 05:41:52','0','0','0','  : GLPI');
INSERT INTO `glpi_crontasklogs` VALUES ('1084','9','1083','2012-06-18 05:41:52','2','0.0306878','0',' ,   .');
INSERT INTO `glpi_crontasklogs` VALUES ('1085','20','0','2012-06-18 05:46:55','0','0','0','  : GLPI');
INSERT INTO `glpi_crontasklogs` VALUES ('1086','20','1085','2012-06-18 05:46:55','2','0.026062','0',' ,   .');
INSERT INTO `glpi_crontasklogs` VALUES ('1087','13','0','2012-06-18 06:08:07','0','0','0','  : GLPI');
INSERT INTO `glpi_crontasklogs` VALUES ('1088','13','1087','2012-06-18 06:08:07','2','0.0275619','0',' ,   .');
INSERT INTO `glpi_crontasklogs` VALUES ('1089','17','0','2012-06-18 06:13:20','0','0','0','  : GLPI');
INSERT INTO `glpi_crontasklogs` VALUES ('1090','17','1089','2012-06-18 06:13:20','2','0.029175','0',' ,   .');
INSERT INTO `glpi_crontasklogs` VALUES ('1091','9','0','2012-06-18 06:19:21','0','0','0','  : GLPI');
INSERT INTO `glpi_crontasklogs` VALUES ('1092','9','1091','2012-06-18 06:19:21','2','0.0293241','0',' ,   .');
INSERT INTO `glpi_crontasklogs` VALUES ('1093','17','0','2012-06-18 06:30:26','0','0','0','  : GLPI');
INSERT INTO `glpi_crontasklogs` VALUES ('1094','17','1093','2012-06-18 06:30:26','2','0.0282311','0',' ,   .');
INSERT INTO `glpi_crontasklogs` VALUES ('1095','14','0','2012-06-18 06:35:28','0','0','0','  : GLPI');
INSERT INTO `glpi_crontasklogs` VALUES ('1096','14','1095','2012-06-18 06:35:28','2','0.0248048','0',' ,   .');
INSERT INTO `glpi_crontasklogs` VALUES ('1097','9','0','2012-06-18 06:41:18','0','0','0','  : GLPI');
INSERT INTO `glpi_crontasklogs` VALUES ('1098','9','1097','2012-06-18 06:41:18','2','0.031014','0',' ,   .');
INSERT INTO `glpi_crontasklogs` VALUES ('1099','17','0','2012-06-18 06:46:34','0','0','0','  : GLPI');
INSERT INTO `glpi_crontasklogs` VALUES ('1100','17','1099','2012-06-18 06:46:34','2','0.0284069','0',' ,   .');
INSERT INTO `glpi_crontasklogs` VALUES ('1101','20','0','2012-06-18 06:47:03','0','0','0','  : GLPI');
INSERT INTO `glpi_crontasklogs` VALUES ('1102','20','1101','2012-06-18 06:47:03','2','0.02966','0',' ,   .');
INSERT INTO `glpi_crontasklogs` VALUES ('1103','9','0','2012-06-18 06:51:52','0','0','0','  : GLPI');
INSERT INTO `glpi_crontasklogs` VALUES ('1104','9','1103','2012-06-18 06:51:52','2','0.029803','0',' ,   .');
INSERT INTO `glpi_crontasklogs` VALUES ('1105','17','0','2012-06-18 06:56:55','0','0','0','  : GLPI');
INSERT INTO `glpi_crontasklogs` VALUES ('1106','17','1105','2012-06-18 06:56:55','2','0.0247831','0',' ,   .');
INSERT INTO `glpi_crontasklogs` VALUES ('1107','9','0','2012-06-18 07:08:54','0','0','0','Run mode : GLPI');
INSERT INTO `glpi_crontasklogs` VALUES ('1108','9','1107','2012-06-18 07:08:54','2','0.0261919','0','Action completed, no processing required');
INSERT INTO `glpi_crontasklogs` VALUES ('1109','17','0','2012-06-18 07:15:35','0','0','0','  : GLPI');
INSERT INTO `glpi_crontasklogs` VALUES ('1110','17','1109','2012-06-18 07:15:35','2','0.029166','0',' ,   .');
INSERT INTO `glpi_crontasklogs` VALUES ('1111','13','0','2012-06-18 07:20:43','0','0','0','  : GLPI');
INSERT INTO `glpi_crontasklogs` VALUES ('1112','13','1111','2012-06-18 07:20:43','2','0.0281129','0',' ,   .');
INSERT INTO `glpi_crontasklogs` VALUES ('1113','9','0','2012-06-18 07:21:41','0','0','0','Run mode : GLPI');
INSERT INTO `glpi_crontasklogs` VALUES ('1114','9','1113','2012-06-18 07:21:41','2','0.029875','0','Action completed, no processing required');
INSERT INTO `glpi_crontasklogs` VALUES ('1115','17','0','2012-06-18 07:23:24','0','0','0','  : GLPI');
INSERT INTO `glpi_crontasklogs` VALUES ('1116','17','1115','2012-06-18 07:23:24','2','0.0283','0',' ,   .');
INSERT INTO `glpi_crontasklogs` VALUES ('1117','17','0','2012-06-18 07:43:41','0','0','0','  : GLPI');
INSERT INTO `glpi_crontasklogs` VALUES ('1118','17','1117','2012-06-18 07:43:41','2','0.028378','0',' ,   .');
INSERT INTO `glpi_crontasklogs` VALUES ('1119','9','0','2012-06-18 07:49:10','0','0','0','  : GLPI');
INSERT INTO `glpi_crontasklogs` VALUES ('1120','9','1119','2012-06-18 07:49:10','2','0.0299211','0',' ,   .');
INSERT INTO `glpi_crontasklogs` VALUES ('1121','14','0','2012-06-18 07:54:41','0','0','0','  : GLPI');
INSERT INTO `glpi_crontasklogs` VALUES ('1122','14','1121','2012-06-18 07:54:41','2','0.0291982','0',' ,   .');
INSERT INTO `glpi_crontasklogs` VALUES ('1123','20','0','2012-06-18 07:56:25','0','0','0','Run mode : GLPI');
INSERT INTO `glpi_crontasklogs` VALUES ('1124','20','1123','2012-06-18 07:56:25','2','0.027796','0','Action completed, no processing required');
INSERT INTO `glpi_crontasklogs` VALUES ('1125','17','0','2012-06-18 07:56:31','0','0','0','Run mode : GLPI');
INSERT INTO `glpi_crontasklogs` VALUES ('1126','17','1125','2012-06-18 07:56:31','2','0.029285','0','Action completed, no processing required');
INSERT INTO `glpi_crontasklogs` VALUES ('1127','9','0','2012-06-18 07:59:49','0','0','0','  : GLPI');
INSERT INTO `glpi_crontasklogs` VALUES ('1128','9','1127','2012-06-18 07:59:49','2','0.0261929','0',' ,   .');
INSERT INTO `glpi_crontasklogs` VALUES ('1129','17','0','2012-06-18 08:12:03','0','0','0','  : GLPI');
INSERT INTO `glpi_crontasklogs` VALUES ('1130','17','1129','2012-06-18 08:12:03','2','0.0283289','0',' ,   .');
INSERT INTO `glpi_crontasklogs` VALUES ('1131','9','0','2012-06-18 08:17:36','0','0','0','  : GLPI');
INSERT INTO `glpi_crontasklogs` VALUES ('1132','9','1131','2012-06-18 08:17:36','2','0.0267968','0',' ,   .');
INSERT INTO `glpi_crontasklogs` VALUES ('1133','17','0','2012-06-18 08:32:35','0','0','0','  : GLPI');
INSERT INTO `glpi_crontasklogs` VALUES ('1134','17','1133','2012-06-18 08:32:35','2','0.0292542','0',' ,   .');
INSERT INTO `glpi_crontasklogs` VALUES ('1135','13','0','2012-06-19 02:13:42','0','0','0','Run mode : GLPI');
INSERT INTO `glpi_crontasklogs` VALUES ('1136','13','1135','2012-06-19 02:13:42','2','0.0287271','0','Action completed, no processing required');
INSERT INTO `glpi_crontasklogs` VALUES ('1137','9','0','2012-06-19 02:41:42','0','0','0','  : GLPI');
INSERT INTO `glpi_crontasklogs` VALUES ('1138','9','1137','2012-06-19 02:41:42','2','0.030277','0',' ,   .');
INSERT INTO `glpi_crontasklogs` VALUES ('1139','17','0','2012-06-19 03:35:55','0','0','0','  : GLPI');
INSERT INTO `glpi_crontasklogs` VALUES ('1140','17','1139','2012-06-19 03:35:55','2','0.028558','0',' ,   .');
INSERT INTO `glpi_crontasklogs` VALUES ('1141','14','0','2012-06-19 03:40:55','0','0','0','  : GLPI');
INSERT INTO `glpi_crontasklogs` VALUES ('1142','14','1141','2012-06-19 03:40:55','2','0.028079','0',' ,   .');
INSERT INTO `glpi_crontasklogs` VALUES ('1143','20','0','2012-06-19 03:45:56','0','0','0','  : GLPI');
INSERT INTO `glpi_crontasklogs` VALUES ('1144','20','1143','2012-06-19 03:45:56','2','0.030916','0',' ,   .');
INSERT INTO `glpi_crontasklogs` VALUES ('1145','15','0','2012-06-19 03:51:26','0','0','0','  : GLPI');
INSERT INTO `glpi_crontasklogs` VALUES ('1146','15','1145','2012-06-19 03:51:26','2','0.0571501','0',' ,   .');
INSERT INTO `glpi_crontasklogs` VALUES ('1147','16','0','2012-06-19 03:56:53','0','0','0','  : GLPI');
INSERT INTO `glpi_crontasklogs` VALUES ('1148','16','1147','2012-06-19 03:56:53','2','0.0309639','0',' ,   .');
INSERT INTO `glpi_crontasklogs` VALUES ('1149','6','0','2012-06-19 04:16:12','0','0','0','Run mode : GLPI');
INSERT INTO `glpi_crontasklogs` VALUES ('1150','6','1149','2012-06-19 04:16:12','2','0.02403','0','Action completed, no processing required');
INSERT INTO `glpi_crontasklogs` VALUES ('1151','12','0','2012-06-19 04:21:22','0','0','0','  : GLPI');
INSERT INTO `glpi_crontasklogs` VALUES ('1152','12','1151','2012-06-19 04:21:22','1','0.0257151','2','Clean 2 session file(s) created since more than 180 seconds
');
INSERT INTO `glpi_crontasklogs` VALUES ('1153','12','1151','2012-06-19 04:21:22','2','0.0270441','2',' ,  .');
INSERT INTO `glpi_crontasklogs` VALUES ('1154','18','0','2012-06-19 04:26:55','0','0','0','  : GLPI');
INSERT INTO `glpi_crontasklogs` VALUES ('1155','18','1154','2012-06-19 04:26:55','2','0.0318029','0',' ,   .');
INSERT INTO `glpi_crontasklogs` VALUES ('1156','19','0','2012-06-19 04:28:25','0','0','0','Run mode : GLPI');
INSERT INTO `glpi_crontasklogs` VALUES ('1157','19','1156','2012-06-19 04:28:25','2','0.0287249','0','Action completed, fully processed');
INSERT INTO `glpi_crontasklogs` VALUES ('1158','5','0','2012-06-19 04:31:09','0','0','0','Run mode : GLPI');
INSERT INTO `glpi_crontasklogs` VALUES ('1159','5','1158','2012-06-19 04:31:09','2','0.0260401','0','Action completed, no processing required');
INSERT INTO `glpi_crontasklogs` VALUES ('1160','9','0','2012-06-19 04:36:36','0','0','0','  : GLPI');
INSERT INTO `glpi_crontasklogs` VALUES ('1161','9','1160','2012-06-19 04:36:36','2','0.030848','0',' ,   .');
INSERT INTO `glpi_crontasklogs` VALUES ('1162','13','0','2012-06-19 05:04:22','0','0','0','Run mode : GLPI');
INSERT INTO `glpi_crontasklogs` VALUES ('1163','13','1162','2012-06-19 05:04:22','2','0.0282321','0','Action completed, no processing required');
INSERT INTO `glpi_crontasklogs` VALUES ('1164','17','0','2012-06-19 05:10:02','0','0','0','  : GLPI');
INSERT INTO `glpi_crontasklogs` VALUES ('1165','17','1164','2012-06-19 05:10:02','2','0.029201','0',' ,   .');
INSERT INTO `glpi_crontasklogs` VALUES ('1166','14','0','2012-06-19 05:22:48','0','0','0','  : GLPI');
INSERT INTO `glpi_crontasklogs` VALUES ('1167','14','1166','2012-06-19 05:22:48','2','0.0246251','0',' ,   .');
INSERT INTO `glpi_crontasklogs` VALUES ('1168','20','0','2012-06-19 05:35:28','0','0','0','  : GLPI');
INSERT INTO `glpi_crontasklogs` VALUES ('1169','20','1168','2012-06-19 05:35:28','2','0.02946','0',' ,   .');
INSERT INTO `glpi_crontasklogs` VALUES ('1170','9','0','2012-06-19 07:24:26','0','0','0','  : GLPI');
INSERT INTO `glpi_crontasklogs` VALUES ('1171','9','1170','2012-06-19 07:24:26','2','0.0312901','0',' ,   .');
INSERT INTO `glpi_crontasklogs` VALUES ('1172','17','0','2012-06-19 07:30:34','0','0','0','  : GLPI');
INSERT INTO `glpi_crontasklogs` VALUES ('1173','17','1172','2012-06-19 07:30:34','2','0.02896','0',' ,   .');
INSERT INTO `glpi_crontasklogs` VALUES ('1174','13','0','2012-06-19 07:35:38','0','0','0','  : GLPI');
INSERT INTO `glpi_crontasklogs` VALUES ('1175','13','1174','2012-06-19 07:35:38','2','0.0282438','0',' ,   .');
INSERT INTO `glpi_crontasklogs` VALUES ('1176','14','0','2012-06-19 07:41:05','0','0','0','  : GLPI');
INSERT INTO `glpi_crontasklogs` VALUES ('1177','14','1176','2012-06-19 07:41:05','2','0.0251839','0',' ,   .');
INSERT INTO `glpi_crontasklogs` VALUES ('1178','20','0','2012-06-19 07:46:11','0','0','0','  : GLPI');
INSERT INTO `glpi_crontasklogs` VALUES ('1179','20','1178','2012-06-19 07:46:11','2','0.0247631','0',' ,   .');
INSERT INTO `glpi_crontasklogs` VALUES ('1180','9','0','2012-06-19 07:54:18','0','0','0','  : GLPI');
INSERT INTO `glpi_crontasklogs` VALUES ('1181','9','1180','2012-06-19 07:54:18','2','0.0304668','0',' ,   .');
INSERT INTO `glpi_crontasklogs` VALUES ('1182','17','0','2012-06-19 07:59:41','0','0','0','  : GLPI');
INSERT INTO `glpi_crontasklogs` VALUES ('1183','17','1182','2012-06-19 07:59:41','2','0.0248711','0',' ,   .');
INSERT INTO `glpi_crontasklogs` VALUES ('1184','9','0','2012-06-19 08:06:39','0','0','0','  : GLPI');
INSERT INTO `glpi_crontasklogs` VALUES ('1185','9','1184','2012-06-19 08:06:39','2','0.0304339','0',' ,   .');
INSERT INTO `glpi_crontasklogs` VALUES ('1186','17','0','2012-06-19 08:12:37','0','0','0','  : GLPI');
INSERT INTO `glpi_crontasklogs` VALUES ('1187','17','1186','2012-06-19 08:12:37','2','0.02544','0',' ,   .');
INSERT INTO `glpi_crontasklogs` VALUES ('1188','9','0','2012-06-19 08:22:24','0','0','0','  : GLPI');
INSERT INTO `glpi_crontasklogs` VALUES ('1189','9','1188','2012-06-19 08:22:24','2','0.0306461','0',' ,   .');
INSERT INTO `glpi_crontasklogs` VALUES ('1190','17','0','2012-06-19 08:27:47','0','0','0','  : GLPI');
INSERT INTO `glpi_crontasklogs` VALUES ('1191','17','1190','2012-06-19 08:27:47','2','0.0256588','0',' ,   .');
INSERT INTO `glpi_crontasklogs` VALUES ('1192','9','0','2012-06-19 08:32:58','0','0','0','  : GLPI');
INSERT INTO `glpi_crontasklogs` VALUES ('1193','9','1192','2012-06-19 08:32:58','2','0.0337939','0',' ,   .');
INSERT INTO `glpi_crontasklogs` VALUES ('1194','17','0','2012-06-19 08:50:30','0','0','0','  : GLPI');
INSERT INTO `glpi_crontasklogs` VALUES ('1195','17','1194','2012-06-19 08:50:30','2','0.024961','0',' ,   .');
INSERT INTO `glpi_crontasklogs` VALUES ('1196','13','0','2012-06-19 09:52:57','0','0','0','  : GLPI');
INSERT INTO `glpi_crontasklogs` VALUES ('1197','13','1196','2012-06-19 09:52:57','2','0.0276','0',' ,   .');
INSERT INTO `glpi_crontasklogs` VALUES ('1198','14','0','2012-06-19 10:01:20','0','0','0','  : GLPI');
INSERT INTO `glpi_crontasklogs` VALUES ('1199','14','1198','2012-06-19 10:01:20','2','0.028147','0',' ,   .');
INSERT INTO `glpi_crontasklogs` VALUES ('1200','9','0','2012-06-20 02:44:08','0','0','0','  : GLPI');
INSERT INTO `glpi_crontasklogs` VALUES ('1201','9','1200','2012-06-20 02:44:08','2','0.029815','0',' ,   .');
INSERT INTO `glpi_crontasklogs` VALUES ('1202','20','0','2012-06-20 02:58:17','0','0','0','  : GLPI');
INSERT INTO `glpi_crontasklogs` VALUES ('1203','20','1202','2012-06-20 02:58:17','2','0.0264452','0',' ,   .');
INSERT INTO `glpi_crontasklogs` VALUES ('1204','17','0','2012-06-20 03:03:51','0','0','0','  : GLPI');
INSERT INTO `glpi_crontasklogs` VALUES ('1205','17','1204','2012-06-20 03:03:51','2','0.0285499','0',' ,   .');
INSERT INTO `glpi_crontasklogs` VALUES ('1206','13','0','2012-06-20 03:48:56','0','0','0','  : GLPI');
INSERT INTO `glpi_crontasklogs` VALUES ('1207','13','1206','2012-06-20 03:48:56','2','0.0288491','0',' ,   .');
INSERT INTO `glpi_crontasklogs` VALUES ('1208','14','0','2012-06-20 04:18:52','0','0','0','  : GLPI');
INSERT INTO `glpi_crontasklogs` VALUES ('1209','14','1208','2012-06-20 04:18:52','2','0.0287089','0',' ,   .');
INSERT INTO `glpi_crontasklogs` VALUES ('1210','15','0','2012-06-20 04:23:53','0','0','0','  : GLPI');
INSERT INTO `glpi_crontasklogs` VALUES ('1211','15','1210','2012-06-20 04:23:53','2','0.0533268','0',' ,   .');
INSERT INTO `glpi_crontasklogs` VALUES ('1212','16','0','2012-06-20 04:29:03','0','0','0','  : GLPI');
INSERT INTO `glpi_crontasklogs` VALUES ('1213','16','1212','2012-06-20 04:29:03','2','0.032634','0',' ,   .');
INSERT INTO `glpi_crontasklogs` VALUES ('1214','9','0','2012-06-20 04:34:05','0','0','0','  : GLPI');
INSERT INTO `glpi_crontasklogs` VALUES ('1215','9','1214','2012-06-20 04:34:05','2','0.0266008','0',' ,   .');
INSERT INTO `glpi_crontasklogs` VALUES ('1216','17','0','2012-06-20 04:39:10','0','0','0','  : GLPI');
INSERT INTO `glpi_crontasklogs` VALUES ('1217','17','1216','2012-06-20 04:39:10','2','0.0254259','0',' ,   .');
INSERT INTO `glpi_crontasklogs` VALUES ('1218','20','0','2012-06-20 04:45:15','0','0','0','  : GLPI');
INSERT INTO `glpi_crontasklogs` VALUES ('1219','20','1218','2012-06-20 04:45:15','2','0.029603','0',' ,   .');
INSERT INTO `glpi_crontasklogs` VALUES ('1220','6','0','2012-06-20 04:51:15','0','0','0','  : GLPI');
INSERT INTO `glpi_crontasklogs` VALUES ('1221','6','1220','2012-06-20 04:51:15','2','0.0247412','0',' ,   .');
INSERT INTO `glpi_crontasklogs` VALUES ('1222','12','0','2012-06-20 04:57:10','0','0','0','  : GLPI');
INSERT INTO `glpi_crontasklogs` VALUES ('1223','12','1222','2012-06-20 04:57:10','2','0.0242212','0',' ,   .');
INSERT INTO `glpi_crontasklogs` VALUES ('1224','18','0','2012-06-20 05:02:39','0','0','0','  : GLPI');
INSERT INTO `glpi_crontasklogs` VALUES ('1225','18','1224','2012-06-20 05:02:39','2','0.037267','0',' ,   .');
INSERT INTO `glpi_crontasklogs` VALUES ('1226','19','0','2012-06-20 05:13:04','0','0','0','  : GLPI');
INSERT INTO `glpi_crontasklogs` VALUES ('1227','19','1226','2012-06-20 05:13:04','2','0.025317','0',' ,  .');
INSERT INTO `glpi_crontasklogs` VALUES ('1228','5','0','2012-06-20 05:18:29','0','0','0','  : GLPI');
INSERT INTO `glpi_crontasklogs` VALUES ('1229','5','1228','2012-06-20 05:18:29','2','0.0283148','0',' ,   .');
INSERT INTO `glpi_crontasklogs` VALUES ('1230','9','0','2012-06-20 05:29:04','0','0','0','  : GLPI');
INSERT INTO `glpi_crontasklogs` VALUES ('1231','9','1230','2012-06-20 05:29:04','2','0.030659','0',' ,   .');
INSERT INTO `glpi_crontasklogs` VALUES ('1232','17','0','2012-06-20 05:34:17','0','0','0','  : GLPI');
INSERT INTO `glpi_crontasklogs` VALUES ('1233','17','1232','2012-06-20 05:34:17','2','0.0253739','0',' ,   .');
INSERT INTO `glpi_crontasklogs` VALUES ('1234','13','0','2012-06-20 05:43:43','0','0','0','  : GLPI');
INSERT INTO `glpi_crontasklogs` VALUES ('1235','13','1234','2012-06-20 05:43:43','2','0.026257','0',' ,   .');
INSERT INTO `glpi_crontasklogs` VALUES ('1236','14','0','2012-06-20 05:57:37','0','0','0','Run mode : GLPI');
INSERT INTO `glpi_crontasklogs` VALUES ('1237','14','1236','2012-06-20 05:57:37','2','0.028754','0','Action completed, no processing required');
INSERT INTO `glpi_crontasklogs` VALUES ('1238','9','0','2012-06-20 05:57:53','0','0','0','Run mode : GLPI');
INSERT INTO `glpi_crontasklogs` VALUES ('1239','9','1238','2012-06-20 05:57:53','2','0.0296249','0','Action completed, no processing required');
INSERT INTO `glpi_crontasklogs` VALUES ('1240','17','0','2012-06-20 06:10:10','0','0','0','  : GLPI');
INSERT INTO `glpi_crontasklogs` VALUES ('1241','17','1240','2012-06-20 06:10:10','2','0.027952','0',' ,   .');
INSERT INTO `glpi_crontasklogs` VALUES ('1242','20','0','2012-06-20 06:26:26','0','0','0','Run mode : GLPI');
INSERT INTO `glpi_crontasklogs` VALUES ('1243','20','1242','2012-06-20 06:26:26','2','0.0294142','0','Action completed, no processing required');
INSERT INTO `glpi_crontasklogs` VALUES ('1244','8','0','2012-06-20 06:27:53','0','0','0','  : GLPI');
INSERT INTO `glpi_crontasklogs` VALUES ('1245','8','1244','2012-06-20 06:27:53','2','0.20121','240',' ,  .');
INSERT INTO `glpi_crontasklogs` VALUES ('1246','9','0','2012-06-20 06:41:59','0','0','0','  : GLPI');
INSERT INTO `glpi_crontasklogs` VALUES ('1247','9','1246','2012-06-20 06:41:59','2','0.031167','0',' ,   .');
INSERT INTO `glpi_crontasklogs` VALUES ('1248','17','0','2012-06-20 06:48:14','0','0','0','  : GLPI');
INSERT INTO `glpi_crontasklogs` VALUES ('1249','17','1248','2012-06-20 06:48:14','2','0.024807','0',' ,   .');
INSERT INTO `glpi_crontasklogs` VALUES ('1250','13','0','2012-06-20 06:53:38','0','0','0','  : GLPI');
INSERT INTO `glpi_crontasklogs` VALUES ('1251','13','1250','2012-06-20 06:53:38','2','0.026197','0',' ,   .');
INSERT INTO `glpi_crontasklogs` VALUES ('1252','9','0','2012-06-21 00:49:20','0','0','0','  : GLPI');
INSERT INTO `glpi_crontasklogs` VALUES ('1253','9','1252','2012-06-21 00:49:20','2','0.0305369','0',' ,   .');
INSERT INTO `glpi_crontasklogs` VALUES ('1254','17','0','2012-06-21 00:53:13','0','0','0','Run mode : GLPI');
INSERT INTO `glpi_crontasklogs` VALUES ('1255','17','1254','2012-06-21 00:53:13','2','0.0285511','0','Action completed, no processing required');
INSERT INTO `glpi_crontasklogs` VALUES ('1256','14','0','2012-06-21 00:55:15','0','0','0','Run mode : GLPI');
INSERT INTO `glpi_crontasklogs` VALUES ('1257','14','1256','2012-06-21 00:55:15','2','0.0240169','0','Action completed, no processing required');
INSERT INTO `glpi_crontasklogs` VALUES ('1258','20','0','2012-06-21 01:22:53','0','0','0','  : GLPI');
INSERT INTO `glpi_crontasklogs` VALUES ('1259','20','1258','2012-06-21 01:22:53','2','0.0275111','0',' ,   .');
INSERT INTO `glpi_crontasklogs` VALUES ('1260','13','0','2012-06-21 01:28:07','0','0','0','  : GLPI');
INSERT INTO `glpi_crontasklogs` VALUES ('1261','13','1260','2012-06-21 01:28:07','2','0.0297079','0',' ,   .');
INSERT INTO `glpi_crontasklogs` VALUES ('1262','15','0','2012-06-21 01:33:10','0','0','0','  : GLPI');
INSERT INTO `glpi_crontasklogs` VALUES ('1263','15','1262','2012-06-21 01:33:10','2','0.045646','0',' ,   .');
INSERT INTO `glpi_crontasklogs` VALUES ('1264','16','0','2012-06-21 01:39:11','0','0','0','  : GLPI');
INSERT INTO `glpi_crontasklogs` VALUES ('1265','16','1264','2012-06-21 01:39:11','2','0.0291779','0',' ,   .');
INSERT INTO `glpi_crontasklogs` VALUES ('1266','17','0','2012-06-21 01:56:03','0','0','0','  : GLPI');
INSERT INTO `glpi_crontasklogs` VALUES ('1267','17','1266','2012-06-21 01:56:03','2','0.029681','0',' ,   .');
INSERT INTO `glpi_crontasklogs` VALUES ('1268','9','0','2012-06-21 02:01:19','0','0','0','  : GLPI');
INSERT INTO `glpi_crontasklogs` VALUES ('1269','9','1268','2012-06-21 02:01:19','2','0.037066','0',' ,   .');
INSERT INTO `glpi_crontasklogs` VALUES ('1270','14','0','2012-06-21 02:06:19','0','0','0','  : GLPI');
INSERT INTO `glpi_crontasklogs` VALUES ('1271','14','1270','2012-06-21 02:06:19','2','0.0287752','0',' ,   .');
INSERT INTO `glpi_crontasklogs` VALUES ('1272','17','0','2012-06-21 02:13:36','0','0','0','  : GLPI');
INSERT INTO `glpi_crontasklogs` VALUES ('1273','17','1272','2012-06-21 02:13:36','2','0.024708','0',' ,   .');
INSERT INTO `glpi_crontasklogs` VALUES ('1274','9','0','2012-06-21 02:54:16','0','0','0','  : GLPI');
INSERT INTO `glpi_crontasklogs` VALUES ('1275','9','1274','2012-06-21 02:54:16','2','0.0306211','0',' ,   .');
INSERT INTO `glpi_crontasklogs` VALUES ('1276','17','0','2012-06-21 03:00:02','0','0','0','  : GLPI');
INSERT INTO `glpi_crontasklogs` VALUES ('1277','17','1276','2012-06-21 03:00:02','2','0.0293498','0',' ,   .');
INSERT INTO `glpi_crontasklogs` VALUES ('1278','20','0','2012-06-21 03:06:38','0','0','0','  : GLPI');
INSERT INTO `glpi_crontasklogs` VALUES ('1279','20','1278','2012-06-21 03:06:38','2','0.0261419','0',' ,   .');
INSERT INTO `glpi_crontasklogs` VALUES ('1280','13','0','2012-06-21 03:45:11','0','0','0','  : GLPI');
INSERT INTO `glpi_crontasklogs` VALUES ('1281','13','1280','2012-06-21 03:45:11','2','0.0276241','0',' ,   .');
INSERT INTO `glpi_crontasklogs` VALUES ('1282','9','0','2012-06-21 03:53:38','0','0','0','  : GLPI');
INSERT INTO `glpi_crontasklogs` VALUES ('1283','9','1282','2012-06-21 03:53:38','2','0.030436','0',' ,   .');
INSERT INTO `glpi_crontasklogs` VALUES ('1284','17','0','2012-06-21 03:58:41','0','0','0','  : GLPI');
INSERT INTO `glpi_crontasklogs` VALUES ('1285','17','1284','2012-06-21 03:58:41','2','0.0295341','0',' ,   .');
INSERT INTO `glpi_crontasklogs` VALUES ('1286','14','0','2012-06-21 04:03:45','0','0','0','  : GLPI');
INSERT INTO `glpi_crontasklogs` VALUES ('1287','14','1286','2012-06-21 04:03:45','2','0.0280709','0',' ,   .');
INSERT INTO `glpi_crontasklogs` VALUES ('1288','9','0','2012-06-21 04:18:52','0','0','0','  : GLPI');
INSERT INTO `glpi_crontasklogs` VALUES ('1289','9','1288','2012-06-21 04:18:52','2','0.0307639','0',' ,   .');
INSERT INTO `glpi_crontasklogs` VALUES ('1290','17','0','2012-06-21 04:24:36','0','0','0','  : GLPI');
INSERT INTO `glpi_crontasklogs` VALUES ('1291','17','1290','2012-06-21 04:24:36','2','0.02876','0',' ,   .');
INSERT INTO `glpi_crontasklogs` VALUES ('1292','20','0','2012-06-21 04:30:09','0','0','0','  : GLPI');
INSERT INTO `glpi_crontasklogs` VALUES ('1293','20','1292','2012-06-21 04:30:09','2','0.0290658','0',' ,   .');
INSERT INTO `glpi_crontasklogs` VALUES ('1294','9','0','2012-06-21 05:52:45','0','0','0','  : GLPI');
INSERT INTO `glpi_crontasklogs` VALUES ('1295','9','1294','2012-06-21 05:52:45','2','0.0269768','0',' ,   .');
INSERT INTO `glpi_crontasklogs` VALUES ('1296','17','0','2012-06-21 05:58:26','0','0','0','  : GLPI');
INSERT INTO `glpi_crontasklogs` VALUES ('1297','17','1296','2012-06-21 05:58:26','2','0.0289111','0',' ,   .');
INSERT INTO `glpi_crontasklogs` VALUES ('1298','13','0','2012-06-21 06:04:51','0','0','0','  : GLPI');
INSERT INTO `glpi_crontasklogs` VALUES ('1299','13','1298','2012-06-21 06:04:51','2','0.028259','0',' ,   .');
INSERT INTO `glpi_crontasklogs` VALUES ('1300','6','0','2012-06-21 06:12:28','0','0','0','  : GLPI');
INSERT INTO `glpi_crontasklogs` VALUES ('1301','6','1300','2012-06-21 06:12:28','2','0.0281081','0',' ,   .');
INSERT INTO `glpi_crontasklogs` VALUES ('1302','12','0','2012-06-21 06:22:49','0','0','0','  : GLPI');
INSERT INTO `glpi_crontasklogs` VALUES ('1303','12','1302','2012-06-21 06:22:49','1','0.028151','1','Clean 1 session file(s) created since more than 180 seconds
');
INSERT INTO `glpi_crontasklogs` VALUES ('1304','12','1302','2012-06-21 06:22:49','2','0.029439','1',' ,  .');
INSERT INTO `glpi_crontasklogs` VALUES ('1305','18','0','2012-06-21 06:33:02','0','0','0','  : GLPI');
INSERT INTO `glpi_crontasklogs` VALUES ('1306','18','1305','2012-06-21 06:33:02','2','0.0448029','0',' ,   .');
INSERT INTO `glpi_crontasklogs` VALUES ('1307','14','0','2012-06-21 06:39:13','0','0','0','  : GLPI');
INSERT INTO `glpi_crontasklogs` VALUES ('1308','14','1307','2012-06-21 06:39:13','2','0.0278881','0',' ,   .');
INSERT INTO `glpi_crontasklogs` VALUES ('1309','19','0','2012-06-21 07:19:45','0','0','0','  : GLPI');
INSERT INTO `glpi_crontasklogs` VALUES ('1310','19','1309','2012-06-21 07:19:45','2','0.028621','0',' ,  .');
INSERT INTO `glpi_crontasklogs` VALUES ('1311','5','0','2012-06-21 07:25:13','0','0','0','  : GLPI');
INSERT INTO `glpi_crontasklogs` VALUES ('1312','5','1311','2012-06-21 07:25:13','2','0.025285','0',' ,   .');
INSERT INTO `glpi_crontasklogs` VALUES ('1313','20','0','2012-06-21 07:33:08','0','0','0','  : GLPI');
INSERT INTO `glpi_crontasklogs` VALUES ('1314','20','1313','2012-06-21 07:33:08','2','0.0288961','0',' ,   .');
INSERT INTO `glpi_crontasklogs` VALUES ('1315','9','0','2012-06-21 07:38:32','0','0','0','  : GLPI');
INSERT INTO `glpi_crontasklogs` VALUES ('1316','9','1315','2012-06-21 07:38:32','2','0.0311501','0',' ,   .');
INSERT INTO `glpi_crontasklogs` VALUES ('1317','17','0','2012-06-21 07:52:07','0','0','0','  : GLPI');
INSERT INTO `glpi_crontasklogs` VALUES ('1318','17','1317','2012-06-21 07:52:07','2','0.0288439','0',' ,   .');
INSERT INTO `glpi_crontasklogs` VALUES ('1319','13','0','2012-06-21 07:57:32','0','0','0','  : GLPI');
INSERT INTO `glpi_crontasklogs` VALUES ('1320','13','1319','2012-06-21 07:57:32','2','0.0285912','0',' ,   .');
INSERT INTO `glpi_crontasklogs` VALUES ('1321','14','0','2012-06-21 08:02:59','0','0','0','  : GLPI');
INSERT INTO `glpi_crontasklogs` VALUES ('1322','14','1321','2012-06-21 08:02:59','2','0.0298469','0',' ,   .');
INSERT INTO `glpi_crontasklogs` VALUES ('1323','9','0','2012-06-21 08:09:06','0','0','0','  : GLPI');
INSERT INTO `glpi_crontasklogs` VALUES ('1324','9','1323','2012-06-21 08:09:06','2','0.0308299','0',' ,   .');
INSERT INTO `glpi_crontasklogs` VALUES ('1325','17','0','2012-06-21 08:14:18','0','0','0','  : GLPI');
INSERT INTO `glpi_crontasklogs` VALUES ('1326','17','1325','2012-06-21 08:14:18','2','0.0282981','0',' ,   .');
INSERT INTO `glpi_crontasklogs` VALUES ('1327','9','0','2012-06-21 08:19:21','0','0','0','  : GLPI');
INSERT INTO `glpi_crontasklogs` VALUES ('1328','9','1327','2012-06-21 08:19:21','2','0.030256','0',' ,   .');
INSERT INTO `glpi_crontasklogs` VALUES ('1329','17','0','2012-06-21 08:27:01','0','0','0','  : GLPI');
INSERT INTO `glpi_crontasklogs` VALUES ('1330','17','1329','2012-06-21 08:27:01','2','0.0286572','0',' ,   .');
INSERT INTO `glpi_crontasklogs` VALUES ('1331','9','0','2012-06-21 08:32:15','0','0','0','  : GLPI');
INSERT INTO `glpi_crontasklogs` VALUES ('1332','9','1331','2012-06-21 08:32:15','2','0.0307031','0',' ,   .');
INSERT INTO `glpi_crontasklogs` VALUES ('1333','17','0','2012-06-21 08:40:04','0','0','0','  : GLPI');
INSERT INTO `glpi_crontasklogs` VALUES ('1334','17','1333','2012-06-21 08:40:04','2','0.02582','0',' ,   .');
INSERT INTO `glpi_crontasklogs` VALUES ('1335','20','0','2012-06-22 03:53:52','0','0','0','  : GLPI');
INSERT INTO `glpi_crontasklogs` VALUES ('1336','20','1335','2012-06-22 03:53:52','2','0.028224','0',' ,   .');
INSERT INTO `glpi_crontasklogs` VALUES ('1337','9','0','2012-06-22 05:44:01','0','0','0','  : GLPI');
INSERT INTO `glpi_crontasklogs` VALUES ('1338','9','1337','2012-06-22 05:44:01','2','0.0299351','0',' ,   .');
INSERT INTO `glpi_crontasklogs` VALUES ('1339','17','0','2012-06-25 02:37:02','0','0','0','Run mode : GLPI');
INSERT INTO `glpi_crontasklogs` VALUES ('1340','17','1339','2012-06-25 02:37:02','2','0.0253251','0','Action completed, no processing required');
INSERT INTO `glpi_crontasklogs` VALUES ('1341','13','0','2012-06-25 02:38:20','0','0','0','Run mode : GLPI');
INSERT INTO `glpi_crontasklogs` VALUES ('1342','13','1341','2012-06-25 02:38:20','2','0.024199','0','Action completed, no processing required');
INSERT INTO `glpi_crontasklogs` VALUES ('1343','14','0','2012-06-25 02:50:32','0','0','0','  : GLPI');
INSERT INTO `glpi_crontasklogs` VALUES ('1344','14','1343','2012-06-25 02:50:32','2','0.0279901','0',' ,   .');
INSERT INTO `glpi_crontasklogs` VALUES ('1345','15','0','2012-06-25 02:50:40','0','0','0','  : GLPI');
INSERT INTO `glpi_crontasklogs` VALUES ('1346','15','1345','2012-06-25 02:50:40','2','0.044873','0',' ,   .');
INSERT INTO `glpi_crontasklogs` VALUES ('1347','16','0','2012-06-25 02:55:51','0','0','0','  : GLPI');
INSERT INTO `glpi_crontasklogs` VALUES ('1348','16','1347','2012-06-25 02:55:51','2','0.0283451','0',' ,   .');
INSERT INTO `glpi_crontasklogs` VALUES ('1349','20','0','2012-06-25 02:56:42','0','0','0','  : GLPI');
INSERT INTO `glpi_crontasklogs` VALUES ('1350','20','1349','2012-06-25 02:56:42','2','0.025218','0',' ,   .');
INSERT INTO `glpi_crontasklogs` VALUES ('1351','9','0','2012-06-25 03:01:12','0','0','0','  : GLPI');
INSERT INTO `glpi_crontasklogs` VALUES ('1352','9','1351','2012-06-25 03:01:12','2','0.0297339','0',' ,   .');
INSERT INTO `glpi_crontasklogs` VALUES ('1353','6','0','2012-06-25 03:02:23','0','0','0','  : GLPI');
INSERT INTO `glpi_crontasklogs` VALUES ('1354','6','1353','2012-06-25 03:02:23','2','0.0292139','0',' ,   .');
INSERT INTO `glpi_crontasklogs` VALUES ('1355','12','0','2012-06-25 03:41:28','0','0','0','  : GLPI');
INSERT INTO `glpi_crontasklogs` VALUES ('1356','12','1355','2012-06-25 03:41:28','1','0.024189','1','Clean 1 session file(s) created since more than 180 seconds
');
INSERT INTO `glpi_crontasklogs` VALUES ('1357','12','1355','2012-06-25 03:41:28','2','0.025686','1',' ,  .');
INSERT INTO `glpi_crontasklogs` VALUES ('1358','18','0','2012-06-25 03:46:34','0','0','0','  : GLPI');
INSERT INTO `glpi_crontasklogs` VALUES ('1359','18','1358','2012-06-25 03:46:34','2','0.0382519','0',' ,   .');
INSERT INTO `glpi_crontasklogs` VALUES ('1360','19','0','2012-06-25 03:53:12','0','0','0','  : GLPI');
INSERT INTO `glpi_crontasklogs` VALUES ('1361','19','1360','2012-06-25 03:53:12','2','0.0303478','0',' ,  .');
INSERT INTO `glpi_crontasklogs` VALUES ('1362','5','0','2012-06-25 03:58:58','0','0','0','  : GLPI');
INSERT INTO `glpi_crontasklogs` VALUES ('1363','5','1362','2012-06-25 03:58:58','2','0.0287311','0',' ,   .');
INSERT INTO `glpi_crontasklogs` VALUES ('1364','17','0','2012-06-25 04:04:08','0','0','0','  : GLPI');
INSERT INTO `glpi_crontasklogs` VALUES ('1365','17','1364','2012-06-25 04:04:08','2','0.03016','0',' ,   .');
INSERT INTO `glpi_crontasklogs` VALUES ('1366','9','0','2012-06-25 04:09:12','0','0','0','  : GLPI');
INSERT INTO `glpi_crontasklogs` VALUES ('1367','9','1366','2012-06-25 04:09:12','2','0.0302849','0',' ,   .');
INSERT INTO `glpi_crontasklogs` VALUES ('1368','13','0','2012-06-25 05:00:08','0','0','0','Run mode : GLPI');
INSERT INTO `glpi_crontasklogs` VALUES ('1369','13','1368','2012-06-25 05:00:08','2','0.028435','0','Action completed, no processing required');
INSERT INTO `glpi_crontasklogs` VALUES ('1370','14','0','2012-06-25 05:05:45','0','0','0','  : GLPI');
INSERT INTO `glpi_crontasklogs` VALUES ('1371','14','1370','2012-06-25 05:05:45','2','0.0250659','0',' ,   .');
INSERT INTO `glpi_crontasklogs` VALUES ('1372','20','0','2012-06-25 05:11:32','0','0','0','  : GLPI');
INSERT INTO `glpi_crontasklogs` VALUES ('1373','20','1372','2012-06-25 05:11:32','2','0.029362','0',' ,   .');
INSERT INTO `glpi_crontasklogs` VALUES ('1374','17','0','2012-06-25 05:13:07','0','0','0','  : GLPI');
INSERT INTO `glpi_crontasklogs` VALUES ('1375','17','1374','2012-06-25 05:13:07','2','0.0292392','0',' ,   .');
INSERT INTO `glpi_crontasklogs` VALUES ('1376','9','0','2012-06-25 05:18:16','0','0','0','  : GLPI');
INSERT INTO `glpi_crontasklogs` VALUES ('1377','9','1376','2012-06-25 05:18:16','2','0.0331631','0',' ,   .');
INSERT INTO `glpi_crontasklogs` VALUES ('1378','17','0','2012-06-25 05:21:03','0','0','0','  : GLPI');
INSERT INTO `glpi_crontasklogs` VALUES ('1379','17','1378','2012-06-25 05:21:03','2','0.0292292','0',' ,   .');
INSERT INTO `glpi_crontasklogs` VALUES ('1380','17','0','2012-06-25 05:28:56','0','0','0','  : GLPI');
INSERT INTO `glpi_crontasklogs` VALUES ('1381','17','1380','2012-06-25 05:28:56','2','0.029645','0',' ,   .');
INSERT INTO `glpi_crontasklogs` VALUES ('1382','9','0','2012-06-25 05:34:01','0','0','0','  : GLPI');
INSERT INTO `glpi_crontasklogs` VALUES ('1383','9','1382','2012-06-25 05:34:01','2','0.030432','0',' ,   .');
INSERT INTO `glpi_crontasklogs` VALUES ('1384','17','0','2012-06-25 05:38:22','0','0','0','  : GLPI');
INSERT INTO `glpi_crontasklogs` VALUES ('1385','17','1384','2012-06-25 05:38:22','2','0.0283699','0',' ,   .');
INSERT INTO `glpi_crontasklogs` VALUES ('1386','17','0','2012-06-25 05:43:27','0','0','0','  : GLPI');
INSERT INTO `glpi_crontasklogs` VALUES ('1387','17','1386','2012-06-25 05:43:27','2','0.0305591','0',' ,   .');
INSERT INTO `glpi_crontasklogs` VALUES ('1388','9','0','2012-06-25 05:50:43','0','0','0','  : GLPI');
INSERT INTO `glpi_crontasklogs` VALUES ('1389','9','1388','2012-06-25 05:50:43','2','0.0298111','0',' ,   .');
INSERT INTO `glpi_crontasklogs` VALUES ('1390','17','0','2012-06-25 05:55:59','0','0','0','  : GLPI');
INSERT INTO `glpi_crontasklogs` VALUES ('1391','17','1390','2012-06-25 05:55:59','2','0.024797','0',' ,   .');
INSERT INTO `glpi_crontasklogs` VALUES ('1392','13','0','2012-06-25 06:22:11','0','0','0','  : GLPI');
INSERT INTO `glpi_crontasklogs` VALUES ('1393','13','1392','2012-06-25 06:22:11','2','0.0281498','0',' ,   .');
INSERT INTO `glpi_crontasklogs` VALUES ('1394','9','0','2012-06-25 06:38:42','0','0','0','  : GLPI');
INSERT INTO `glpi_crontasklogs` VALUES ('1395','9','1394','2012-06-25 06:38:42','2','0.0264778','0',' ,   .');
INSERT INTO `glpi_crontasklogs` VALUES ('1396','17','0','2012-06-25 06:40:07','0','0','0','  : GLPI');
INSERT INTO `glpi_crontasklogs` VALUES ('1397','17','1396','2012-06-25 06:40:07','2','0.0251951','0',' ,   .');
INSERT INTO `glpi_crontasklogs` VALUES ('1398','14','0','2012-06-25 06:47:14','0','0','0','  : GLPI');
INSERT INTO `glpi_crontasklogs` VALUES ('1399','14','1398','2012-06-25 06:47:14','2','0.023881','0',' ,   .');
INSERT INTO `glpi_crontasklogs` VALUES ('1400','20','0','2012-06-25 06:52:07','0','0','0','  : GLPI');
INSERT INTO `glpi_crontasklogs` VALUES ('1401','20','1400','2012-06-25 06:52:07','2','0.0253088','0',' ,   .');
INSERT INTO `glpi_crontasklogs` VALUES ('1402','17','0','2012-06-25 06:56:37','0','0','0','  : GLPI');
INSERT INTO `glpi_crontasklogs` VALUES ('1403','17','1402','2012-06-25 06:56:37','2','0.02913','0',' ,   .');
INSERT INTO `glpi_crontasklogs` VALUES ('1404','9','0','2012-06-25 07:00:30','0','0','0','  : GLPI');
INSERT INTO `glpi_crontasklogs` VALUES ('1405','9','1404','2012-06-25 07:00:30','2','0.029403','0',' ,   .');
INSERT INTO `glpi_crontasklogs` VALUES ('1406','17','0','2012-06-25 07:02:57','0','0','0','  : GLPI');
INSERT INTO `glpi_crontasklogs` VALUES ('1407','17','1406','2012-06-25 07:02:57','2','0.0283251','0',' ,   .');
INSERT INTO `glpi_crontasklogs` VALUES ('1408','17','0','2012-06-25 07:07:59','0','0','0','  : GLPI');
INSERT INTO `glpi_crontasklogs` VALUES ('1409','17','1408','2012-06-25 07:07:59','2','0.0253601','0',' ,   .');
INSERT INTO `glpi_crontasklogs` VALUES ('1410','9','0','2012-06-25 07:13:34','0','0','0','  : GLPI');
INSERT INTO `glpi_crontasklogs` VALUES ('1411','9','1410','2012-06-25 07:13:34','2','0.0264499','0',' ,   .');
INSERT INTO `glpi_crontasklogs` VALUES ('1412','17','0','2012-06-25 07:14:26','0','0','0','  : GLPI');
INSERT INTO `glpi_crontasklogs` VALUES ('1413','17','1412','2012-06-25 07:14:26','2','0.0301371','0',' ,   .');
INSERT INTO `glpi_crontasklogs` VALUES ('1414','17','0','2012-06-25 07:30:57','0','0','0','  : GLPI');
INSERT INTO `glpi_crontasklogs` VALUES ('1415','17','1414','2012-06-25 07:30:57','2','0.025001','0',' ,   .');
INSERT INTO `glpi_crontasklogs` VALUES ('1416','13','0','2012-06-25 07:43:18','0','0','0','  : GLPI');
INSERT INTO `glpi_crontasklogs` VALUES ('1417','13','1416','2012-06-25 07:43:18','2','0.029115','0',' ,   .');
INSERT INTO `glpi_crontasklogs` VALUES ('1418','9','0','2012-06-25 07:49:28','0','0','0','  : GLPI');
INSERT INTO `glpi_crontasklogs` VALUES ('1419','9','1418','2012-06-25 07:49:28','2','0.0304821','0',' ,   .');
INSERT INTO `glpi_crontasklogs` VALUES ('1420','17','0','2012-06-25 08:07:21','0','0','0','  : GLPI');
INSERT INTO `glpi_crontasklogs` VALUES ('1421','17','1420','2012-06-25 08:07:21','2','0.0287189','0',' ,   .');
INSERT INTO `glpi_crontasklogs` VALUES ('1422','14','0','2012-06-25 08:13:00','0','0','0','  : GLPI');
INSERT INTO `glpi_crontasklogs` VALUES ('1423','14','1422','2012-06-25 08:13:00','2','0.0238788','0',' ,   .');
INSERT INTO `glpi_crontasklogs` VALUES ('1424','20','0','2012-06-25 08:18:37','0','0','0','  : GLPI');
INSERT INTO `glpi_crontasklogs` VALUES ('1425','20','1424','2012-06-25 08:18:37','2','0.0250881','0',' ,   .');
INSERT INTO `glpi_crontasklogs` VALUES ('1426','9','0','2012-06-25 08:25:22','0','0','0','  : GLPI');
INSERT INTO `glpi_crontasklogs` VALUES ('1427','9','1426','2012-06-25 08:25:22','2','0.0293889','0',' ,   .');
INSERT INTO `glpi_crontasklogs` VALUES ('1428','17','0','2012-06-25 08:36:03','0','0','0','  : GLPI');
INSERT INTO `glpi_crontasklogs` VALUES ('1429','17','1428','2012-06-25 08:36:03','2','0.025435','0',' ,   .');
INSERT INTO `glpi_crontasklogs` VALUES ('1430','9','0','2012-06-25 08:53:06','0','0','0','  : GLPI');
INSERT INTO `glpi_crontasklogs` VALUES ('1431','9','1430','2012-06-25 08:53:06','2','0.032403','0',' ,   .');
INSERT INTO `glpi_crontasklogs` VALUES ('1432','17','0','2012-06-25 10:26:04','0','0','0','  : GLPI');
INSERT INTO `glpi_crontasklogs` VALUES ('1433','17','1432','2012-06-25 10:26:04','2','0.025394','0',' ,   .');
INSERT INTO `glpi_crontasklogs` VALUES ('1434','13','0','2012-06-25 23:54:03','0','0','0','  : GLPI');
INSERT INTO `glpi_crontasklogs` VALUES ('1435','13','1434','2012-06-25 23:54:03','2','0.0242319','0',' ,   .');
INSERT INTO `glpi_crontasklogs` VALUES ('1436','9','0','2012-06-26 00:55:16','0','0','0','  : GLPI');
INSERT INTO `glpi_crontasklogs` VALUES ('1437','9','1436','2012-06-26 00:55:16','2','0.026499','0',' ,   .');
INSERT INTO `glpi_crontasklogs` VALUES ('1438','14','0','2012-06-26 02:38:04','0','0','0','  : GLPI');
INSERT INTO `glpi_crontasklogs` VALUES ('1439','14','1438','2012-06-26 02:38:04','2','0.0279469','0',' ,   .');
INSERT INTO `glpi_crontasklogs` VALUES ('1440','20','0','2012-06-26 02:45:40','0','0','0','  : GLPI');
INSERT INTO `glpi_crontasklogs` VALUES ('1441','20','1440','2012-06-26 02:45:40','2','0.0286722','0',' ,   .');
INSERT INTO `glpi_crontasklogs` VALUES ('1442','17','0','2012-06-26 02:50:49','0','0','0','  : GLPI');
INSERT INTO `glpi_crontasklogs` VALUES ('1443','17','1442','2012-06-26 02:50:49','2','0.029866','0',' ,   .');
INSERT INTO `glpi_crontasklogs` VALUES ('1444','15','0','2012-06-26 03:00:28','0','0','0','  : GLPI');
INSERT INTO `glpi_crontasklogs` VALUES ('1445','15','1444','2012-06-26 03:00:28','2','0.044462','0',' ,   .');
INSERT INTO `glpi_crontasklogs` VALUES ('1446','16','0','2012-06-26 03:36:18','0','0','0','  : GLPI');
INSERT INTO `glpi_crontasklogs` VALUES ('1447','16','1446','2012-06-26 03:36:18','2','0.0281689','0',' ,   .');
INSERT INTO `glpi_crontasklogs` VALUES ('1448','13','0','2012-06-26 03:43:09','0','0','0','  : GLPI');
INSERT INTO `glpi_crontasklogs` VALUES ('1449','13','1448','2012-06-26 03:43:09','2','0.0282359','0',' ,   .');
INSERT INTO `glpi_crontasklogs` VALUES ('1450','9','0','2012-06-26 04:53:18','0','0','0','  : GLPI');
INSERT INTO `glpi_crontasklogs` VALUES ('1451','9','1450','2012-06-26 04:53:18','2','0.0306771','0',' ,   .');
INSERT INTO `glpi_crontasklogs` VALUES ('1452','17','0','2012-06-26 04:59:48','0','0','0','  : GLPI');
INSERT INTO `glpi_crontasklogs` VALUES ('1453','17','1452','2012-06-26 04:59:48','2','0.024425','0',' ,   .');
INSERT INTO `glpi_crontasklogs` VALUES ('1454','6','0','2012-06-26 05:05:10','0','0','0','  : GLPI');
INSERT INTO `glpi_crontasklogs` VALUES ('1455','6','1454','2012-06-26 05:05:10','2','0.0245221','0',' ,   .');
INSERT INTO `glpi_crontasklogs` VALUES ('1456','14','0','2012-06-26 05:10:22','0','0','0','  : GLPI');
INSERT INTO `glpi_crontasklogs` VALUES ('1457','14','1456','2012-06-26 05:10:22','2','0.0246489','0',' ,   .');
INSERT INTO `glpi_crontasklogs` VALUES ('1458','12','0','2012-06-26 05:16:34','0','0','0','  : GLPI');
INSERT INTO `glpi_crontasklogs` VALUES ('1459','12','1458','2012-06-26 05:16:34','1','0.0245981','1','Clean 1 session file(s) created since more than 180 seconds
');
INSERT INTO `glpi_crontasklogs` VALUES ('1460','12','1458','2012-06-26 05:16:34','2','0.0263011','1',' ,  .');
INSERT INTO `glpi_crontasklogs` VALUES ('1461','20','0','2012-06-26 05:21:43','0','0','0','  : GLPI');
INSERT INTO `glpi_crontasklogs` VALUES ('1462','20','1461','2012-06-26 05:21:43','2','0.0288148','0',' ,   .');
INSERT INTO `glpi_crontasklogs` VALUES ('1463','18','0','2012-06-26 05:23:16','0','0','0','Run mode : GLPI');
INSERT INTO `glpi_crontasklogs` VALUES ('1464','18','1463','2012-06-26 05:23:16','2','0.037241','0','Action completed, no processing required');
INSERT INTO `glpi_crontasklogs` VALUES ('1465','19','0','2012-06-26 05:28:58','0','0','0',' /<span style=\'font-size:12px; color:red;\'>crontask/36</span> : GLPI/<span style=\'font-size:12px; color:red;\'>crontask/34</span>');
INSERT INTO `glpi_crontasklogs` VALUES ('1466','5','0','2012-06-26 05:30:41','0','0','0','  : GLPI');
INSERT INTO `glpi_crontasklogs` VALUES ('1467','5','1466','2012-06-26 05:30:41','2','0.024477','0',' ,   .');
INSERT INTO `glpi_crontasklogs` VALUES ('1468','13','0','2012-06-26 05:35:42','0','0','0',' /<span style=\'font-size:12px; color:red;\'>crontask/36</span> : GLPI/<span style=\'font-size:12px; color:red;\'>crontask/34</span>');
INSERT INTO `glpi_crontasklogs` VALUES ('1469','9','0','2012-06-26 05:36:49','0','0','0','  : GLPI');
INSERT INTO `glpi_crontasklogs` VALUES ('1470','9','1469','2012-06-26 05:36:49','2','0.0306981','0',' ,   .');
INSERT INTO `glpi_crontasklogs` VALUES ('1471','17','0','2012-06-26 06:10:45','0','0','0','  : GLPI');
INSERT INTO `glpi_crontasklogs` VALUES ('1472','17','1471','2012-06-26 06:10:45','2','0.0277119','0',' ,   .');
INSERT INTO `glpi_crontasklogs` VALUES ('1473','9','0','2012-06-26 06:48:09','0','0','0','  : GLPI');
INSERT INTO `glpi_crontasklogs` VALUES ('1474','9','1473','2012-06-26 06:48:09','2','0.028002','0',' ,   .');
INSERT INTO `glpi_crontasklogs` VALUES ('1475','14','0','2012-06-26 06:54:55','0','0','0','  : GLPI');
INSERT INTO `glpi_crontasklogs` VALUES ('1476','14','1475','2012-06-26 06:54:55','2','0.0285201','0',' ,   .');
INSERT INTO `glpi_crontasklogs` VALUES ('1477','17','0','2012-06-26 06:58:35','0','0','0','  : GLPI');
INSERT INTO `glpi_crontasklogs` VALUES ('1478','17','1477','2012-06-26 06:58:35','2','0.0249681','0',' ,   .');
INSERT INTO `glpi_crontasklogs` VALUES ('1479','20','0','2012-06-26 07:47:01','0','0','0','  : GLPI');
INSERT INTO `glpi_crontasklogs` VALUES ('1480','20','1479','2012-06-26 07:47:01','2','0.025285','0',' ,   .');
INSERT INTO `glpi_crontasklogs` VALUES ('1481','13','0','2012-06-26 08:05:05','0','0','0','  : GLPI');
INSERT INTO `glpi_crontasklogs` VALUES ('1482','13','1481','2012-06-26 08:05:05','2','0.0245888','0',' ,   .');
INSERT INTO `glpi_crontasklogs` VALUES ('1483','9','0','2012-06-26 09:47:52','0','0','0','  : GLPI');
INSERT INTO `glpi_crontasklogs` VALUES ('1484','9','1483','2012-06-26 09:47:52','2','0.0267789','0',' ,   .');
INSERT INTO `glpi_crontasklogs` VALUES ('1485','17','0','2012-06-27 02:18:22','0','0','0','  : GLPI');
INSERT INTO `glpi_crontasklogs` VALUES ('1486','17','1485','2012-06-27 02:18:22','2','0.029912','0',' ,   .');
INSERT INTO `glpi_crontasklogs` VALUES ('1487','14','0','2012-06-27 03:56:01','0','0','0','  : GLPI');
INSERT INTO `glpi_crontasklogs` VALUES ('1488','14','1487','2012-06-27 03:56:01','2','0.029012','0',' ,   .');
INSERT INTO `glpi_crontasklogs` VALUES ('1489','20','0','2012-06-27 04:06:31','0','0','0','  : GLPI');
INSERT INTO `glpi_crontasklogs` VALUES ('1490','20','1489','2012-06-27 04:06:31','2','0.0300281','0',' ,   .');
INSERT INTO `glpi_crontasklogs` VALUES ('1491','13','0','2012-06-27 04:07:34','0','0','0','  : GLPI');
INSERT INTO `glpi_crontasklogs` VALUES ('1492','13','1491','2012-06-27 04:07:34','2','0.0284121','0',' ,   .');
INSERT INTO `glpi_crontasklogs` VALUES ('1493','9','0','2012-06-27 04:17:17','0','0','0','  : GLPI');
INSERT INTO `glpi_crontasklogs` VALUES ('1494','9','1493','2012-06-27 04:17:17','2','0.0306981','0',' ,   .');
INSERT INTO `glpi_crontasklogs` VALUES ('1495','15','0','2012-06-27 04:48:17','0','0','0','  : GLPI');
INSERT INTO `glpi_crontasklogs` VALUES ('1496','15','1495','2012-06-27 04:48:17','2','0.044363','0',' ,   .');
INSERT INTO `glpi_crontasklogs` VALUES ('1497','16','0','2012-06-27 05:27:33','0','0','0','  : GLPI');
INSERT INTO `glpi_crontasklogs` VALUES ('1498','16','1497','2012-06-27 05:27:33','2','0.025202','0',' ,   .');
INSERT INTO `glpi_crontasklogs` VALUES ('1499','17','0','2012-06-27 05:32:40','0','0','0','  : GLPI');
INSERT INTO `glpi_crontasklogs` VALUES ('1500','17','1499','2012-06-27 05:32:40','2','0.0289428','0',' ,   .');
INSERT INTO `glpi_crontasklogs` VALUES ('1501','9','0','2012-06-27 05:37:47','0','0','0','  : GLPI');
INSERT INTO `glpi_crontasklogs` VALUES ('1502','9','1501','2012-06-27 05:37:47','2','0.030128','0',' ,   .');
INSERT INTO `glpi_crontasklogs` VALUES ('1503','14','0','2012-06-27 05:42:47','0','0','0','  : GLPI');
INSERT INTO `glpi_crontasklogs` VALUES ('1504','14','1503','2012-06-27 05:42:47','2','0.0282631','0',' ,   .');
INSERT INTO `glpi_crontasklogs` VALUES ('1505','6','0','2012-06-27 05:59:23','0','0','0','  : GLPI');
INSERT INTO `glpi_crontasklogs` VALUES ('1506','6','1505','2012-06-27 05:59:23','2','0.0291901','0',' ,   .');
INSERT INTO `glpi_crontasklogs` VALUES ('1507','20','0','2012-06-27 06:04:28','0','0','0','  : GLPI');
INSERT INTO `glpi_crontasklogs` VALUES ('1508','20','1507','2012-06-27 06:04:28','2','0.0272841','0',' ,   .');
INSERT INTO `glpi_crontasklogs` VALUES ('1509','13','0','2012-06-27 06:09:29','0','0','0','  : GLPI');
INSERT INTO `glpi_crontasklogs` VALUES ('1510','13','1509','2012-06-27 06:09:29','2','0.029268','0',' ,   .');
INSERT INTO `glpi_crontasklogs` VALUES ('1511','12','0','2012-06-27 06:15:35','0','0','0','  : GLPI');
INSERT INTO `glpi_crontasklogs` VALUES ('1512','12','1511','2012-06-27 06:15:35','2','0.0286989','0',' ,   .');
INSERT INTO `glpi_crontasklogs` VALUES ('1513','18','0','2012-06-27 06:20:38','0','0','0','  : GLPI');
INSERT INTO `glpi_crontasklogs` VALUES ('1514','18','1513','2012-06-27 06:20:38','2','0.0367801','0',' ,   .');
INSERT INTO `glpi_crontasklogs` VALUES ('1515','19','0','2012-06-27 06:50:25','0','0','0','  : GLPI');
INSERT INTO `glpi_crontasklogs` VALUES ('1516','19','1515','2012-06-27 06:50:25','2','0.029201','0',' ,  .');
INSERT INTO `glpi_crontasklogs` VALUES ('1517','5','0','2012-06-27 07:15:48','0','0','0','Run mode : GLPI');
INSERT INTO `glpi_crontasklogs` VALUES ('1518','5','1517','2012-06-27 07:15:48','2','0.028856','0','Action completed, no processing required');
INSERT INTO `glpi_crontasklogs` VALUES ('1519','17','0','2012-06-27 07:17:19','0','0','0','  : GLPI');
INSERT INTO `glpi_crontasklogs` VALUES ('1520','17','1519','2012-06-27 07:17:19','2','0.029547','0',' ,   .');
INSERT INTO `glpi_crontasklogs` VALUES ('1521','9','0','2012-06-29 02:10:16','0','0','0','  : GLPI');
INSERT INTO `glpi_crontasklogs` VALUES ('1522','9','1521','2012-06-29 02:10:16','2','0.0303299','0',' ,   .');
INSERT INTO `glpi_crontasklogs` VALUES ('1523','8','0','2012-06-29 02:10:18','0','0','0','  : GLPI');
INSERT INTO `glpi_crontasklogs` VALUES ('1524','8','1523','2012-06-29 02:10:18','2','0.25272','240',' ,  .');
INSERT INTO `glpi_crontasklogs` VALUES ('1525','14','0','2012-06-29 02:15:43','0','0','0','  : GLPI');
INSERT INTO `glpi_crontasklogs` VALUES ('1526','14','1525','2012-06-29 02:15:43','2','0.028337','0',' ,   .');
INSERT INTO `glpi_crontasklogs` VALUES ('1527','20','0','2012-06-29 02:21:37','0','0','0','  : GLPI');
INSERT INTO `glpi_crontasklogs` VALUES ('1528','20','1527','2012-06-29 02:21:37','2','0.028852','0',' ,   .');
INSERT INTO `glpi_crontasklogs` VALUES ('1529','13','0','2012-06-29 02:26:52','0','0','0','  : GLPI');
INSERT INTO `glpi_crontasklogs` VALUES ('1530','13','1529','2012-06-29 02:26:52','2','0.0292301','0',' ,   .');
INSERT INTO `glpi_crontasklogs` VALUES ('1531','17','0','2012-06-29 02:53:58','0','0','0','  : GLPI');
INSERT INTO `glpi_crontasklogs` VALUES ('1532','17','1531','2012-06-29 02:53:58','2','0.029032','0',' ,   .');
INSERT INTO `glpi_crontasklogs` VALUES ('1533','15','0','2012-06-29 02:59:00','0','0','0','  : GLPI');
INSERT INTO `glpi_crontasklogs` VALUES ('1534','15','1533','2012-06-29 02:59:00','2','0.045651','0',' ,   .');
INSERT INTO `glpi_crontasklogs` VALUES ('1535','16','0','2012-06-29 03:03:45','0','0','0','Run mode : GLPI');
INSERT INTO `glpi_crontasklogs` VALUES ('1536','16','1535','2012-06-29 03:03:45','2','0.028126','0','Action completed, no processing required');
INSERT INTO `glpi_crontasklogs` VALUES ('1537','6','0','2012-06-29 03:04:15','0','0','0','  : GLPI');
INSERT INTO `glpi_crontasklogs` VALUES ('1538','6','1537','2012-06-29 03:04:15','2','0.0294149','0',' ,   .');

### Dump table glpi_crontasks

DROP TABLE IF EXISTS `glpi_crontasks`;
CREATE TABLE `glpi_crontasks` (
  `id` int(11) NOT NULL AUTO_INCREMENT,
  `itemtype` varchar(100) COLLATE utf8_unicode_ci NOT NULL,
  `name` varchar(150) COLLATE utf8_unicode_ci NOT NULL COMMENT 'task name',
  `frequency` int(11) NOT NULL COMMENT 'second between launch',
  `param` int(11) DEFAULT NULL COMMENT 'task specify parameter',
  `state` int(11) NOT NULL DEFAULT '1' COMMENT '0:disabled, 1:waiting, 2:running',
  `mode` int(11) NOT NULL DEFAULT '1' COMMENT '1:internal, 2:external',
  `allowmode` int(11) NOT NULL DEFAULT '3' COMMENT '1:internal, 2:external, 3:both',
  `hourmin` int(11) NOT NULL DEFAULT '0',
  `hourmax` int(11) NOT NULL DEFAULT '24',
  `logs_lifetime` int(11) NOT NULL DEFAULT '30' COMMENT 'number of days',
  `lastrun` datetime DEFAULT NULL COMMENT 'last run date',
  `lastcode` int(11) DEFAULT NULL COMMENT 'last run return code',
  `comment` text COLLATE utf8_unicode_ci,
  PRIMARY KEY (`id`),
  UNIQUE KEY `unicity` (`itemtype`,`name`),
  KEY `mode` (`mode`)
) ENGINE=MyISAM  DEFAULT CHARSET=utf8 COLLATE=utf8_unicode_ci COMMENT='Task run by internal / external cron.';

INSERT INTO `glpi_crontasks` VALUES ('1','OcsServer','ocsng','300',NULL,'0','1','3','0','24','30',NULL,NULL,NULL);
INSERT INTO `glpi_crontasks` VALUES ('2','CartridgeItem','cartridge','86400','10','0','1','3','0','24','30',NULL,NULL,NULL);
INSERT INTO `glpi_crontasks` VALUES ('3','ConsumableItem','consumable','86400','10','0','1','3','0','24','30',NULL,NULL,NULL);
INSERT INTO `glpi_crontasks` VALUES ('4','SoftwareLicense','software','86400',NULL,'0','1','3','0','24','30',NULL,NULL,NULL);
INSERT INTO `glpi_crontasks` VALUES ('5','Contract','contract','86400',NULL,'1','1','3','0','24','30','2012-06-27 07:15:48',NULL,NULL);
INSERT INTO `glpi_crontasks` VALUES ('6','InfoCom','infocom','86400',NULL,'1','1','3','0','24','30','2012-06-29 03:04:15',NULL,NULL);
INSERT INTO `glpi_crontasks` VALUES ('7','CronTask','logs','86400','30','0','1','3','0','24','30',NULL,NULL,NULL);
INSERT INTO `glpi_crontasks` VALUES ('8','CronTask','optimize','604800',NULL,'1','1','3','0','24','30','2012-06-29 02:10:18',NULL,NULL);
INSERT INTO `glpi_crontasks` VALUES ('9','MailCollector','mailgate','600','10','1','1','3','0','24','30','2012-06-29 02:10:16',NULL,NULL);
INSERT INTO `glpi_crontasks` VALUES ('10','DBconnection','checkdbreplicate','300',NULL,'0','1','3','0','24','30',NULL,NULL,NULL);
INSERT INTO `glpi_crontasks` VALUES ('11','CronTask','checkupdate','604800',NULL,'0','1','3','0','24','30',NULL,NULL,NULL);
INSERT INTO `glpi_crontasks` VALUES ('12','CronTask','session','86400',NULL,'1','1','3','0','24','30','2012-06-27 06:15:35',NULL,NULL);
INSERT INTO `glpi_crontasks` VALUES ('13','CronTask','graph','3600',NULL,'1','1','3','0','24','30','2012-06-29 02:26:52',NULL,NULL);
INSERT INTO `glpi_crontasks` VALUES ('14','ReservationItem','reservation','3600',NULL,'1','1','3','0','24','30','2012-06-29 02:15:43',NULL,NULL);
INSERT INTO `glpi_crontasks` VALUES ('15','Ticket','closeticket','43200',NULL,'1','1','3','0','24','30','2012-06-29 02:59:00',NULL,NULL);
INSERT INTO `glpi_crontasks` VALUES ('16','Ticket','alertnotclosed','43200',NULL,'1','1','3','0','24','30','2012-06-29 03:03:45',NULL,NULL);
INSERT INTO `glpi_crontasks` VALUES ('17','SlaLevel_Ticket','slaticket','300',NULL,'1','1','3','0','24','30','2012-06-29 02:53:59',NULL,NULL);
INSERT INTO `glpi_crontasks` VALUES ('18','Ticket','createinquest','86400',NULL,'1','1','3','0','24','30','2012-06-27 06:20:38',NULL,NULL);
INSERT INTO `glpi_crontasks` VALUES ('19','Crontask','watcher','86400',NULL,'1','1','3','0','24','30','2012-06-27 06:50:25',NULL,NULL);
INSERT INTO `glpi_crontasks` VALUES ('20','TicketRecurrent','ticketrecurrent','3600',NULL,'1','1','3','0','24','30','2012-06-29 02:21:37',NULL,NULL);

### Dump table glpi_devicecases

DROP TABLE IF EXISTS `glpi_devicecases`;
CREATE TABLE `glpi_devicecases` (
  `id` int(11) NOT NULL AUTO_INCREMENT,
  `designation` varchar(255) COLLATE utf8_unicode_ci DEFAULT NULL,
  `devicecasetypes_id` int(11) NOT NULL DEFAULT '0',
  `comment` text COLLATE utf8_unicode_ci,
  `manufacturers_id` int(11) NOT NULL DEFAULT '0',
  PRIMARY KEY (`id`),
  KEY `designation` (`designation`),
  KEY `manufacturers_id` (`manufacturers_id`),
  KEY `devicecasetypes_id` (`devicecasetypes_id`)
) ENGINE=MyISAM DEFAULT CHARSET=utf8 COLLATE=utf8_unicode_ci;


### Dump table glpi_devicecasetypes

DROP TABLE IF EXISTS `glpi_devicecasetypes`;
CREATE TABLE `glpi_devicecasetypes` (
  `id` int(11) NOT NULL AUTO_INCREMENT,
  `name` varchar(255) COLLATE utf8_unicode_ci DEFAULT NULL,
  `comment` text COLLATE utf8_unicode_ci,
  PRIMARY KEY (`id`),
  KEY `name` (`name`)
) ENGINE=MyISAM DEFAULT CHARSET=utf8 COLLATE=utf8_unicode_ci;


### Dump table glpi_devicecontrols

DROP TABLE IF EXISTS `glpi_devicecontrols`;
CREATE TABLE `glpi_devicecontrols` (
  `id` int(11) NOT NULL AUTO_INCREMENT,
  `designation` varchar(255) COLLATE utf8_unicode_ci DEFAULT NULL,
  `is_raid` tinyint(1) NOT NULL DEFAULT '0',
  `comment` text COLLATE utf8_unicode_ci,
  `manufacturers_id` int(11) NOT NULL DEFAULT '0',
  `interfacetypes_id` int(11) NOT NULL DEFAULT '0',
  PRIMARY KEY (`id`),
  KEY `designation` (`designation`),
  KEY `manufacturers_id` (`manufacturers_id`),
  KEY `interfacetypes_id` (`interfacetypes_id`)
) ENGINE=MyISAM DEFAULT CHARSET=utf8 COLLATE=utf8_unicode_ci;


### Dump table glpi_devicedrives

DROP TABLE IF EXISTS `glpi_devicedrives`;
CREATE TABLE `glpi_devicedrives` (
  `id` int(11) NOT NULL AUTO_INCREMENT,
  `designation` varchar(255) COLLATE utf8_unicode_ci DEFAULT NULL,
  `is_writer` tinyint(1) NOT NULL DEFAULT '1',
  `speed` varchar(255) COLLATE utf8_unicode_ci DEFAULT NULL,
  `comment` text COLLATE utf8_unicode_ci,
  `manufacturers_id` int(11) NOT NULL DEFAULT '0',
  `interfacetypes_id` int(11) NOT NULL DEFAULT '0',
  PRIMARY KEY (`id`),
  KEY `designation` (`designation`),
  KEY `manufacturers_id` (`manufacturers_id`),
  KEY `interfacetypes_id` (`interfacetypes_id`)
) ENGINE=MyISAM DEFAULT CHARSET=utf8 COLLATE=utf8_unicode_ci;


### Dump table glpi_devicegraphiccards

DROP TABLE IF EXISTS `glpi_devicegraphiccards`;
CREATE TABLE `glpi_devicegraphiccards` (
  `id` int(11) NOT NULL AUTO_INCREMENT,
  `designation` varchar(255) COLLATE utf8_unicode_ci DEFAULT NULL,
  `interfacetypes_id` int(11) NOT NULL DEFAULT '0',
  `comment` text COLLATE utf8_unicode_ci,
  `manufacturers_id` int(11) NOT NULL DEFAULT '0',
  `specif_default` int(11) NOT NULL,
  PRIMARY KEY (`id`),
  KEY `designation` (`designation`),
  KEY `manufacturers_id` (`manufacturers_id`),
  KEY `interfacetypes_id` (`interfacetypes_id`)
) ENGINE=MyISAM  DEFAULT CHARSET=utf8 COLLATE=utf8_unicode_ci;

INSERT INTO `glpi_devicegraphiccards` VALUES ('1','EAH4350','9','','6','1024');
INSERT INTO `glpi_devicegraphiccards` VALUES ('2','GeForce 210 ','9','','11','512');
INSERT INTO `glpi_devicegraphiccards` VALUES ('3','8400GS','9','','11','512');
INSERT INTO `glpi_devicegraphiccards` VALUES ('4','Integrated','0','','0','0');
INSERT INTO `glpi_devicegraphiccards` VALUES ('5','HD4350','9','','5','512');
INSERT INTO `glpi_devicegraphiccards` VALUES ('6','HD4300','9','','5','256');
INSERT INTO `glpi_devicegraphiccards` VALUES ('7','9400GT','9','','11','512');

### Dump table glpi_deviceharddrives

DROP TABLE IF EXISTS `glpi_deviceharddrives`;
CREATE TABLE `glpi_deviceharddrives` (
  `id` int(11) NOT NULL AUTO_INCREMENT,
  `designation` varchar(255) COLLATE utf8_unicode_ci DEFAULT NULL,
  `rpm` varchar(255) COLLATE utf8_unicode_ci DEFAULT NULL,
  `interfacetypes_id` int(11) NOT NULL DEFAULT '0',
  `cache` varchar(255) COLLATE utf8_unicode_ci DEFAULT NULL,
  `comment` text COLLATE utf8_unicode_ci,
  `manufacturers_id` int(11) NOT NULL DEFAULT '0',
  `specif_default` int(11) NOT NULL,
  PRIMARY KEY (`id`),
  KEY `designation` (`designation`),
  KEY `manufacturers_id` (`manufacturers_id`),
  KEY `interfacetypes_id` (`interfacetypes_id`)
) ENGINE=MyISAM  DEFAULT CHARSET=utf8 COLLATE=utf8_unicode_ci;

INSERT INTO `glpi_deviceharddrives` VALUES ('1','HD161HJ','','10','','','2','160');
INSERT INTO `glpi_deviceharddrives` VALUES ('2','HDT721016SLA380','','10','','','0','160');
INSERT INTO `glpi_deviceharddrives` VALUES ('3','SH100S3120G ','','11','','','7','120');
INSERT INTO `glpi_deviceharddrives` VALUES ('4','HD502HJ ','','0','','','2','500');
INSERT INTO `glpi_deviceharddrives` VALUES ('5','SVP200S3120G','','11','','','7','120');
INSERT INTO `glpi_deviceharddrives` VALUES ('6','SVP100ES2128G','','11','','','7','128');
INSERT INTO `glpi_deviceharddrives` VALUES ('7','HD322HJ','','10','','','2','320');
INSERT INTO `glpi_deviceharddrives` VALUES ('8','SNVP325S2128GB','','10','','','7','128');
INSERT INTO `glpi_deviceharddrives` VALUES ('9','ST3320418AS','','10','','','14','320');
INSERT INTO `glpi_deviceharddrives` VALUES ('10','WD5000AADS-00S9B0','','10','','','15','500');
INSERT INTO `glpi_deviceharddrives` VALUES ('11','HD080HJ','','10','','','2','80');
INSERT INTO `glpi_deviceharddrives` VALUES ('12','WD1600AAJS-00B4A0','','10','','','15','160');
INSERT INTO `glpi_deviceharddrives` VALUES ('13','HD252HJ','','10','','','2','250');

### Dump table glpi_devicememories

DROP TABLE IF EXISTS `glpi_devicememories`;
CREATE TABLE `glpi_devicememories` (
  `id` int(11) NOT NULL AUTO_INCREMENT,
  `designation` varchar(255) COLLATE utf8_unicode_ci DEFAULT NULL,
  `frequence` varchar(255) COLLATE utf8_unicode_ci DEFAULT NULL,
  `comment` text COLLATE utf8_unicode_ci,
  `manufacturers_id` int(11) NOT NULL DEFAULT '0',
  `specif_default` int(11) NOT NULL,
  `devicememorytypes_id` int(11) NOT NULL DEFAULT '0',
  PRIMARY KEY (`id`),
  KEY `designation` (`designation`),
  KEY `manufacturers_id` (`manufacturers_id`),
  KEY `devicememorytypes_id` (`devicememorytypes_id`)
) ENGINE=MyISAM  DEFAULT CHARSET=utf8 COLLATE=utf8_unicode_ci;

INSERT INTO `glpi_devicememories` VALUES ('1','2GB_DDR2_KINGSTON','800','','7','2048','5');
INSERT INTO `glpi_devicememories` VALUES ('2','4GB_DDR3_KINGSTON','1333','','7','4096','6');
INSERT INTO `glpi_devicememories` VALUES ('3','4GB_DDR3_HYNIX','1333','','13','4096','6');
INSERT INTO `glpi_devicememories` VALUES ('4','1GB_DDR2_SAMSUNG','800','','2','1024','5');
INSERT INTO `glpi_devicememories` VALUES ('5','4GB_DDR3_SAMSUNG','1333','','2','4096','6');
INSERT INTO `glpi_devicememories` VALUES ('6','2GB_DDR2_TRANSCEND','800','','17','2048','5');
INSERT INTO `glpi_devicememories` VALUES ('7','2GB_DDR2_HYNIX','800','','13','2048','5');
INSERT INTO `glpi_devicememories` VALUES ('8','1GB_DDR1_NONAME','400','','0','1024','2');

### Dump table glpi_devicememorytypes

DROP TABLE IF EXISTS `glpi_devicememorytypes`;
CREATE TABLE `glpi_devicememorytypes` (
  `id` int(11) NOT NULL AUTO_INCREMENT,
  `name` varchar(255) COLLATE utf8_unicode_ci DEFAULT NULL,
  `comment` text COLLATE utf8_unicode_ci,
  PRIMARY KEY (`id`),
  KEY `name` (`name`)
) ENGINE=MyISAM  DEFAULT CHARSET=utf8 COLLATE=utf8_unicode_ci;

INSERT INTO `glpi_devicememorytypes` VALUES ('1','EDO',NULL);
INSERT INTO `glpi_devicememorytypes` VALUES ('2','DDR',NULL);
INSERT INTO `glpi_devicememorytypes` VALUES ('3','SDRAM',NULL);
INSERT INTO `glpi_devicememorytypes` VALUES ('4','SDRAM-2',NULL);
INSERT INTO `glpi_devicememorytypes` VALUES ('5','DDR2','');
INSERT INTO `glpi_devicememorytypes` VALUES ('6','DDR3','');

### Dump table glpi_devicemotherboards

DROP TABLE IF EXISTS `glpi_devicemotherboards`;
CREATE TABLE `glpi_devicemotherboards` (
  `id` int(11) NOT NULL AUTO_INCREMENT,
  `designation` varchar(255) COLLATE utf8_unicode_ci DEFAULT NULL,
  `chipset` varchar(255) COLLATE utf8_unicode_ci DEFAULT NULL,
  `comment` text COLLATE utf8_unicode_ci,
  `manufacturers_id` int(11) NOT NULL DEFAULT '0',
  PRIMARY KEY (`id`),
  KEY `designation` (`designation`),
  KEY `manufacturers_id` (`manufacturers_id`)
) ENGINE=MyISAM  DEFAULT CHARSET=utf8 COLLATE=utf8_unicode_ci;

INSERT INTO `glpi_devicemotherboards` VALUES ('1','S775_P5G-MX','775','','6');
INSERT INTO `glpi_devicemotherboards` VALUES ('2','S1155_GA-H61M-D2-B3','1155','','9');
INSERT INTO `glpi_devicemotherboards` VALUES ('3','S1156_GA-P55A-UD3','1156','','9');
INSERT INTO `glpi_devicemotherboards` VALUES ('4','S775_P5G41TD-M Pro','S775','','6');
INSERT INTO `glpi_devicemotherboards` VALUES ('5','S1155_GA-H61MA-D3V ','1155','','9');
INSERT INTO `glpi_devicemotherboards` VALUES ('6','S775_P5Q SE','775','','6');
INSERT INTO `glpi_devicemotherboards` VALUES ('7','S1155_GA-H61M-D2H-USB3','1155','','9');
INSERT INTO `glpi_devicemotherboards` VALUES ('8','S775_P5G41T-M LE','775','','6');
INSERT INTO `glpi_devicemotherboards` VALUES ('9','S775_P5G41T-M LX2/GB','775','','6');
INSERT INTO `glpi_devicemotherboards` VALUES ('10','S775_P5GZ-MX','775','','4');
INSERT INTO `glpi_devicemotherboards` VALUES ('11','S1155_GA-Z68M-D2H','1155','','9');
INSERT INTO `glpi_devicemotherboards` VALUES ('12','S775_Topsfield DP43TF','775','','4');
INSERT INTO `glpi_devicemotherboards` VALUES ('13','S775_G41C-VS','775','','18');
INSERT INTO `glpi_devicemotherboards` VALUES ('14','S754_6100K8MB-RS(H)','754','','19');
INSERT INTO `glpi_devicemotherboards` VALUES ('15','S754_K8NF6G-VSTA','754','','18');
INSERT INTO `glpi_devicemotherboards` VALUES ('16','S775_P5QL','775','','6');

### Dump table glpi_devicenetworkcards

DROP TABLE IF EXISTS `glpi_devicenetworkcards`;
CREATE TABLE `glpi_devicenetworkcards` (
  `id` int(11) NOT NULL AUTO_INCREMENT,
  `designation` varchar(255) COLLATE utf8_unicode_ci DEFAULT NULL,
  `bandwidth` varchar(255) COLLATE utf8_unicode_ci DEFAULT NULL,
  `comment` text COLLATE utf8_unicode_ci,
  `manufacturers_id` int(11) NOT NULL DEFAULT '0',
  `specif_default` varchar(255) COLLATE utf8_unicode_ci DEFAULT NULL,
  PRIMARY KEY (`id`),
  KEY `designation` (`designation`),
  KEY `manufacturers_id` (`manufacturers_id`)
) ENGINE=MyISAM DEFAULT CHARSET=utf8 COLLATE=utf8_unicode_ci;


### Dump table glpi_devicepcis

DROP TABLE IF EXISTS `glpi_devicepcis`;
CREATE TABLE `glpi_devicepcis` (
  `id` int(11) NOT NULL AUTO_INCREMENT,
  `designation` varchar(255) COLLATE utf8_unicode_ci DEFAULT NULL,
  `comment` text COLLATE utf8_unicode_ci,
  `manufacturers_id` int(11) NOT NULL DEFAULT '0',
  PRIMARY KEY (`id`),
  KEY `designation` (`designation`),
  KEY `manufacturers_id` (`manufacturers_id`)
) ENGINE=MyISAM DEFAULT CHARSET=utf8 COLLATE=utf8_unicode_ci;


### Dump table glpi_devicepowersupplies

DROP TABLE IF EXISTS `glpi_devicepowersupplies`;
CREATE TABLE `glpi_devicepowersupplies` (
  `id` int(11) NOT NULL AUTO_INCREMENT,
  `designation` varchar(255) COLLATE utf8_unicode_ci DEFAULT NULL,
  `power` varchar(255) COLLATE utf8_unicode_ci DEFAULT NULL,
  `is_atx` tinyint(1) NOT NULL DEFAULT '1',
  `comment` text COLLATE utf8_unicode_ci,
  `manufacturers_id` int(11) NOT NULL DEFAULT '0',
  PRIMARY KEY (`id`),
  KEY `designation` (`designation`),
  KEY `manufacturers_id` (`manufacturers_id`)
) ENGINE=MyISAM DEFAULT CHARSET=utf8 COLLATE=utf8_unicode_ci;


### Dump table glpi_deviceprocessors

DROP TABLE IF EXISTS `glpi_deviceprocessors`;
CREATE TABLE `glpi_deviceprocessors` (
  `id` int(11) NOT NULL AUTO_INCREMENT,
  `designation` varchar(255) COLLATE utf8_unicode_ci DEFAULT NULL,
  `frequence` int(11) NOT NULL DEFAULT '0',
  `comment` text COLLATE utf8_unicode_ci,
  `manufacturers_id` int(11) NOT NULL DEFAULT '0',
  `specif_default` int(11) NOT NULL,
  PRIMARY KEY (`id`),
  KEY `designation` (`designation`),
  KEY `manufacturers_id` (`manufacturers_id`)
) ENGINE=MyISAM  DEFAULT CHARSET=utf8 COLLATE=utf8_unicode_ci;

INSERT INTO `glpi_deviceprocessors` VALUES ('1','Pentium E2200','2200','','4','2200');
INSERT INTO `glpi_deviceprocessors` VALUES ('2','i5-2300','2900','','4','2800');
INSERT INTO `glpi_deviceprocessors` VALUES ('3','i5-760','0','','4','2800');
INSERT INTO `glpi_deviceprocessors` VALUES ('4','Core 2 Quad Q8300','2500','','4','2500');
INSERT INTO `glpi_deviceprocessors` VALUES ('5','i5-2310','3000','','4','3000');
INSERT INTO `glpi_deviceprocessors` VALUES ('6','i5-2500','0','','4','3400');
INSERT INTO `glpi_deviceprocessors` VALUES ('7','Core 2 Duo E8400','0','','4','3000');
INSERT INTO `glpi_deviceprocessors` VALUES ('8','i5-2320','0','','4','3200');
INSERT INTO `glpi_deviceprocessors` VALUES ('9','Core 2 Duo E7500','0','','4','2933');
INSERT INTO `glpi_deviceprocessors` VALUES ('10','Core 2 Duo E4300','0','','4','1800');
INSERT INTO `glpi_deviceprocessors` VALUES ('11','Core 2 Quad Q9300','0','','4','2500');
INSERT INTO `glpi_deviceprocessors` VALUES ('12','Sempron','0','','5','1800');
INSERT INTO `glpi_deviceprocessors` VALUES ('13','Core 2 Duo E7600','0','','4','3006');
INSERT INTO `glpi_deviceprocessors` VALUES ('14','Dual-Core E5300','0','','4','2600');

### Dump table glpi_devicesoundcards

DROP TABLE IF EXISTS `glpi_devicesoundcards`;
CREATE TABLE `glpi_devicesoundcards` (
  `id` int(11) NOT NULL AUTO_INCREMENT,
  `designation` varchar(255) COLLATE utf8_unicode_ci DEFAULT NULL,
  `type` varchar(255) COLLATE utf8_unicode_ci DEFAULT NULL,
  `comment` text COLLATE utf8_unicode_ci,
  `manufacturers_id` int(11) NOT NULL DEFAULT '0',
  PRIMARY KEY (`id`),
  KEY `designation` (`designation`),
  KEY `manufacturers_id` (`manufacturers_id`)
) ENGINE=MyISAM DEFAULT CHARSET=utf8 COLLATE=utf8_unicode_ci;


### Dump table glpi_displaypreferences

DROP TABLE IF EXISTS `glpi_displaypreferences`;
CREATE TABLE `glpi_displaypreferences` (
  `id` int(11) NOT NULL AUTO_INCREMENT,
  `itemtype` varchar(100) COLLATE utf8_unicode_ci NOT NULL,
  `num` int(11) NOT NULL DEFAULT '0',
  `rank` int(11) NOT NULL DEFAULT '0',
  `users_id` int(11) NOT NULL DEFAULT '0',
  PRIMARY KEY (`id`),
  UNIQUE KEY `unicity` (`users_id`,`itemtype`,`num`),
  KEY `rank` (`rank`),
  KEY `num` (`num`),
  KEY `itemtype` (`itemtype`)
) ENGINE=MyISAM  DEFAULT CHARSET=utf8 COLLATE=utf8_unicode_ci;

INSERT INTO `glpi_displaypreferences` VALUES ('215','Computer','7','12','0');
INSERT INTO `glpi_displaypreferences` VALUES ('34','Computer','45','6','0');
INSERT INTO `glpi_displaypreferences` VALUES ('210','Computer','46','7','0');
INSERT INTO `glpi_displaypreferences` VALUES ('212','Computer','71','18','0');
INSERT INTO `glpi_displaypreferences` VALUES ('86','DocumentType','3','1','0');
INSERT INTO `glpi_displaypreferences` VALUES ('209','Monitor','71','9','0');
INSERT INTO `glpi_displaypreferences` VALUES ('50','Monitor','23','3','0');
INSERT INTO `glpi_displaypreferences` VALUES ('51','Monitor','3','2','0');
INSERT INTO `glpi_displaypreferences` VALUES ('44','Printer','31','1','0');
INSERT INTO `glpi_displaypreferences` VALUES ('38','NetworkEquipment','31','1','0');
INSERT INTO `glpi_displaypreferences` VALUES ('39','NetworkEquipment','23','2','0');
INSERT INTO `glpi_displaypreferences` VALUES ('45','Printer','23','2','0');
INSERT INTO `glpi_displaypreferences` VALUES ('46','Printer','3','3','0');
INSERT INTO `glpi_displaypreferences` VALUES ('63','Software','4','3','0');
INSERT INTO `glpi_displaypreferences` VALUES ('62','Software','5','2','0');
INSERT INTO `glpi_displaypreferences` VALUES ('61','Software','23','1','0');
INSERT INTO `glpi_displaypreferences` VALUES ('83','CartridgeItem','4','2','0');
INSERT INTO `glpi_displaypreferences` VALUES ('82','CartridgeItem','34','1','0');
INSERT INTO `glpi_displaypreferences` VALUES ('57','Peripheral','3','3','0');
INSERT INTO `glpi_displaypreferences` VALUES ('56','Peripheral','23','2','0');
INSERT INTO `glpi_displaypreferences` VALUES ('55','Peripheral','31','1','0');
INSERT INTO `glpi_displaypreferences` VALUES ('216','Computer','35','13','0');
INSERT INTO `glpi_displaypreferences` VALUES ('35','Computer','3','8','0');
INSERT INTO `glpi_displaypreferences` VALUES ('214','Computer','70','17','0');
INSERT INTO `glpi_displaypreferences` VALUES ('40','NetworkEquipment','3','3','0');
INSERT INTO `glpi_displaypreferences` VALUES ('41','NetworkEquipment','4','4','0');
INSERT INTO `glpi_displaypreferences` VALUES ('42','NetworkEquipment','11','6','0');
INSERT INTO `glpi_displaypreferences` VALUES ('43','NetworkEquipment','19','7','0');
INSERT INTO `glpi_displaypreferences` VALUES ('47','Printer','4','4','0');
INSERT INTO `glpi_displaypreferences` VALUES ('48','Printer','19','6','0');
INSERT INTO `glpi_displaypreferences` VALUES ('217','Computer','10','14','0');
INSERT INTO `glpi_displaypreferences` VALUES ('208','Monitor','70','8','0');
INSERT INTO `glpi_displaypreferences` VALUES ('58','Peripheral','4','4','0');
INSERT INTO `glpi_displaypreferences` VALUES ('59','Peripheral','19','6','0');
INSERT INTO `glpi_displaypreferences` VALUES ('60','Peripheral','7','7','0');
INSERT INTO `glpi_displaypreferences` VALUES ('64','Contact','3','1','0');
INSERT INTO `glpi_displaypreferences` VALUES ('65','Contact','4','2','0');
INSERT INTO `glpi_displaypreferences` VALUES ('66','Contact','5','3','0');
INSERT INTO `glpi_displaypreferences` VALUES ('67','Contact','6','4','0');
INSERT INTO `glpi_displaypreferences` VALUES ('68','Contact','9','5','0');
INSERT INTO `glpi_displaypreferences` VALUES ('69','Supplier','9','1','0');
INSERT INTO `glpi_displaypreferences` VALUES ('70','Supplier','3','2','0');
INSERT INTO `glpi_displaypreferences` VALUES ('71','Supplier','4','3','0');
INSERT INTO `glpi_displaypreferences` VALUES ('72','Supplier','5','4','0');
INSERT INTO `glpi_displaypreferences` VALUES ('73','Supplier','10','5','0');
INSERT INTO `glpi_displaypreferences` VALUES ('74','Supplier','6','6','0');
INSERT INTO `glpi_displaypreferences` VALUES ('75','Contract','4','1','0');
INSERT INTO `glpi_displaypreferences` VALUES ('76','Contract','3','2','0');
INSERT INTO `glpi_displaypreferences` VALUES ('77','Contract','5','3','0');
INSERT INTO `glpi_displaypreferences` VALUES ('78','Contract','6','4','0');
INSERT INTO `glpi_displaypreferences` VALUES ('79','Contract','7','5','0');
INSERT INTO `glpi_displaypreferences` VALUES ('80','Contract','11','6','0');
INSERT INTO `glpi_displaypreferences` VALUES ('84','CartridgeItem','23','3','0');
INSERT INTO `glpi_displaypreferences` VALUES ('85','CartridgeItem','3','4','0');
INSERT INTO `glpi_displaypreferences` VALUES ('88','DocumentType','6','2','0');
INSERT INTO `glpi_displaypreferences` VALUES ('89','DocumentType','4','3','0');
INSERT INTO `glpi_displaypreferences` VALUES ('90','DocumentType','5','4','0');
INSERT INTO `glpi_displaypreferences` VALUES ('91','Document','3','1','0');
INSERT INTO `glpi_displaypreferences` VALUES ('92','Document','4','2','0');
INSERT INTO `glpi_displaypreferences` VALUES ('93','Document','7','3','0');
INSERT INTO `glpi_displaypreferences` VALUES ('94','Document','5','4','0');
INSERT INTO `glpi_displaypreferences` VALUES ('95','Document','16','5','0');
INSERT INTO `glpi_displaypreferences` VALUES ('96','User','34','1','0');
INSERT INTO `glpi_displaypreferences` VALUES ('98','User','5','3','0');
INSERT INTO `glpi_displaypreferences` VALUES ('100','User','3','5','0');
INSERT INTO `glpi_displaypreferences` VALUES ('101','ConsumableItem','34','1','0');
INSERT INTO `glpi_displaypreferences` VALUES ('102','ConsumableItem','4','2','0');
INSERT INTO `glpi_displaypreferences` VALUES ('103','ConsumableItem','23','3','0');
INSERT INTO `glpi_displaypreferences` VALUES ('104','ConsumableItem','3','4','0');
INSERT INTO `glpi_displaypreferences` VALUES ('105','NetworkEquipment','40','5','0');
INSERT INTO `glpi_displaypreferences` VALUES ('106','Printer','40','5','0');
INSERT INTO `glpi_displaypreferences` VALUES ('107','Monitor','40','5','0');
INSERT INTO `glpi_displaypreferences` VALUES ('108','Peripheral','40','5','0');
INSERT INTO `glpi_displaypreferences` VALUES ('110','Phone','31','1','0');
INSERT INTO `glpi_displaypreferences` VALUES ('111','Phone','23','2','0');
INSERT INTO `glpi_displaypreferences` VALUES ('112','Phone','3','3','0');
INSERT INTO `glpi_displaypreferences` VALUES ('113','Phone','4','4','0');
INSERT INTO `glpi_displaypreferences` VALUES ('114','Phone','40','5','0');
INSERT INTO `glpi_displaypreferences` VALUES ('115','Phone','19','6','0');
INSERT INTO `glpi_displaypreferences` VALUES ('116','Phone','7','7','0');
INSERT INTO `glpi_displaypreferences` VALUES ('117','Group','16','1','0');
INSERT INTO `glpi_displaypreferences` VALUES ('118','States','31','1','0');
INSERT INTO `glpi_displaypreferences` VALUES ('119','ReservationItem','4','1','0');
INSERT INTO `glpi_displaypreferences` VALUES ('120','ReservationItem','3','2','0');
INSERT INTO `glpi_displaypreferences` VALUES ('125','Budget','3','2','0');
INSERT INTO `glpi_displaypreferences` VALUES ('122','Software','72','4','0');
INSERT INTO `glpi_displaypreferences` VALUES ('123','Software','163','5','0');
INSERT INTO `glpi_displaypreferences` VALUES ('124','Budget','2','1','0');
INSERT INTO `glpi_displaypreferences` VALUES ('126','Budget','4','3','0');
INSERT INTO `glpi_displaypreferences` VALUES ('127','Budget','19','4','0');
INSERT INTO `glpi_displaypreferences` VALUES ('128','Crontask','8','1','0');
INSERT INTO `glpi_displaypreferences` VALUES ('129','Crontask','3','2','0');
INSERT INTO `glpi_displaypreferences` VALUES ('130','Crontask','4','3','0');
INSERT INTO `glpi_displaypreferences` VALUES ('131','Crontask','7','4','0');
INSERT INTO `glpi_displaypreferences` VALUES ('132','RequestType','14','1','0');
INSERT INTO `glpi_displaypreferences` VALUES ('133','RequestType','15','2','0');
INSERT INTO `glpi_displaypreferences` VALUES ('134','NotificationTemplate','4','1','0');
INSERT INTO `glpi_displaypreferences` VALUES ('135','NotificationTemplate','16','2','0');
INSERT INTO `glpi_displaypreferences` VALUES ('136','Notification','5','1','0');
INSERT INTO `glpi_displaypreferences` VALUES ('137','Notification','6','2','0');
INSERT INTO `glpi_displaypreferences` VALUES ('138','Notification','2','3','0');
INSERT INTO `glpi_displaypreferences` VALUES ('139','Notification','4','4','0');
INSERT INTO `glpi_displaypreferences` VALUES ('140','Notification','80','5','0');
INSERT INTO `glpi_displaypreferences` VALUES ('141','Notification','86','6','0');
INSERT INTO `glpi_displaypreferences` VALUES ('142','MailCollector','2','1','0');
INSERT INTO `glpi_displaypreferences` VALUES ('143','MailCollector','19','2','0');
INSERT INTO `glpi_displaypreferences` VALUES ('144','AuthLDAP','3','1','0');
INSERT INTO `glpi_displaypreferences` VALUES ('145','AuthLDAP','19','2','0');
INSERT INTO `glpi_displaypreferences` VALUES ('146','AuthMail','3','1','0');
INSERT INTO `glpi_displaypreferences` VALUES ('147','AuthMail','19','2','0');
INSERT INTO `glpi_displaypreferences` VALUES ('148','OcsServer','3','1','0');
INSERT INTO `glpi_displaypreferences` VALUES ('149','OcsServer','19','2','0');
INSERT INTO `glpi_displaypreferences` VALUES ('150','Profile','2','1','0');
INSERT INTO `glpi_displaypreferences` VALUES ('151','Profile','3','2','0');
INSERT INTO `glpi_displaypreferences` VALUES ('152','Profile','19','3','0');
INSERT INTO `glpi_displaypreferences` VALUES ('153','Transfer','19','1','0');
INSERT INTO `glpi_displaypreferences` VALUES ('154','TicketValidation','3','1','0');
INSERT INTO `glpi_displaypreferences` VALUES ('155','TicketValidation','2','2','0');
INSERT INTO `glpi_displaypreferences` VALUES ('156','TicketValidation','8','3','0');
INSERT INTO `glpi_displaypreferences` VALUES ('157','TicketValidation','4','4','0');
INSERT INTO `glpi_displaypreferences` VALUES ('158','TicketValidation','9','5','0');
INSERT INTO `glpi_displaypreferences` VALUES ('159','TicketValidation','7','6','0');
INSERT INTO `glpi_displaypreferences` VALUES ('160','NotImportedEmail','2','1','0');
INSERT INTO `glpi_displaypreferences` VALUES ('161','NotImportedEmail','5','2','0');
INSERT INTO `glpi_displaypreferences` VALUES ('162','NotImportedEmail','4','3','0');
INSERT INTO `glpi_displaypreferences` VALUES ('163','NotImportedEmail','6','4','0');
INSERT INTO `glpi_displaypreferences` VALUES ('164','NotImportedEmail','16','5','0');
INSERT INTO `glpi_displaypreferences` VALUES ('165','NotImportedEmail','19','6','0');
INSERT INTO `glpi_displaypreferences` VALUES ('166','RuleRightParameter','11','1','0');
INSERT INTO `glpi_displaypreferences` VALUES ('167','Ticket','12','1','0');
INSERT INTO `glpi_displaypreferences` VALUES ('168','Ticket','19','2','0');
INSERT INTO `glpi_displaypreferences` VALUES ('169','Ticket','15','3','0');
INSERT INTO `glpi_displaypreferences` VALUES ('170','Ticket','3','4','0');
INSERT INTO `glpi_displaypreferences` VALUES ('171','Ticket','4','5','0');
INSERT INTO `glpi_displaypreferences` VALUES ('172','Ticket','5','6','0');
INSERT INTO `glpi_displaypreferences` VALUES ('173','Ticket','7','7','0');
INSERT INTO `glpi_displaypreferences` VALUES ('174','Calendar','19','1','0');
INSERT INTO `glpi_displaypreferences` VALUES ('175','Holiday','11','1','0');
INSERT INTO `glpi_displaypreferences` VALUES ('176','Holiday','12','2','0');
INSERT INTO `glpi_displaypreferences` VALUES ('177','Holiday','13','3','0');
INSERT INTO `glpi_displaypreferences` VALUES ('178','SLA','4','1','0');
INSERT INTO `glpi_displaypreferences` VALUES ('179','Ticket','18','8','0');
INSERT INTO `glpi_displaypreferences` VALUES ('180','AuthLdap','30','3','0');
INSERT INTO `glpi_displaypreferences` VALUES ('181','AuthMail','6','3','0');
INSERT INTO `glpi_displaypreferences` VALUES ('182','OcsServer','6','3','0');
INSERT INTO `glpi_displaypreferences` VALUES ('183','FieldUnicity','1','1','0');
INSERT INTO `glpi_displaypreferences` VALUES ('184','FieldUnicity','80','2','0');
INSERT INTO `glpi_displaypreferences` VALUES ('185','FieldUnicity','4','3','0');
INSERT INTO `glpi_displaypreferences` VALUES ('186','FieldUnicity','3','4','0');
INSERT INTO `glpi_displaypreferences` VALUES ('187','FieldUnicity','86','5','0');
INSERT INTO `glpi_displaypreferences` VALUES ('188','FieldUnicity','30','6','0');
INSERT INTO `glpi_displaypreferences` VALUES ('189','Problem','21','1','0');
INSERT INTO `glpi_displaypreferences` VALUES ('190','Problem','12','2','0');
INSERT INTO `glpi_displaypreferences` VALUES ('191','Problem','19','3','0');
INSERT INTO `glpi_displaypreferences` VALUES ('192','Problem','15','4','0');
INSERT INTO `glpi_displaypreferences` VALUES ('193','Problem','3','5','0');
INSERT INTO `glpi_displaypreferences` VALUES ('194','Problem','7','6','0');
INSERT INTO `glpi_displaypreferences` VALUES ('195','Problem','18','7','0');
INSERT INTO `glpi_displaypreferences` VALUES ('196','Vlan','11','1','0');
INSERT INTO `glpi_displaypreferences` VALUES ('197','TicketRecurrent','11','1','0');
INSERT INTO `glpi_displaypreferences` VALUES ('198','TicketRecurrent','12','2','0');
INSERT INTO `glpi_displaypreferences` VALUES ('199','TicketRecurrent','13','3','0');
INSERT INTO `glpi_displaypreferences` VALUES ('200','TicketRecurrent','15','4','0');
INSERT INTO `glpi_displaypreferences` VALUES ('201','TicketRecurrent','14','5','0');
INSERT INTO `glpi_displaypreferences` VALUES ('202','Reminder','2','1','0');
INSERT INTO `glpi_displaypreferences` VALUES ('203','Reminder','3','2','0');
INSERT INTO `glpi_displaypreferences` VALUES ('204','Reminder','4','3','0');
INSERT INTO `glpi_displaypreferences` VALUES ('205','Reminder','5','4','0');
INSERT INTO `glpi_displaypreferences` VALUES ('206','Reminder','6','5','0');
INSERT INTO `glpi_displaypreferences` VALUES ('207','Reminder','7','6','0');
INSERT INTO `glpi_displaypreferences` VALUES ('218','Computer','34','15','0');
INSERT INTO `glpi_displaypreferences` VALUES ('219','Computer','14','11','0');
INSERT INTO `glpi_displaypreferences` VALUES ('220','Computer','13','16','0');
INSERT INTO `glpi_displaypreferences` VALUES ('221','Computer','20','19','0');
INSERT INTO `glpi_displaypreferences` VALUES ('222','Monitor','5','10','0');
INSERT INTO `glpi_displaypreferences` VALUES ('223','PluginGenericobjectType','10','1','0');
INSERT INTO `glpi_displaypreferences` VALUES ('224','PluginGenericobjectType','9','2','0');
INSERT INTO `glpi_displaypreferences` VALUES ('225','PluginGenericobjectType','8','3','0');
INSERT INTO `glpi_displaypreferences` VALUES ('226','PluginGenericobjectType','7','4','0');
INSERT INTO `glpi_displaypreferences` VALUES ('227','PluginGenericobjectType','6','5','0');
INSERT INTO `glpi_displaypreferences` VALUES ('228','PluginGenericobjectType','2','6','0');
INSERT INTO `glpi_displaypreferences` VALUES ('229','PluginGenericobjectType','4','7','0');
INSERT INTO `glpi_displaypreferences` VALUES ('230','PluginGenericobjectType','11','8','0');
INSERT INTO `glpi_displaypreferences` VALUES ('231','PluginGenericobjectType','12','9','0');
INSERT INTO `glpi_displaypreferences` VALUES ('232','PluginGenericobjectType','14','10','0');
INSERT INTO `glpi_displaypreferences` VALUES ('233','PluginGenericobjectType','15','11','0');
INSERT INTO `glpi_displaypreferences` VALUES ('259','PluginGenericobjectMotherboard','19','9','0');
INSERT INTO `glpi_displaypreferences` VALUES ('262','PluginGenericobjectMemory','14','5','0');
INSERT INTO `glpi_displaypreferences` VALUES ('253','PluginGenericobjectMotherboard','14','6','0');
INSERT INTO `glpi_displaypreferences` VALUES ('254','PluginGenericobjectMotherboard','16','2','0');
INSERT INTO `glpi_displaypreferences` VALUES ('255','PluginGenericobjectMotherboard','18','8','0');
INSERT INTO `glpi_displaypreferences` VALUES ('256','PluginGenericobjectMotherboard','20','5','0');
INSERT INTO `glpi_displaypreferences` VALUES ('257','PluginGenericobjectMotherboard','15','7','0');
INSERT INTO `glpi_displaypreferences` VALUES ('258','PluginGenericobjectMotherboard','17','3','0');
INSERT INTO `glpi_displaypreferences` VALUES ('279','PluginGenericobjectHdd','16','5','0');
INSERT INTO `glpi_displaypreferences` VALUES ('263','PluginGenericobjectMemory','15','4','0');
INSERT INTO `glpi_displaypreferences` VALUES ('264','PluginGenericobjectMemory','16','1','0');
INSERT INTO `glpi_displaypreferences` VALUES ('265','PluginGenericobjectMemory','18','2','0');
INSERT INTO `glpi_displaypreferences` VALUES ('266','PluginGenericobjectMemory','24','6','0');
INSERT INTO `glpi_displaypreferences` VALUES ('267','PluginGenericobjectMemory','17','3','0');
INSERT INTO `glpi_displaypreferences` VALUES ('268','PluginGenericobjectMemory','23','7','0');
INSERT INTO `glpi_displaypreferences` VALUES ('285','PluginGenericobjectHdd','14','9','0');
INSERT INTO `glpi_displaypreferences` VALUES ('270','PluginGenericobjectProcessor','18','2','0');
INSERT INTO `glpi_displaypreferences` VALUES ('271','PluginGenericobjectProcessor','17','9','0');
INSERT INTO `glpi_displaypreferences` VALUES ('272','PluginGenericobjectProcessor','20','8','0');
INSERT INTO `glpi_displaypreferences` VALUES ('273','PluginGenericobjectProcessor','14','5','0');
INSERT INTO `glpi_displaypreferences` VALUES ('274','PluginGenericobjectProcessor','15','6','0');
INSERT INTO `glpi_displaypreferences` VALUES ('275','PluginGenericobjectProcessor','21','7','0');
INSERT INTO `glpi_displaypreferences` VALUES ('276','PluginGenericobjectProcessor','16','3','0');
INSERT INTO `glpi_displaypreferences` VALUES ('277','PluginGenericobjectProcessor','19','4','0');
INSERT INTO `glpi_displaypreferences` VALUES ('280','PluginGenericobjectHdd','19','3','0');
INSERT INTO `glpi_displaypreferences` VALUES ('281','PluginGenericobjectHdd','18','7','0');
INSERT INTO `glpi_displaypreferences` VALUES ('282','PluginGenericobjectHdd','17','6','0');
INSERT INTO `glpi_displaypreferences` VALUES ('283','PluginGenericobjectHdd','15','8','0');
INSERT INTO `glpi_displaypreferences` VALUES ('284','PluginGenericobjectHdd','20','4','0');
INSERT INTO `glpi_displaypreferences` VALUES ('286','PluginGenericobjectHdd','22','2','0');
INSERT INTO `glpi_displaypreferences` VALUES ('291','PluginGenericobjectPower','15','5','0');
INSERT INTO `glpi_displaypreferences` VALUES ('292','PluginGenericobjectPower','16','4','0');
INSERT INTO `glpi_displaypreferences` VALUES ('294','PluginGenericobjectPower','18','6','0');
INSERT INTO `glpi_displaypreferences` VALUES ('295','PluginGenericobjectPower','20','2','0');
INSERT INTO `glpi_displaypreferences` VALUES ('296','PluginGenericobjectPower','14','3','0');
INSERT INTO `glpi_displaypreferences` VALUES ('297','PluginGenericobjectPower','17','7','0');
INSERT INTO `glpi_displaypreferences` VALUES ('298','PluginGenericobjectPower','21','8','0');
INSERT INTO `glpi_displaypreferences` VALUES ('301','PluginGenericobjectOperationsystem','14','1','0');
INSERT INTO `glpi_displaypreferences` VALUES ('302','PluginGenericobjectOperationsystem','16','3','0');
INSERT INTO `glpi_displaypreferences` VALUES ('303','PluginGenericobjectOperationsystem','17','4','0');
INSERT INTO `glpi_displaypreferences` VALUES ('304','PluginGenericobjectOperationsystem','13','2','0');
INSERT INTO `glpi_displaypreferences` VALUES ('306','PluginGenericobjectMemory','22','8','0');
INSERT INTO `glpi_displaypreferences` VALUES ('307','PluginGenericobjectMemory','21','9','0');
INSERT INTO `glpi_displaypreferences` VALUES ('308','PluginGenericobjectMemory','20','10','0');
INSERT INTO `glpi_displaypreferences` VALUES ('321','PluginGenericobjectVideocard','19','1','0');
INSERT INTO `glpi_displaypreferences` VALUES ('322','PluginGenericobjectVideocard','14','2','0');
INSERT INTO `glpi_displaypreferences` VALUES ('323','PluginGenericobjectVideocard','18','3','0');
INSERT INTO `glpi_displaypreferences` VALUES ('324','PluginGenericobjectVideocard','17','4','0');
INSERT INTO `glpi_displaypreferences` VALUES ('325','PluginGenericobjectVideocard','16','5','0');
INSERT INTO `glpi_displaypreferences` VALUES ('326','PluginGenericobjectVideocard','15','6','0');
INSERT INTO `glpi_displaypreferences` VALUES ('342','PluginGenericobjectApple','15','3','0');
INSERT INTO `glpi_displaypreferences` VALUES ('341','PluginGenericobjectApple','14','2','0');
INSERT INTO `glpi_displaypreferences` VALUES ('343','PluginGenericobjectApple','16','4','0');
INSERT INTO `glpi_displaypreferences` VALUES ('344','PluginGenericobjectApple','17','5','0');
INSERT INTO `glpi_displaypreferences` VALUES ('345','PluginGenericobjectApple','18','6','0');
INSERT INTO `glpi_displaypreferences` VALUES ('348','User','13','6','0');
INSERT INTO `glpi_displaypreferences` VALUES ('349','User','2','7','0');
INSERT INTO `glpi_displaypreferences` VALUES ('350','Monitor','11','7','0');

### Dump table glpi_documentcategories

DROP TABLE IF EXISTS `glpi_documentcategories`;
CREATE TABLE `glpi_documentcategories` (
  `id` int(11) NOT NULL AUTO_INCREMENT,
  `name` varchar(255) COLLATE utf8_unicode_ci DEFAULT NULL,
  `comment` text COLLATE utf8_unicode_ci,
  PRIMARY KEY (`id`),
  KEY `name` (`name`)
) ENGINE=MyISAM DEFAULT CHARSET=utf8 COLLATE=utf8_unicode_ci;


### Dump table glpi_documents

DROP TABLE IF EXISTS `glpi_documents`;
CREATE TABLE `glpi_documents` (
  `id` int(11) NOT NULL AUTO_INCREMENT,
  `entities_id` int(11) NOT NULL DEFAULT '0',
  `is_recursive` tinyint(1) NOT NULL DEFAULT '0',
  `name` varchar(255) COLLATE utf8_unicode_ci DEFAULT NULL,
  `filename` varchar(255) COLLATE utf8_unicode_ci DEFAULT NULL COMMENT 'for display and transfert',
  `filepath` varchar(255) COLLATE utf8_unicode_ci DEFAULT NULL COMMENT 'file storage path',
  `documentcategories_id` int(11) NOT NULL DEFAULT '0',
  `mime` varchar(255) COLLATE utf8_unicode_ci DEFAULT NULL,
  `date_mod` datetime DEFAULT NULL,
  `comment` text COLLATE utf8_unicode_ci,
  `is_deleted` tinyint(1) NOT NULL DEFAULT '0',
  `link` varchar(255) COLLATE utf8_unicode_ci DEFAULT NULL,
  `notepad` longtext COLLATE utf8_unicode_ci,
  `users_id` int(11) NOT NULL DEFAULT '0',
  `tickets_id` int(11) NOT NULL DEFAULT '0',
  `sha1sum` char(40) COLLATE utf8_unicode_ci DEFAULT NULL,
  PRIMARY KEY (`id`),
  KEY `date_mod` (`date_mod`),
  KEY `name` (`name`),
  KEY `entities_id` (`entities_id`),
  KEY `tickets_id` (`tickets_id`),
  KEY `users_id` (`users_id`),
  KEY `documentcategories_id` (`documentcategories_id`),
  KEY `is_deleted` (`is_deleted`),
  KEY `sha1sum` (`sha1sum`)
) ENGINE=MyISAM DEFAULT CHARSET=utf8 COLLATE=utf8_unicode_ci;


### Dump table glpi_documents_items

DROP TABLE IF EXISTS `glpi_documents_items`;
CREATE TABLE `glpi_documents_items` (
  `id` int(11) NOT NULL AUTO_INCREMENT,
  `documents_id` int(11) NOT NULL DEFAULT '0',
  `items_id` int(11) NOT NULL DEFAULT '0',
  `itemtype` varchar(100) COLLATE utf8_unicode_ci NOT NULL,
  `entities_id` int(11) NOT NULL DEFAULT '0',
  `is_recursive` tinyint(1) NOT NULL DEFAULT '0',
  PRIMARY KEY (`id`),
  UNIQUE KEY `unicity` (`documents_id`,`itemtype`,`items_id`),
  KEY `item` (`itemtype`,`items_id`,`entities_id`,`is_recursive`)
) ENGINE=MyISAM DEFAULT CHARSET=utf8 COLLATE=utf8_unicode_ci;


### Dump table glpi_documenttypes

DROP TABLE IF EXISTS `glpi_documenttypes`;
CREATE TABLE `glpi_documenttypes` (
  `id` int(11) NOT NULL AUTO_INCREMENT,
  `name` varchar(255) COLLATE utf8_unicode_ci DEFAULT NULL,
  `ext` varchar(255) COLLATE utf8_unicode_ci DEFAULT NULL,
  `icon` varchar(255) COLLATE utf8_unicode_ci DEFAULT NULL,
  `mime` varchar(255) COLLATE utf8_unicode_ci DEFAULT NULL,
  `is_uploadable` tinyint(1) NOT NULL DEFAULT '1',
  `date_mod` datetime DEFAULT NULL,
  `comment` text COLLATE utf8_unicode_ci,
  PRIMARY KEY (`id`),
  UNIQUE KEY `unicity` (`ext`),
  KEY `name` (`name`),
  KEY `is_uploadable` (`is_uploadable`),
  KEY `date_mod` (`date_mod`)
) ENGINE=MyISAM  DEFAULT CHARSET=utf8 COLLATE=utf8_unicode_ci;

INSERT INTO `glpi_documenttypes` VALUES ('1','JPEG','jpg','jpg-dist.png','','1','2004-12-13 19:47:21',NULL);
INSERT INTO `glpi_documenttypes` VALUES ('2','PNG','png','png-dist.png','','1','2004-12-13 19:47:21',NULL);
INSERT INTO `glpi_documenttypes` VALUES ('3','GIF','gif','gif-dist.png','','1','2004-12-13 19:47:21',NULL);
INSERT INTO `glpi_documenttypes` VALUES ('4','BMP','bmp','bmp-dist.png','','1','2004-12-13 19:47:21',NULL);
INSERT INTO `glpi_documenttypes` VALUES ('5','Photoshop','psd','psd-dist.png','','1','2004-12-13 19:47:21',NULL);
INSERT INTO `glpi_documenttypes` VALUES ('6','TIFF','tif','tif-dist.png','','1','2004-12-13 19:47:21',NULL);
INSERT INTO `glpi_documenttypes` VALUES ('7','AIFF','aiff','aiff-dist.png','','1','2004-12-13 19:47:21',NULL);
INSERT INTO `glpi_documenttypes` VALUES ('8','Windows Media','asf','asf-dist.png','','1','2004-12-13 19:47:21',NULL);
INSERT INTO `glpi_documenttypes` VALUES ('9','Windows Media','avi','avi-dist.png','','1','2004-12-13 19:47:21',NULL);
INSERT INTO `glpi_documenttypes` VALUES ('44','C source','c','c-dist.png','','1','2011-12-06 09:48:34',NULL);
INSERT INTO `glpi_documenttypes` VALUES ('27','RealAudio','rm','rm-dist.png','','1','2004-12-13 19:47:21',NULL);
INSERT INTO `glpi_documenttypes` VALUES ('16','Midi','mid','mid-dist.png','','1','2004-12-13 19:47:21',NULL);
INSERT INTO `glpi_documenttypes` VALUES ('17','QuickTime','mov','mov-dist.png','','1','2004-12-13 19:47:21',NULL);
INSERT INTO `glpi_documenttypes` VALUES ('18','MP3','mp3','mp3-dist.png','','1','2004-12-13 19:47:21',NULL);
INSERT INTO `glpi_documenttypes` VALUES ('19','MPEG','mpg','mpg-dist.png','','1','2004-12-13 19:47:21',NULL);
INSERT INTO `glpi_documenttypes` VALUES ('20','Ogg Vorbis','ogg','ogg-dist.png','','1','2004-12-13 19:47:21',NULL);
INSERT INTO `glpi_documenttypes` VALUES ('24','QuickTime','qt','qt-dist.png','','1','2004-12-13 19:47:21',NULL);
INSERT INTO `glpi_documenttypes` VALUES ('10','BZip','bz2','bz2-dist.png','','1','2004-12-13 19:47:21',NULL);
INSERT INTO `glpi_documenttypes` VALUES ('25','RealAudio','ra','ra-dist.png','','1','2004-12-13 19:47:21',NULL);
INSERT INTO `glpi_documenttypes` VALUES ('26','RealAudio','ram','ram-dist.png','','1','2004-12-13 19:47:21',NULL);
INSERT INTO `glpi_documenttypes` VALUES ('11','Word','doc','doc-dist.png','','1','2004-12-13 19:47:21',NULL);
INSERT INTO `glpi_documenttypes` VALUES ('12','DjVu','djvu','','','1','2004-12-13 19:47:21',NULL);
INSERT INTO `glpi_documenttypes` VALUES ('42','MNG','mng','','','1','2004-12-13 19:47:22',NULL);
INSERT INTO `glpi_documenttypes` VALUES ('13','PostScript','eps','ps-dist.png','','1','2004-12-13 19:47:21',NULL);
INSERT INTO `glpi_documenttypes` VALUES ('14','GZ','gz','gz-dist.png','','1','2004-12-13 19:47:21',NULL);
INSERT INTO `glpi_documenttypes` VALUES ('37','WAV','wav','wav-dist.png','','1','2004-12-13 19:47:22',NULL);
INSERT INTO `glpi_documenttypes` VALUES ('15','HTML','html','html-dist.png','','1','2004-12-13 19:47:21',NULL);
INSERT INTO `glpi_documenttypes` VALUES ('34','Flash','swf','swf-dist.png','','1','2011-12-06 09:48:34',NULL);
INSERT INTO `glpi_documenttypes` VALUES ('21','PDF','pdf','pdf-dist.png','','1','2004-12-13 19:47:21',NULL);
INSERT INTO `glpi_documenttypes` VALUES ('22','PowerPoint','ppt','ppt-dist.png','','1','2004-12-13 19:47:21',NULL);
INSERT INTO `glpi_documenttypes` VALUES ('23','PostScript','ps','ps-dist.png','','1','2004-12-13 19:47:21',NULL);
INSERT INTO `glpi_documenttypes` VALUES ('40','Windows Media','wmv','wmv-dist.png','','1','2011-12-06 09:48:34',NULL);
INSERT INTO `glpi_documenttypes` VALUES ('28','RTF','rtf','rtf-dist.png','','1','2004-12-13 19:47:21',NULL);
INSERT INTO `glpi_documenttypes` VALUES ('29','StarOffice','sdd','sdd-dist.png','','1','2004-12-13 19:47:22',NULL);
INSERT INTO `glpi_documenttypes` VALUES ('30','StarOffice','sdw','sdw-dist.png','','1','2004-12-13 19:47:22',NULL);
INSERT INTO `glpi_documenttypes` VALUES ('31','Stuffit','sit','sit-dist.png','','1','2004-12-13 19:47:22',NULL);
INSERT INTO `glpi_documenttypes` VALUES ('43','Adobe Illustrator','ai','ai-dist.png','','1','2004-12-13 19:47:22',NULL);
INSERT INTO `glpi_documenttypes` VALUES ('32','OpenOffice Impress','sxi','sxi-dist.png','','1','2004-12-13 19:47:22',NULL);
INSERT INTO `glpi_documenttypes` VALUES ('33','OpenOffice','sxw','sxw-dist.png','','1','2004-12-13 19:47:22',NULL);
INSERT INTO `glpi_documenttypes` VALUES ('46','DVI','dvi','dvi-dist.png','','1','2004-12-13 19:47:22',NULL);
INSERT INTO `glpi_documenttypes` VALUES ('35','TGZ','tgz','tgz-dist.png','','1','2004-12-13 19:47:22',NULL);
INSERT INTO `glpi_documenttypes` VALUES ('36','texte','txt','txt-dist.png','','1','2004-12-13 19:47:22',NULL);
INSERT INTO `glpi_documenttypes` VALUES ('49','RedHat/Mandrake/SuSE','rpm','rpm-dist.png','','1','2004-12-13 19:47:22',NULL);
INSERT INTO `glpi_documenttypes` VALUES ('38','Excel','xls','xls-dist.png','','1','2004-12-13 19:47:22',NULL);
INSERT INTO `glpi_documenttypes` VALUES ('39','XML','xml','xml-dist.png','','1','2004-12-13 19:47:22',NULL);
INSERT INTO `glpi_documenttypes` VALUES ('41','Zip','zip','zip-dist.png','','1','2011-12-06 09:48:34',NULL);
INSERT INTO `glpi_documenttypes` VALUES ('45','Debian','deb','deb-dist.png','','1','2004-12-13 19:47:22',NULL);
INSERT INTO `glpi_documenttypes` VALUES ('47','C header','h','h-dist.png','','1','2011-12-06 09:48:34',NULL);
INSERT INTO `glpi_documenttypes` VALUES ('48','Pascal','pas','pas-dist.png','','1','2011-12-06 09:48:34',NULL);
INSERT INTO `glpi_documenttypes` VALUES ('50','OpenOffice Calc','sxc','sxc-dist.png','','1','2004-12-13 19:47:22',NULL);
INSERT INTO `glpi_documenttypes` VALUES ('51','LaTeX','tex','tex-dist.png','','1','2004-12-13 19:47:22',NULL);
INSERT INTO `glpi_documenttypes` VALUES ('52','GIMP multi-layer','xcf','xcf-dist.png','','1','2004-12-13 19:47:22',NULL);
INSERT INTO `glpi_documenttypes` VALUES ('53','JPEG','jpeg','jpg-dist.png','','1','2005-03-07 22:23:17',NULL);
INSERT INTO `glpi_documenttypes` VALUES ('54','Oasis Open Office Writer','odt','odt-dist.png','','1','2006-01-21 17:41:13',NULL);
INSERT INTO `glpi_documenttypes` VALUES ('55','Oasis Open Office Calc','ods','ods-dist.png','','1','2006-01-21 17:41:31',NULL);
INSERT INTO `glpi_documenttypes` VALUES ('56','Oasis Open Office Impress','odp','odp-dist.png','','1','2006-01-21 17:42:54',NULL);
INSERT INTO `glpi_documenttypes` VALUES ('57','Oasis Open Office Impress Template','otp','odp-dist.png','','1','2006-01-21 17:43:58',NULL);
INSERT INTO `glpi_documenttypes` VALUES ('58','Oasis Open Office Writer Template','ott','odt-dist.png','','1','2006-01-21 17:44:41',NULL);
INSERT INTO `glpi_documenttypes` VALUES ('59','Oasis Open Office Calc Template','ots','ods-dist.png','','1','2006-01-21 17:45:30',NULL);
INSERT INTO `glpi_documenttypes` VALUES ('60','Oasis Open Office Math','odf','odf-dist.png','','1','2006-01-21 17:48:05',NULL);
INSERT INTO `glpi_documenttypes` VALUES ('61','Oasis Open Office Draw','odg','odg-dist.png','','1','2006-01-21 17:48:31',NULL);
INSERT INTO `glpi_documenttypes` VALUES ('62','Oasis Open Office Draw Template','otg','odg-dist.png','','1','2006-01-21 17:49:46',NULL);
INSERT INTO `glpi_documenttypes` VALUES ('63','Oasis Open Office Base','odb','odb-dist.png','','1','2006-01-21 18:03:34',NULL);
INSERT INTO `glpi_documenttypes` VALUES ('64','Oasis Open Office HTML','oth','oth-dist.png','','1','2006-01-21 18:05:27',NULL);
INSERT INTO `glpi_documenttypes` VALUES ('65','Oasis Open Office Writer Master','odm','odm-dist.png','','1','2006-01-21 18:06:34',NULL);
INSERT INTO `glpi_documenttypes` VALUES ('66','Oasis Open Office Chart','odc','','','1','2006-01-21 18:07:48',NULL);
INSERT INTO `glpi_documenttypes` VALUES ('67','Oasis Open Office Image','odi','','','1','2006-01-21 18:08:18',NULL);
INSERT INTO `glpi_documenttypes` VALUES ('68','Word XML','docx','doc-dist.png',NULL,'1','2011-01-18 11:40:42',NULL);
INSERT INTO `glpi_documenttypes` VALUES ('69','Excel XML','xlsx','xls-dist.png',NULL,'1','2011-01-18 11:40:42',NULL);
INSERT INTO `glpi_documenttypes` VALUES ('70','PowerPoint XML','pptx','ppt-dist.png',NULL,'1','2011-01-18 11:40:42',NULL);
INSERT INTO `glpi_documenttypes` VALUES ('71','Comma-Separated Values','csv','csv-dist.png',NULL,'1','2011-12-06 09:48:34',NULL);
INSERT INTO `glpi_documenttypes` VALUES ('72','Scalable Vector Graphics','svg','svg-dist.png',NULL,'1','2011-12-06 09:48:34',NULL);

### Dump table glpi_domains

DROP TABLE IF EXISTS `glpi_domains`;
CREATE TABLE `glpi_domains` (
  `id` int(11) NOT NULL AUTO_INCREMENT,
  `name` varchar(255) COLLATE utf8_unicode_ci DEFAULT NULL,
  `comment` text COLLATE utf8_unicode_ci,
  PRIMARY KEY (`id`),
  KEY `name` (`name`)
) ENGINE=MyISAM DEFAULT CHARSET=utf8 COLLATE=utf8_unicode_ci;


### Dump table glpi_entities

DROP TABLE IF EXISTS `glpi_entities`;
CREATE TABLE `glpi_entities` (
  `id` int(11) NOT NULL AUTO_INCREMENT,
  `name` varchar(255) COLLATE utf8_unicode_ci DEFAULT NULL,
  `entities_id` int(11) NOT NULL DEFAULT '0',
  `completename` text COLLATE utf8_unicode_ci,
  `comment` text COLLATE utf8_unicode_ci,
  `level` int(11) NOT NULL DEFAULT '0',
  `sons_cache` longtext COLLATE utf8_unicode_ci,
  `ancestors_cache` longtext COLLATE utf8_unicode_ci,
  PRIMARY KEY (`id`),
  UNIQUE KEY `unicity` (`entities_id`,`name`),
  KEY `entities_id` (`entities_id`)
) ENGINE=MyISAM DEFAULT CHARSET=utf8 COLLATE=utf8_unicode_ci;


### Dump table glpi_entities_knowbaseitems

DROP TABLE IF EXISTS `glpi_entities_knowbaseitems`;
CREATE TABLE `glpi_entities_knowbaseitems` (
  `id` int(11) NOT NULL AUTO_INCREMENT,
  `knowbaseitems_id` int(11) NOT NULL DEFAULT '0',
  `entities_id` int(11) NOT NULL DEFAULT '0',
  `is_recursive` tinyint(1) NOT NULL DEFAULT '0',
  PRIMARY KEY (`id`),
  KEY `knowbaseitems_id` (`knowbaseitems_id`),
  KEY `entities_id` (`entities_id`),
  KEY `is_recursive` (`is_recursive`)
) ENGINE=MyISAM DEFAULT CHARSET=utf8 COLLATE=utf8_unicode_ci;


### Dump table glpi_entities_reminders

DROP TABLE IF EXISTS `glpi_entities_reminders`;
CREATE TABLE `glpi_entities_reminders` (
  `id` int(11) NOT NULL AUTO_INCREMENT,
  `reminders_id` int(11) NOT NULL DEFAULT '0',
  `entities_id` int(11) NOT NULL DEFAULT '0',
  `is_recursive` tinyint(1) NOT NULL DEFAULT '0',
  PRIMARY KEY (`id`),
  KEY `reminders_id` (`reminders_id`),
  KEY `entities_id` (`entities_id`),
  KEY `is_recursive` (`is_recursive`)
) ENGINE=MyISAM DEFAULT CHARSET=utf8 COLLATE=utf8_unicode_ci;


### Dump table glpi_entitydatas

DROP TABLE IF EXISTS `glpi_entitydatas`;
CREATE TABLE `glpi_entitydatas` (
  `id` int(11) NOT NULL AUTO_INCREMENT,
  `entities_id` int(11) NOT NULL DEFAULT '0',
  `address` text COLLATE utf8_unicode_ci,
  `postcode` varchar(255) COLLATE utf8_unicode_ci DEFAULT NULL,
  `town` varchar(255) COLLATE utf8_unicode_ci DEFAULT NULL,
  `state` varchar(255) COLLATE utf8_unicode_ci DEFAULT NULL,
  `country` varchar(255) COLLATE utf8_unicode_ci DEFAULT NULL,
  `website` varchar(255) COLLATE utf8_unicode_ci DEFAULT NULL,
  `phonenumber` varchar(255) COLLATE utf8_unicode_ci DEFAULT NULL,
  `fax` varchar(255) COLLATE utf8_unicode_ci DEFAULT NULL,
  `email` varchar(255) COLLATE utf8_unicode_ci DEFAULT NULL,
  `admin_email` varchar(255) COLLATE utf8_unicode_ci DEFAULT NULL,
  `admin_email_name` varchar(255) COLLATE utf8_unicode_ci DEFAULT NULL,
  `admin_reply` varchar(255) COLLATE utf8_unicode_ci DEFAULT NULL,
  `admin_reply_name` varchar(255) COLLATE utf8_unicode_ci DEFAULT NULL,
  `notification_subject_tag` varchar(255) COLLATE utf8_unicode_ci DEFAULT NULL,
  `notepad` longtext COLLATE utf8_unicode_ci,
  `ldap_dn` varchar(255) COLLATE utf8_unicode_ci DEFAULT NULL,
  `tag` varchar(255) COLLATE utf8_unicode_ci DEFAULT NULL,
  `authldaps_id` int(11) NOT NULL DEFAULT '0',
  `mail_domain` varchar(255) COLLATE utf8_unicode_ci DEFAULT NULL,
  `entity_ldapfilter` text COLLATE utf8_unicode_ci,
  `mailing_signature` text COLLATE utf8_unicode_ci,
  `cartridges_alert_repeat` int(11) NOT NULL DEFAULT '-2',
  `consumables_alert_repeat` int(11) NOT NULL DEFAULT '-2',
  `use_licenses_alert` int(11) NOT NULL DEFAULT '-2',
  `use_contracts_alert` int(11) NOT NULL DEFAULT '-2',
  `use_infocoms_alert` int(11) NOT NULL DEFAULT '-2',
  `use_reservations_alert` int(11) NOT NULL DEFAULT '-2',
  `autoclose_delay` int(11) NOT NULL DEFAULT '-2',
  `notclosed_delay` int(11) NOT NULL DEFAULT '-2',
  `calendars_id` int(11) NOT NULL DEFAULT '-2',
  `auto_assign_mode` int(11) NOT NULL DEFAULT '-2',
  `tickettype` int(11) NOT NULL DEFAULT '-2',
  `max_closedate` datetime DEFAULT NULL,
  `inquest_config` int(11) NOT NULL DEFAULT '-2',
  `inquest_rate` int(11) NOT NULL DEFAULT '0',
  `inquest_delay` int(11) NOT NULL DEFAULT '-10',
  `inquest_URL` varchar(255) COLLATE utf8_unicode_ci DEFAULT NULL,
  `autofill_warranty_date` varchar(255) COLLATE utf8_unicode_ci DEFAULT '-2',
  `autofill_use_date` varchar(255) COLLATE utf8_unicode_ci DEFAULT '-2',
  `autofill_buy_date` varchar(255) COLLATE utf8_unicode_ci DEFAULT '-2',
  `autofill_delivery_date` varchar(255) COLLATE utf8_unicode_ci DEFAULT '-2',
  `autofill_order_date` varchar(255) COLLATE utf8_unicode_ci DEFAULT '-2',
  `tickettemplates_id` int(11) NOT NULL DEFAULT '-2',
  `entities_id_software` int(11) NOT NULL DEFAULT '-2',
  `default_contract_alert` int(11) NOT NULL DEFAULT '0',
  `default_infocom_alert` int(11) NOT NULL DEFAULT '0',
  `default_alarm_threshold` int(11) NOT NULL DEFAULT '10',
  PRIMARY KEY (`id`),
  UNIQUE KEY `unicity` (`entities_id`)
) ENGINE=MyISAM  DEFAULT CHARSET=utf8 COLLATE=utf8_unicode_ci;

INSERT INTO `glpi_entitydatas` VALUES ('1','0',NULL,NULL,NULL,NULL,NULL,NULL,NULL,NULL,NULL,NULL,NULL,NULL,NULL,NULL,NULL,NULL,NULL,'0',NULL,NULL,NULL,'0','0','0','0','0','0','-1','0','0','-10','1',NULL,'1','0','0',NULL,'0','0','0','0','0','1','-10','0','0','10');

### Dump table glpi_events

DROP TABLE IF EXISTS `glpi_events`;
CREATE TABLE `glpi_events` (
  `id` int(11) NOT NULL AUTO_INCREMENT,
  `items_id` int(11) NOT NULL DEFAULT '0',
  `type` varchar(255) COLLATE utf8_unicode_ci DEFAULT NULL,
  `date` datetime DEFAULT NULL,
  `service` varchar(255) COLLATE utf8_unicode_ci DEFAULT NULL,
  `level` int(11) NOT NULL DEFAULT '0',
  `message` text COLLATE utf8_unicode_ci,
  PRIMARY KEY (`id`),
  KEY `date` (`date`),
  KEY `level` (`level`),
  KEY `item` (`type`,`items_id`)
) ENGINE=MyISAM  DEFAULT CHARSET=utf8 COLLATE=utf8_unicode_ci;

INSERT INTO `glpi_events` VALUES ('1','-1','system','2012-05-14 07:20:19','login','3','glpi IP connection: 82.117.232.116');
INSERT INTO `glpi_events` VALUES ('2','-1','system','2012-05-14 07:21:15','login','3','glpi IP connection: 82.117.232.116');
INSERT INTO `glpi_events` VALUES ('3','0','users','2012-05-14 07:22:49','setup','5','glpi  update the item  normal.');
INSERT INTO `glpi_events` VALUES ('4','0','users','2012-05-14 07:23:10','setup','5','glpi  update the item  post-only.');
INSERT INTO `glpi_events` VALUES ('5','0','users','2012-05-14 07:23:23','setup','5','glpi  update the item  tech.');
INSERT INTO `glpi_events` VALUES ('6','0','users','2012-05-14 07:35:33','setup','5','glpi  update the item  glpi.');
INSERT INTO `glpi_events` VALUES ('7','6','users','2012-05-14 07:37:30','setup','4','glpi   denis.maksymenko.');
INSERT INTO `glpi_events` VALUES ('8','7','users','2012-05-14 07:38:09','setup','4','glpi   max.krivoshlyk.');
INSERT INTO `glpi_events` VALUES ('9','8','users','2012-05-14 07:39:27','setup','4','glpi   dmitriy.yenin.');
INSERT INTO `glpi_events` VALUES ('10','1','UserTitle','2012-05-14 07:39:48','setup','4','glpi added   .');
INSERT INTO `glpi_events` VALUES ('11','2','UserTitle','2012-05-14 07:40:01','setup','4','glpi added   .');
INSERT INTO `glpi_events` VALUES ('12','9','users','2012-05-14 07:40:48','setup','4','glpi   dmitry.vilkhivskiy.');
INSERT INTO `glpi_events` VALUES ('13','7','users','2012-05-14 07:43:15','setup','4','glpi    ');
INSERT INTO `glpi_events` VALUES ('14','6','users','2012-05-14 07:43:40','setup','4','glpi    ');
INSERT INTO `glpi_events` VALUES ('15','6','users','2012-05-14 07:43:46','setup','4','glpi    ');
INSERT INTO `glpi_events` VALUES ('16','0','entity','2012-05-14 07:43:55','setup','4','glpi    ');
INSERT INTO `glpi_events` VALUES ('17','0','entity','2012-05-14 07:44:00','setup','4','glpi    ');
INSERT INTO `glpi_events` VALUES ('18','0','entity','2012-05-14 07:44:15','setup','4','glpi    ');
INSERT INTO `glpi_events` VALUES ('19','8','users','2012-05-14 07:44:20','setup','4','glpi    ');
INSERT INTO `glpi_events` VALUES ('20','0','entity','2012-05-14 07:44:33','setup','4','glpi    ');
INSERT INTO `glpi_events` VALUES ('21','9','users','2012-05-14 07:44:39','setup','4','glpi    ');
INSERT INTO `glpi_events` VALUES ('22','0','entity','2012-05-14 07:44:53','setup','4','glpi    ');
INSERT INTO `glpi_events` VALUES ('23','-1','system','2012-05-14 07:45:12','login','3','dmitry.vilkhivskiy IP connection: 82.117.232.116');
INSERT INTO `glpi_events` VALUES ('24','0','users','2012-05-14 07:45:26','setup','5','dmitry.vilkhivskiy  update the item  dmitry.vilkhivskiy.');
INSERT INTO `glpi_events` VALUES ('25','3','UserTitle','2012-05-14 07:46:16','setup','4','dmitry.vilkhivskiy added System Administrator.');
INSERT INTO `glpi_events` VALUES ('26','0','users','2012-05-14 07:46:29','setup','5','dmitry.vilkhivskiy     dmitriy.yenin.');
INSERT INTO `glpi_events` VALUES ('27','0','users','2012-05-14 07:46:43','setup','5','dmitry.vilkhivskiy     dmitry.vilkhivskiy.');
INSERT INTO `glpi_events` VALUES ('28','-1','system','2012-05-14 07:47:10','login','3','glpi IP connection: 82.117.232.116');
INSERT INTO `glpi_events` VALUES ('29','1','groups','2012-05-14 07:47:49','setup','4','glpi   BOSSdev.');
INSERT INTO `glpi_events` VALUES ('30','2','groups','2012-05-14 07:48:04','setup','4','glpi   Flexaspect.');
INSERT INTO `glpi_events` VALUES ('31','3','groups','2012-05-14 07:48:21','setup','4','glpi   Ukad.');
INSERT INTO `glpi_events` VALUES ('32','10','users','2012-05-14 07:54:24','setup','4','glpi   alex.devyatkin.');
INSERT INTO `glpi_events` VALUES ('33','-1','system','2012-05-14 07:54:33','login','1','connection failed: alex.devyatkin (82.117.232.116)');
INSERT INTO `glpi_events` VALUES ('34','-1','system','2012-05-14 07:54:41','login','3','glpi IP connection: 82.117.232.116');
INSERT INTO `glpi_events` VALUES ('35','11','users','2012-05-14 07:56:47','setup','4','glpi   alex.gaevoy.');
INSERT INTO `glpi_events` VALUES ('36','12','users','2012-05-14 07:57:53','setup','4','glpi   alexander.gres.');
INSERT INTO `glpi_events` VALUES ('37','13','users','2012-05-14 08:00:50','setup','4','glpi   alexander.perevalov.');
INSERT INTO `glpi_events` VALUES ('38','14','users','2012-05-14 08:01:15','setup','4','glpi   alexander.razvalinov.');
INSERT INTO `glpi_events` VALUES ('39','15','users','2012-05-14 08:01:39','setup','4','glpi   alexander.sidorov.');
INSERT INTO `glpi_events` VALUES ('40','16','users','2012-05-14 08:02:13','setup','4','glpi   alexander.skripnik.');
INSERT INTO `glpi_events` VALUES ('41','17','users','2012-05-14 08:02:39','setup','4','glpi   alexey.afanasyev.');
INSERT INTO `glpi_events` VALUES ('42','18','users','2012-05-14 08:03:09','setup','4','glpi   alexey.bobylev.');
INSERT INTO `glpi_events` VALUES ('43','19','users','2012-05-14 08:03:43','setup','4','glpi   alexey.scherbakov.');
INSERT INTO `glpi_events` VALUES ('44','20','users','2012-05-14 08:04:10','setup','4','glpi   alla.zagorulko.');
INSERT INTO `glpi_events` VALUES ('45','21','users','2012-05-14 08:04:35','setup','4','glpi   andrey.lushpigan.');
INSERT INTO `glpi_events` VALUES ('46','22','users','2012-05-14 08:04:54','setup','4','glpi   artem.loboda.');
INSERT INTO `glpi_events` VALUES ('47','23','users','2012-05-14 08:05:14','setup','4','glpi   artem.pyhtin.');
INSERT INTO `glpi_events` VALUES ('48','24','users','2012-05-14 08:05:32','setup','4','glpi   artur.fisun.');
INSERT INTO `glpi_events` VALUES ('49','25','users','2012-05-14 08:05:52','setup','4','glpi   denis.kovalev.');
INSERT INTO `glpi_events` VALUES ('50','26','users','2012-05-14 08:06:15','setup','4','glpi   dmitriy.galuschkin.');
INSERT INTO `glpi_events` VALUES ('51','27','users','2012-05-14 08:06:35','setup','4','glpi   dmitriy.kotelevskiy.');
INSERT INTO `glpi_events` VALUES ('52','28','users','2012-05-14 08:07:00','setup','4','glpi   dmitriy.ovsyannikov.');
INSERT INTO `glpi_events` VALUES ('53','29','users','2012-05-14 08:07:31','setup','4','glpi   dmitriy.voronin.');
INSERT INTO `glpi_events` VALUES ('54','30','users','2012-05-14 08:07:58','setup','4','glpi   dmitriy.zhdankin.');
INSERT INTO `glpi_events` VALUES ('55','31','users','2012-05-14 08:08:33','setup','4','glpi   dmitry.seredinov.');
INSERT INTO `glpi_events` VALUES ('56','32','users','2012-05-14 08:09:00','setup','4','glpi   eduard.marakhovsky.');
INSERT INTO `glpi_events` VALUES ('57','33','users','2012-05-14 08:09:31','setup','4','glpi   elena.zisina.');
INSERT INTO `glpi_events` VALUES ('58','34','users','2012-05-14 08:09:49','setup','4','glpi   evgeniy.arsenyev.');
INSERT INTO `glpi_events` VALUES ('59','35','users','2012-05-14 08:10:23','setup','4','glpi   evgeniy.kholodnyak.');
INSERT INTO `glpi_events` VALUES ('60','36','users','2012-05-14 08:10:58','setup','4','glpi   evgeniy.udalov.');
INSERT INTO `glpi_events` VALUES ('61','37','users','2012-05-14 08:11:30','setup','4','glpi   fedor.krutko.');
INSERT INTO `glpi_events` VALUES ('62','38','users','2012-05-14 08:12:03','setup','4','glpi   igor.demo.');
INSERT INTO `glpi_events` VALUES ('63','39','users','2012-05-14 08:12:33','setup','4','glpi   igor.skalov.');
INSERT INTO `glpi_events` VALUES ('64','40','users','2012-05-14 08:13:06','setup','4','glpi   kirill.samojlenko.');
INSERT INTO `glpi_events` VALUES ('65','41','users','2012-05-14 08:13:29','setup','4','glpi   maxim.kapustin.');
INSERT INTO `glpi_events` VALUES ('66','42','users','2012-05-14 08:14:05','setup','4','glpi   maxim.kosenko.');
INSERT INTO `glpi_events` VALUES ('67','43','users','2012-05-14 08:14:25','setup','4','glpi   natalya.skoromnaya.');
INSERT INTO `glpi_events` VALUES ('68','44','users','2012-05-14 08:14:41','setup','4','glpi   natalya.vasilenko.');
INSERT INTO `glpi_events` VALUES ('69','45','users','2012-05-14 08:15:22','setup','4','glpi   nickolay.chizhikov.');
INSERT INTO `glpi_events` VALUES ('70','46','users','2012-05-14 08:16:33','setup','4','glpi   oleg.milkin.');
INSERT INTO `glpi_events` VALUES ('71','47','users','2012-05-14 08:16:51','setup','4','glpi   oleg.plitnik.');
INSERT INTO `glpi_events` VALUES ('72','48','users','2012-05-14 08:17:35','setup','4','glpi   pavel.kolesnikov.');
INSERT INTO `glpi_events` VALUES ('73','49','users','2012-05-14 08:18:08','setup','4','glpi   pavel.melikhov.');
INSERT INTO `glpi_events` VALUES ('74','50','users','2012-05-14 08:18:26','setup','4','glpi   pavel.sukhanov.');
INSERT INTO `glpi_events` VALUES ('75','51','users','2012-05-14 08:18:54','setup','4','glpi   roman.lavrinenko.');
INSERT INTO `glpi_events` VALUES ('76','52','users','2012-05-14 08:19:31','setup','4','glpi   roman.mazurika.');
INSERT INTO `glpi_events` VALUES ('77','53','users','2012-05-14 08:19:59','setup','4','glpi   ruslan.getmansky.');
INSERT INTO `glpi_events` VALUES ('78','54','users','2012-05-14 08:20:57','setup','4','glpi   sergey.boiko.');
INSERT INTO `glpi_events` VALUES ('79','55','users','2012-05-14 08:21:48','setup','4','glpi   sergey.grebeniuk.');
INSERT INTO `glpi_events` VALUES ('80','56','users','2012-05-14 08:22:06','setup','4','glpi   sergey.laptiy.');
INSERT INTO `glpi_events` VALUES ('81','57','users','2012-05-14 08:22:51','setup','4','glpi   sergey.malyshkin.');
INSERT INTO `glpi_events` VALUES ('82','58','users','2012-05-14 08:23:14','setup','4','glpi   tatiana.kunah.');
INSERT INTO `glpi_events` VALUES ('83','59','users','2012-05-14 08:23:53','setup','4','glpi   vadim.matsukatov.');
INSERT INTO `glpi_events` VALUES ('84','60','users','2012-05-14 08:24:15','setup','4','glpi   valeriy.matsukatov.');
INSERT INTO `glpi_events` VALUES ('85','61','users','2012-05-14 08:24:50','setup','4','glpi   vasiliy.belokon.');
INSERT INTO `glpi_events` VALUES ('86','62','users','2012-05-14 08:25:10','setup','4','glpi   vitaliy.orehov.');
INSERT INTO `glpi_events` VALUES ('87','63','users','2012-05-14 08:25:37','setup','4','glpi   vitaliy.supronuk.');
INSERT INTO `glpi_events` VALUES ('88','64','users','2012-05-14 08:25:59','setup','4','glpi   vladimir.kozhushniy.');
INSERT INTO `glpi_events` VALUES ('89','65','users','2012-05-14 08:26:23','setup','4','glpi   vladimir.maryenko.');
INSERT INTO `glpi_events` VALUES ('90','66','users','2012-05-14 08:28:13','setup','4','glpi   vladimir.rakovsky.');
INSERT INTO `glpi_events` VALUES ('91','67','users','2012-05-14 08:28:28','setup','4','glpi   yuriy.zisin.');
INSERT INTO `glpi_events` VALUES ('92','0','users','2012-05-14 08:30:13','setup','5','glpi     alexey.afanasyev.');
INSERT INTO `glpi_events` VALUES ('93','1','Location','2012-05-14 08:38:08','setup','4','glpi added 201.');
INSERT INTO `glpi_events` VALUES ('94','2','Location','2012-05-14 08:38:13','setup','4','glpi added 202.');
INSERT INTO `glpi_events` VALUES ('95','3','Location','2012-05-14 08:38:17','setup','4','glpi added 203.');
INSERT INTO `glpi_events` VALUES ('96','4','Location','2012-05-14 08:38:21','setup','4','glpi added 204.');
INSERT INTO `glpi_events` VALUES ('97','5','Location','2012-05-14 08:38:25','setup','4','glpi added 205.');
INSERT INTO `glpi_events` VALUES ('98','6','Location','2012-05-14 08:38:30','setup','4','glpi added 206.');
INSERT INTO `glpi_events` VALUES ('99','7','Location','2012-05-14 08:38:35','setup','4','glpi added 207.');
INSERT INTO `glpi_events` VALUES ('100','1','Manufacturer','2012-05-14 08:46:12','setup','4','glpi added LG.');
INSERT INTO `glpi_events` VALUES ('101','1','MonitorModel','2012-05-14 08:46:49','setup','4','glpi added L1730P.');
INSERT INTO `glpi_events` VALUES ('102','1','monitors','2012-05-14 08:47:16','inventory','4','glpi   MON0001.');
INSERT INTO `glpi_events` VALUES ('103','2','Manufacturer','2012-05-14 08:49:02','setup','4','glpi added SAMSUNG.');
INSERT INTO `glpi_events` VALUES ('104','2','MonitorModel','2012-05-14 08:49:16','setup','4','glpi added 923NW.');
INSERT INTO `glpi_events` VALUES ('105','2','monitors','2012-05-14 08:50:35','inventory','4','glpi   MON0002.');
INSERT INTO `glpi_events` VALUES ('106','3','MonitorModel','2012-05-14 08:53:26','setup','4','glpi added 943N.');
INSERT INTO `glpi_events` VALUES ('107','3','monitors','2012-05-14 08:54:39','inventory','4','glpi   MON0003.');
INSERT INTO `glpi_events` VALUES ('108','4','MonitorModel','2012-05-14 08:55:30','setup','4','glpi added W2346T.');
INSERT INTO `glpi_events` VALUES ('109','4','monitors','2012-05-14 08:56:21','inventory','4','glpi   MON0004.');
INSERT INTO `glpi_events` VALUES ('110','5','MonitorModel','2012-05-14 08:59:44','setup','4','glpi added W2346S.');
INSERT INTO `glpi_events` VALUES ('111','5','monitors','2012-05-14 09:02:21','inventory','4','glpi   MON0005.');
INSERT INTO `glpi_events` VALUES ('112','6','MonitorModel','2012-05-14 09:03:30','setup','4','glpi added 943.');
INSERT INTO `glpi_events` VALUES ('113','6','monitors','2012-05-14 09:05:58','inventory','4','glpi   MON006.');
INSERT INTO `glpi_events` VALUES ('114','7','monitors','2012-05-14 09:08:10','inventory','4','glpi   MON007.');
INSERT INTO `glpi_events` VALUES ('115','7','MonitorModel','2012-05-14 09:08:43','setup','4','glpi added W2346.');
INSERT INTO `glpi_events` VALUES ('116','8','monitors','2012-05-14 09:10:11','inventory','4','glpi   MON0008.');
INSERT INTO `glpi_events` VALUES ('117','3','Manufacturer','2012-05-14 09:10:51','setup','4','glpi added PHILIPS.');
INSERT INTO `glpi_events` VALUES ('118','8','MonitorModel','2012-05-14 09:11:25','setup','4','glpi added 190S.');
INSERT INTO `glpi_events` VALUES ('119','9','monitors','2012-05-14 09:12:22','inventory','4','glpi   MON0009.');
INSERT INTO `glpi_events` VALUES ('120','7','monitors','2012-05-14 09:12:33','inventory','4','glpi  ');
INSERT INTO `glpi_events` VALUES ('121','6','monitors','2012-05-14 09:12:43','inventory','4','glpi  ');
INSERT INTO `glpi_events` VALUES ('122','1','OperatingSystem','2012-05-14 09:15:40','setup','4','glpi added Microsoft Windows.');
INSERT INTO `glpi_events` VALUES ('123','2','OperatingSystem','2012-05-14 09:15:48','setup','4','glpi added GNU/Linux.');
INSERT INTO `glpi_events` VALUES ('124','1','OperatingSystemVersion','2012-05-14 09:18:20','setup','4','glpi added XP PRO.');
INSERT INTO `glpi_events` VALUES ('125','1','computers','2012-05-14 09:19:00','inventory','4','glpi   PC0001.');
INSERT INTO `glpi_events` VALUES ('126','4','Manufacturer','2012-05-14 09:23:11','setup','4','glpi added INTEL.');
INSERT INTO `glpi_events` VALUES ('127','5','Manufacturer','2012-05-14 09:23:17','setup','4','glpi added AMD.');
INSERT INTO `glpi_events` VALUES ('128','1','DeviceProcessor','2012-05-14 09:23:56','inventory','4','glpi   Pentium E2200.');
INSERT INTO `glpi_events` VALUES ('129','6','Manufacturer','2012-05-14 09:25:06','setup','4','glpi added Asus.');
INSERT INTO `glpi_events` VALUES ('130','1','DeviceMotherboard','2012-05-14 09:25:32','inventory','4','glpi   S775_P5G-MX.');
INSERT INTO `glpi_events` VALUES ('131','7','Manufacturer','2012-05-14 09:26:51','setup','4','glpi added KINGSTON.');
INSERT INTO `glpi_events` VALUES ('132','5','DeviceMemoryType','2012-05-14 09:27:30','setup','4','glpi added DDR2.');
INSERT INTO `glpi_events` VALUES ('133','6','DeviceMemoryType','2012-05-14 09:27:34','setup','4','glpi added DDR3.');
INSERT INTO `glpi_events` VALUES ('134','1','DeviceMemory','2012-05-14 09:28:24','inventory','4','glpi   2GB_DDR2_KINGSTON.');
INSERT INTO `glpi_events` VALUES ('135','1','computers','2012-05-14 09:28:53','inventory','4','glpi  ');
INSERT INTO `glpi_events` VALUES ('136','9','InterfaceType','2012-05-14 09:30:52','setup','4','glpi added PCI-EX.');
INSERT INTO `glpi_events` VALUES ('137','1','DeviceGraphicCard','2012-05-14 09:31:03','inventory','4','glpi   EAH4350.');
INSERT INTO `glpi_events` VALUES ('138','10','InterfaceType','2012-05-14 09:33:30','setup','4','glpi added SATA2.');
INSERT INTO `glpi_events` VALUES ('139','1','DeviceHardDrive','2012-05-14 09:33:36','inventory','4','glpi   HD161HJ.');
INSERT INTO `glpi_events` VALUES ('140','1','computers','2012-05-14 09:34:34','inventory','5','glpi  ');
INSERT INTO `glpi_events` VALUES ('141','1','computers','2012-05-14 09:34:47','inventory','5','glpi  ');
INSERT INTO `glpi_events` VALUES ('142','8','Manufacturer','2012-05-14 09:37:54','setup','4','glpi added Microsoft.');
INSERT INTO `glpi_events` VALUES ('143','1','software','2012-05-14 09:38:13','inventory','4','glpi   Microsoft Windows XP PRO.');
INSERT INTO `glpi_events` VALUES ('144','1','computers','2012-05-14 09:41:25','inventory','4','glpi  ');
INSERT INTO `glpi_events` VALUES ('145','2','OperatingSystemVersion','2012-05-14 09:48:28','setup','4','glpi added 7_HOME_PREMIUM.');
INSERT INTO `glpi_events` VALUES ('146','2','computers','2012-05-14 09:50:06','inventory','4','glpi   PC0002.');
INSERT INTO `glpi_events` VALUES ('147','9','Manufacturer','2012-05-14 09:54:24','setup','4','glpi added Gigabyte.');
INSERT INTO `glpi_events` VALUES ('148','2','DeviceMotherboard','2012-05-14 09:55:10','inventory','4','glpi   S1155_GA-H61M-D2-B3.');
INSERT INTO `glpi_events` VALUES ('149','2','DeviceMemory','2012-05-14 09:56:16','inventory','4','glpi   4GB_DDR3_KINGSTON.');
INSERT INTO `glpi_events` VALUES ('150','2','DeviceProcessor','2012-05-14 09:57:24','inventory','4','glpi   i5-2300.');
INSERT INTO `glpi_events` VALUES ('151','2','computers','2012-05-14 09:58:00','inventory','4','glpi  ');
INSERT INTO `glpi_events` VALUES ('152','10','Manufacturer','2012-05-14 09:59:08','setup','4','glpi added Hitachi.');
INSERT INTO `glpi_events` VALUES ('153','2','DeviceHardDrive','2012-05-14 09:59:44','inventory','4','glpi   HDT721016SLA380.');
INSERT INTO `glpi_events` VALUES ('154','2','computers','2012-05-14 10:03:00','inventory','5','glpi  ');
INSERT INTO `glpi_events` VALUES ('155','2','computers','2012-05-14 10:03:11','inventory','5','glpi  ');
INSERT INTO `glpi_events` VALUES ('156','0','networkport','2012-05-14 10:04:59','inventory','5','glpi   ');
INSERT INTO `glpi_events` VALUES ('157','0','networkport','2012-05-14 10:07:15','inventory','5','glpi   ');
INSERT INTO `glpi_events` VALUES ('158','3','computers','2012-05-14 10:10:48','inventory','4','glpi   PC0003.');
INSERT INTO `glpi_events` VALUES ('159','3','DeviceMotherboard','2012-05-14 10:13:12','inventory','4','glpi   S1156_GA-P55A-UD3.');
INSERT INTO `glpi_events` VALUES ('160','3','DeviceProcessor','2012-05-14 10:13:38','inventory','4','glpi   i5-760,.');
INSERT INTO `glpi_events` VALUES ('161','3','computers','2012-05-14 10:14:46','inventory','4','glpi  ');
INSERT INTO `glpi_events` VALUES ('162','11','Manufacturer','2012-05-14 10:15:41','setup','4','glpi added NVIDIA.');
INSERT INTO `glpi_events` VALUES ('163','2','DeviceGraphicCard','2012-05-14 10:15:59','inventory','4','glpi   GeForce 210 .');
INSERT INTO `glpi_events` VALUES ('164','3','DeviceGraphicCard','2012-05-14 10:16:19','inventory','4','glpi   8400GS.');
INSERT INTO `glpi_events` VALUES ('165','11','InterfaceType','2012-05-14 10:18:18','setup','4','glpi added SATA3.');
INSERT INTO `glpi_events` VALUES ('166','3','DeviceHardDrive','2012-05-14 10:18:30','inventory','4','glpi   SH100S3120G .');
INSERT INTO `glpi_events` VALUES ('167','3','computers','2012-05-14 10:19:08','inventory','5','glpi  ');
INSERT INTO `glpi_events` VALUES ('168','3','computers','2012-05-14 10:19:20','inventory','5','glpi  ');
INSERT INTO `glpi_events` VALUES ('169','3','computers','2012-05-14 10:19:30','inventory','5','glpi  ');
INSERT INTO `glpi_events` VALUES ('170','4','DeviceGraphicCard','2012-05-14 10:20:39','inventory','4','glpi   Integrated.');
INSERT INTO `glpi_events` VALUES ('171','0','networkport','2012-05-14 10:21:46','inventory','5','glpi   ');
INSERT INTO `glpi_events` VALUES ('172','3','DeviceProcessor','2012-05-14 10:22:12','setup','4','glpi  ');
INSERT INTO `glpi_events` VALUES ('173','-1','system','2012-05-14 11:31:19','login','3','glpi IP connection: 178.165.31.112');
INSERT INTO `glpi_events` VALUES ('174','-1','system','2012-05-15 02:39:58','login','3','glpi IP connection: 82.117.232.116');
INSERT INTO `glpi_events` VALUES ('175','4','computers','2012-05-15 02:44:02','inventory','4','glpi   PC0004.');
INSERT INTO `glpi_events` VALUES ('176','4','DeviceMotherboard','2012-05-15 02:46:43','inventory','4','glpi   S775_P5G41TD-M Pro.');
INSERT INTO `glpi_events` VALUES ('177','4','computers','2012-05-15 02:47:34','inventory','4','glpi  ');
INSERT INTO `glpi_events` VALUES ('178','4','DeviceHardDrive','2012-05-15 02:51:19','inventory','4','glpi   HD502HJ .');
INSERT INTO `glpi_events` VALUES ('179','4','DeviceProcessor','2012-05-15 02:51:47','inventory','4','glpi   Core 2 Quad Q8300.');
INSERT INTO `glpi_events` VALUES ('180','0','networkport','2012-05-15 02:53:11','inventory','5','glpi   ');
INSERT INTO `glpi_events` VALUES ('181','4','computers','2012-05-15 02:55:47','inventory','5','glpi  ');
INSERT INTO `glpi_events` VALUES ('182','4','computers','2012-05-15 02:55:58','inventory','5','glpi  ');
INSERT INTO `glpi_events` VALUES ('183','12','Manufacturer','2012-05-15 02:57:56','setup','4','glpi added Apple.');
INSERT INTO `glpi_events` VALUES ('184','1','peripherals','2012-05-15 02:58:38','inventory','4','glpi   MAC MINI.');
INSERT INTO `glpi_events` VALUES ('185','3','computers','2012-05-15 02:59:08','inventory','5','glpi  ');
INSERT INTO `glpi_events` VALUES ('186','-1','system','2012-05-15 03:00:25','login','3','dmitry.vilkhivskiy IP connection: 82.117.232.116');
INSERT INTO `glpi_events` VALUES ('187','0','users','2012-05-15 03:00:53','setup','5','dmitry.vilkhivskiy     dmitry.vilkhivskiy.');
INSERT INTO `glpi_events` VALUES ('188','68','users','2012-05-15 03:14:43','setup','4','glpi   denis.djelomanov.');
INSERT INTO `glpi_events` VALUES ('189','9','MonitorModel','2012-05-15 03:17:04','setup','4','glpi added 241SL.');
INSERT INTO `glpi_events` VALUES ('190','10','monitors','2012-05-15 03:17:51','inventory','4','glpi   MON0010.');
INSERT INTO `glpi_events` VALUES ('191','11','monitors','2012-05-15 03:18:28','inventory','4','glpi   MON0011.');
INSERT INTO `glpi_events` VALUES ('192','10','monitors','2012-05-15 03:19:01','inventory','4','glpi  ');
INSERT INTO `glpi_events` VALUES ('193','11','monitors','2012-05-15 03:19:32','inventory','4','glpi  ');
INSERT INTO `glpi_events` VALUES ('194','12','monitors','2012-05-15 03:20:40','inventory','4','glpi   MON0012.');
INSERT INTO `glpi_events` VALUES ('195','10','MonitorModel','2012-05-15 03:21:27','setup','4','glpi added E2320.');
INSERT INTO `glpi_events` VALUES ('196','13','monitors','2012-05-15 03:22:31','inventory','4','glpi   MON0013.');
INSERT INTO `glpi_events` VALUES ('197','69','users','2012-05-15 03:24:28','setup','4','glpi   ivan.doroshenko.');
INSERT INTO `glpi_events` VALUES ('198','14','monitors','2012-05-15 03:25:54','inventory','4','glpi   MON0014.');
INSERT INTO `glpi_events` VALUES ('199','15','monitors','2012-05-15 03:26:54','inventory','4','glpi   MON0015.');
INSERT INTO `glpi_events` VALUES ('200','70','users','2012-05-15 03:28:20','setup','4','glpi   nadejda.lyabik.');
INSERT INTO `glpi_events` VALUES ('201','16','monitors','2012-05-15 03:30:34','inventory','4','glpi   MON0016.');
INSERT INTO `glpi_events` VALUES ('202','11','MonitorModel','2012-05-15 03:31:18','setup','4','glpi added 710N.');
INSERT INTO `glpi_events` VALUES ('203','17','monitors','2012-05-15 03:31:49','inventory','4','glpi   MON0017.');
INSERT INTO `glpi_events` VALUES ('204','3','computers','2012-05-15 03:40:37','inventory','4','glpi  ');
INSERT INTO `glpi_events` VALUES ('205','5','computers','2012-05-15 03:40:46','inventory','4','glpi   PC0005.');
INSERT INTO `glpi_events` VALUES ('206','5','DeviceMotherboard','2012-05-15 03:42:42','inventory','4','glpi   S1155_GA-H61MA-D3V .');
INSERT INTO `glpi_events` VALUES ('207','5','DeviceProcessor','2012-05-15 03:43:46','inventory','4','glpi   i5-2310.');
INSERT INTO `glpi_events` VALUES ('208','13','Manufacturer','2012-05-15 03:44:56','setup','4','glpi added HYNIX.');
INSERT INTO `glpi_events` VALUES ('209','3','DeviceMemory','2012-05-15 03:45:11','inventory','4','glpi   4GB_DDR3_HYNIX.');
INSERT INTO `glpi_events` VALUES ('210','5','computers','2012-05-15 03:45:26','inventory','4','glpi  ');
INSERT INTO `glpi_events` VALUES ('211','5','DeviceHardDrive','2012-05-15 03:47:12','inventory','4','glpi   SVP200S3120G.');
INSERT INTO `glpi_events` VALUES ('212','0','networkport','2012-05-15 03:49:37','inventory','5','glpi   ');
INSERT INTO `glpi_events` VALUES ('213','0','networkport','2012-05-15 03:50:08','inventory','5','glpi    ');
INSERT INTO `glpi_events` VALUES ('214','0','networkport','2012-05-15 03:50:24','inventory','5','glpi   ');
INSERT INTO `glpi_events` VALUES ('215','5','computers','2012-05-15 03:51:12','inventory','5','glpi  ');
INSERT INTO `glpi_events` VALUES ('216','5','computers','2012-05-15 03:51:20','inventory','5','glpi  ');
INSERT INTO `glpi_events` VALUES ('217','6','computers','2012-05-15 03:53:52','inventory','4','glpi   PC0006.');
INSERT INTO `glpi_events` VALUES ('218','-1','system','2012-05-15 04:21:13','login','3','dmitriy.yenin IP connection: 82.117.232.116');
INSERT INTO `glpi_events` VALUES ('219','-1','system','2012-05-15 04:24:37','login','3','dmitriy.yenin IP connection: 82.117.232.116');
INSERT INTO `glpi_events` VALUES ('220','0','users','2012-05-15 04:25:01','setup','5','dmitriy.yenin  update the item  dmitriy.yenin.');
INSERT INTO `glpi_events` VALUES ('221','0','users','2012-05-15 04:25:54','setup','5','dmitriy.yenin  update the item  dmitriy.yenin.');
INSERT INTO `glpi_events` VALUES ('222','6','DeviceProcessor','2012-05-15 04:43:57','inventory','4','glpi   i5-2500.');
INSERT INTO `glpi_events` VALUES ('223','6','computers','2012-05-15 04:47:52','inventory','4','glpi  ');
INSERT INTO `glpi_events` VALUES ('224','6','DeviceHardDrive','2012-05-15 04:49:57','inventory','4','glpi   SVP100ES2128G.');
INSERT INTO `glpi_events` VALUES ('225','0','networkport','2012-05-15 04:51:26','inventory','5','glpi   ');
INSERT INTO `glpi_events` VALUES ('226','6','computers','2012-05-15 04:52:07','inventory','5','glpi  ');
INSERT INTO `glpi_events` VALUES ('227','12','monitors','2012-05-15 04:52:25','inventory','4','glpi  ');
INSERT INTO `glpi_events` VALUES ('228','6','computers','2012-05-15 04:52:44','inventory','5','glpi  ');
INSERT INTO `glpi_events` VALUES ('229','7','computers','2012-05-15 04:55:10','inventory','4','glpi   PC0007.');
INSERT INTO `glpi_events` VALUES ('230','7','computers','2012-05-15 04:56:05','inventory','4','glpi  ');
INSERT INTO `glpi_events` VALUES ('231','7','computers','2012-05-15 04:57:14','inventory','4','glpi  ');
INSERT INTO `glpi_events` VALUES ('232','0','networkport','2012-05-15 04:58:28','inventory','5','glpi   ');
INSERT INTO `glpi_events` VALUES ('233','7','computers','2012-05-15 04:59:30','inventory','5','glpi  ');
INSERT INTO `glpi_events` VALUES ('234','7','computers','2012-05-15 04:59:57','inventory','5','glpi  ');
INSERT INTO `glpi_events` VALUES ('235','8','computers','2012-05-15 05:01:50','inventory','4','glpi   PC0008.');
INSERT INTO `glpi_events` VALUES ('236','7','DeviceProcessor','2012-05-15 05:02:40','inventory','4','glpi   Core 2 Duo E8400.');
INSERT INTO `glpi_events` VALUES ('237','6','DeviceMotherboard','2012-05-15 05:03:27','inventory','4','glpi   S775_P5Q SE.');
INSERT INTO `glpi_events` VALUES ('238','4','DeviceMemory','2012-05-15 05:06:08','inventory','4','glpi   1GB_DDR2_SAMSUNG.');
INSERT INTO `glpi_events` VALUES ('239','8','computers','2012-05-15 05:06:22','inventory','4','glpi  ');
INSERT INTO `glpi_events` VALUES ('240','5','DeviceGraphicCard','2012-05-15 05:07:08','inventory','4','glpi   HD4350.');
INSERT INTO `glpi_events` VALUES ('241','8','computers','2012-05-15 05:07:45','inventory','4','glpi  ');
INSERT INTO `glpi_events` VALUES ('242','7','DeviceHardDrive','2012-05-15 05:09:06','inventory','4','glpi   HD322HJ.');
INSERT INTO `glpi_events` VALUES ('243','0','networkport','2012-05-15 05:09:59','inventory','5','glpi   ');
INSERT INTO `glpi_events` VALUES ('244','8','computers','2012-05-15 05:10:20','inventory','5','glpi  ');
INSERT INTO `glpi_events` VALUES ('245','8','computers','2012-05-15 05:10:27','inventory','5','glpi  ');
INSERT INTO `glpi_events` VALUES ('246','12','MonitorModel','2012-05-15 05:26:02','setup','4','glpi added 940N.');
INSERT INTO `glpi_events` VALUES ('247','18','monitors','2012-05-15 05:26:45','inventory','4','glpi   MAN0018.');
INSERT INTO `glpi_events` VALUES ('248','19','monitors','2012-05-15 05:27:46','inventory','4','glpi   MAN0019.');
INSERT INTO `glpi_events` VALUES ('249','19','monitors','2012-05-15 05:28:43','inventory','4','glpi  ');
INSERT INTO `glpi_events` VALUES ('250','18','monitors','2012-05-15 05:28:53','inventory','4','glpi  ');
INSERT INTO `glpi_events` VALUES ('251','13','MonitorModel','2012-05-15 05:29:50','setup','4','glpi added 971P.');
INSERT INTO `glpi_events` VALUES ('252','20','monitors','2012-05-15 05:30:53','inventory','4','glpi   MON0020.');
INSERT INTO `glpi_events` VALUES ('253','21','monitors','2012-05-15 05:32:49','inventory','4','glpi   MON0021.');
INSERT INTO `glpi_events` VALUES ('254','22','monitors','2012-05-15 05:33:57','inventory','4','glpi   MON0022.');
INSERT INTO `glpi_events` VALUES ('255','23','monitors','2012-05-15 05:35:05','inventory','4','glpi   MON0023.');
INSERT INTO `glpi_events` VALUES ('256','24','monitors','2012-05-15 05:36:19','inventory','4','glpi   MON0024.');
INSERT INTO `glpi_events` VALUES ('257','17','monitors','2012-05-15 05:37:06','inventory','4','glpi  ');
INSERT INTO `glpi_events` VALUES ('258','5','DeviceMemory','2012-05-15 05:41:29','inventory','4','glpi   4GB_DDR3_SAMSUNG.');
INSERT INTO `glpi_events` VALUES ('259','9','computers','2012-05-15 05:42:58','inventory','4','glpi   PC0009.');
INSERT INTO `glpi_events` VALUES ('260','9','computers','2012-05-15 05:47:47','inventory','5','glpi  ');
INSERT INTO `glpi_events` VALUES ('261','9','computers','2012-05-15 05:48:17','inventory','5','glpi  ');
INSERT INTO `glpi_events` VALUES ('262','0','networkport','2012-05-15 05:48:42','inventory','5','glpi   ');
INSERT INTO `glpi_events` VALUES ('263','7','DeviceMotherboard','2012-05-15 05:54:29','inventory','4','glpi   S1155_GA-H61M-D2H-USB3.');
INSERT INTO `glpi_events` VALUES ('264','10','computers','2012-05-15 05:55:31','inventory','4','glpi   PC0010.');
INSERT INTO `glpi_events` VALUES ('265','8','DeviceProcessor','2012-05-15 05:58:09','inventory','4','glpi   i5-2320.');
INSERT INTO `glpi_events` VALUES ('266','10','computers','2012-05-15 06:04:31','inventory','4','glpi  ');
INSERT INTO `glpi_events` VALUES ('267','8','DeviceHardDrive','2012-05-15 06:05:54','inventory','4','glpi   SNVP325S2128GB.');
INSERT INTO `glpi_events` VALUES ('268','10','computers','2012-05-15 06:07:43','inventory','5','glpi  ');
INSERT INTO `glpi_events` VALUES ('269','20','monitors','2012-05-15 06:08:01','inventory','4','glpi  ');
INSERT INTO `glpi_events` VALUES ('270','10','computers','2012-05-15 06:08:23','inventory','5','glpi  ');
INSERT INTO `glpi_events` VALUES ('271','0','networkport','2012-05-15 06:09:23','inventory','5','glpi   ');
INSERT INTO `glpi_events` VALUES ('272','11','computers','2012-05-15 06:11:24','inventory','4','glpi   PC0011.');
INSERT INTO `glpi_events` VALUES ('273','8','DeviceMotherboard','2012-05-15 06:13:15','inventory','4','glpi   S775_P5G41T-M LE.');
INSERT INTO `glpi_events` VALUES ('274','11','computers','2012-05-15 06:14:01','inventory','4','glpi  ');
INSERT INTO `glpi_events` VALUES ('275','14','Manufacturer','2012-05-15 06:15:47','setup','4','glpi added SEAGATE.');
INSERT INTO `glpi_events` VALUES ('276','9','DeviceHardDrive','2012-05-15 06:16:07','inventory','4','glpi   ST3320418AS.');
INSERT INTO `glpi_events` VALUES ('277','0','networkport','2012-05-15 06:17:18','inventory','5','glpi   ');
INSERT INTO `glpi_events` VALUES ('278','11','computers','2012-05-15 06:18:36','inventory','5','glpi  ');
INSERT INTO `glpi_events` VALUES ('279','12','computers','2012-05-15 06:23:40','inventory','4','glpi   PC0012.');
INSERT INTO `glpi_events` VALUES ('280','9','DeviceMotherboard','2012-05-15 06:24:42','inventory','4','glpi   S775_P5G41T-M LX2/GB.');
INSERT INTO `glpi_events` VALUES ('281','9','DeviceProcessor','2012-05-15 06:25:27','inventory','4','glpi   Core 2 Duo E7500.');
INSERT INTO `glpi_events` VALUES ('282','15','Manufacturer','2012-05-15 06:28:05','setup','4','glpi added Western Digital.');
INSERT INTO `glpi_events` VALUES ('283','10','DeviceHardDrive','2012-05-15 06:28:27','inventory','4','glpi   WD5000AADS-00S9B0.');
INSERT INTO `glpi_events` VALUES ('284','0','networkport','2012-05-15 06:28:56','inventory','5','glpi   ');
INSERT INTO `glpi_events` VALUES ('285','12','computers','2012-05-15 06:29:25','inventory','5','glpi  ');
INSERT INTO `glpi_events` VALUES ('286','12','computers','2012-05-15 06:29:30','inventory','5','glpi  ');
INSERT INTO `glpi_events` VALUES ('287','1','monitors','2012-05-15 06:57:23','inventory','4','glpi  ');
INSERT INTO `glpi_events` VALUES ('288','1','computers','2012-05-15 06:57:31','inventory','4','glpi  ');
INSERT INTO `glpi_events` VALUES ('289','2','monitors','2012-05-15 06:57:50','inventory','4','glpi  ');
INSERT INTO `glpi_events` VALUES ('290','25','monitors','2012-05-15 07:01:21','inventory','4','glpi   MON0025.');
INSERT INTO `glpi_events` VALUES ('291','26','monitors','2012-05-15 07:03:17','inventory','4','glpi   MON0026.');
INSERT INTO `glpi_events` VALUES ('292','27','monitors','2012-05-15 07:04:52','inventory','4','glpi   MON0027.');
INSERT INTO `glpi_events` VALUES ('293','27','monitors','2012-05-15 07:07:42','inventory','4','glpi  ');
INSERT INTO `glpi_events` VALUES ('294','28','monitors','2012-05-15 07:08:57','inventory','4','glpi   MON0028.');
INSERT INTO `glpi_events` VALUES ('295','29','monitors','2012-05-15 07:10:36','inventory','4','glpi   MON0029.');
INSERT INTO `glpi_events` VALUES ('296','30','monitors','2012-05-15 07:12:24','inventory','4','glpi   MON0030.');
INSERT INTO `glpi_events` VALUES ('297','31','monitors','2012-05-15 07:13:23','inventory','4','glpi   MON0031.');
INSERT INTO `glpi_events` VALUES ('298','32','monitors','2012-05-15 07:14:37','inventory','4','glpi   MON0032.');
INSERT INTO `glpi_events` VALUES ('299','13','computers','2012-05-15 07:49:57','inventory','4','glpi   PC0013.');
INSERT INTO `glpi_events` VALUES ('300','10','DeviceProcessor','2012-05-15 07:51:34','inventory','4','glpi   Core 2 Duo E4300.');
INSERT INTO `glpi_events` VALUES ('301','10','DeviceMotherboard','2012-05-15 07:53:15','inventory','4','glpi   S775_P5GZ-MX.');
INSERT INTO `glpi_events` VALUES ('302','13','computers','2012-05-15 07:54:02','inventory','4','glpi  ');
INSERT INTO `glpi_events` VALUES ('303','11','DeviceHardDrive','2012-05-15 07:55:49','inventory','4','glpi   HD080HJ.');
INSERT INTO `glpi_events` VALUES ('304','-1','system','2012-05-15 07:56:00','login','3','max.krivoshlyk IP connection: 82.117.232.116');
INSERT INTO `glpi_events` VALUES ('305','-1','system','2012-05-15 07:56:01','login','1','connection failed:  (82.117.232.116)');
INSERT INTO `glpi_events` VALUES ('306','13','computers','2012-05-15 07:56:29','inventory','5','glpi  ');
INSERT INTO `glpi_events` VALUES ('307','0','users','2012-05-15 07:56:55','setup','5','max.krivoshlyk  update the item  max.krivoshlyk.');
INSERT INTO `glpi_events` VALUES ('308','0','networkport','2012-05-15 07:57:35','inventory','5','glpi   ');
INSERT INTO `glpi_events` VALUES ('309','-1','system','2012-05-15 07:59:13','login','3','denis.maksymenko IP connection: 82.117.232.116');
INSERT INTO `glpi_events` VALUES ('310','-1','system','2012-05-15 07:59:39','login','3','denis.maksymenko IP connection: 82.117.232.116');
INSERT INTO `glpi_events` VALUES ('311','-1','system','2012-05-15 08:01:39','login','3','denis.maksymenko IP connection: 82.117.232.116');
INSERT INTO `glpi_events` VALUES ('312','14','computers','2012-05-15 08:07:31','inventory','4','glpi   PC0014.');
INSERT INTO `glpi_events` VALUES ('313','14','computers','2012-05-15 08:08:07','inventory','4','glpi  ');
INSERT INTO `glpi_events` VALUES ('314','12','DeviceHardDrive','2012-05-15 08:09:56','inventory','4','glpi   WD1600AAJS-00B4A0.');
INSERT INTO `glpi_events` VALUES ('315','14','computers','2012-05-15 08:10:36','inventory','5','glpi  ');
INSERT INTO `glpi_events` VALUES ('316','0','networkport','2012-05-15 08:10:55','inventory','5','glpi   ');
INSERT INTO `glpi_events` VALUES ('317','15','computers','2012-05-15 08:25:10','inventory','4','glpi   PC0015.');
INSERT INTO `glpi_events` VALUES ('318','15','computers','2012-05-15 08:26:08','inventory','4','glpi  ');
INSERT INTO `glpi_events` VALUES ('319','15','computers','2012-05-15 08:32:54','inventory','5','glpi  ');
INSERT INTO `glpi_events` VALUES ('320','15','computers','2012-05-15 08:33:06','inventory','5','glpi  ');
INSERT INTO `glpi_events` VALUES ('321','0','networkport','2012-05-15 08:33:26','inventory','5','glpi   ');
INSERT INTO `glpi_events` VALUES ('322','16','computers','2012-05-15 08:36:19','inventory','4','glpi   PC0016.');
INSERT INTO `glpi_events` VALUES ('323','16','computers','2012-05-15 08:45:20','inventory','4','glpi  ');
INSERT INTO `glpi_events` VALUES ('324','16','computers','2012-05-15 08:46:36','inventory','5','glpi  ');
INSERT INTO `glpi_events` VALUES ('325','16','computers','2012-05-15 08:46:45','inventory','5','glpi  ');
INSERT INTO `glpi_events` VALUES ('326','0','networkport','2012-05-15 08:47:06','inventory','5','glpi   ');
INSERT INTO `glpi_events` VALUES ('327','17','computers','2012-05-15 08:50:06','inventory','4','glpi   PC0017.');
INSERT INTO `glpi_events` VALUES ('328','17','computers','2012-05-15 08:52:18','inventory','4','glpi  ');
INSERT INTO `glpi_events` VALUES ('329','17','computers','2012-05-15 08:53:25','inventory','5','glpi  ');
INSERT INTO `glpi_events` VALUES ('330','17','computers','2012-05-15 08:53:39','inventory','5','glpi  ');
INSERT INTO `glpi_events` VALUES ('331','0','networkport','2012-05-15 08:53:57','inventory','5','glpi   ');
INSERT INTO `glpi_events` VALUES ('332','4','computers','2012-05-15 08:55:52','inventory','4','glpi  ');
INSERT INTO `glpi_events` VALUES ('333','4','networkport','2012-05-15 08:56:34','inventory','4','glpi  ');
INSERT INTO `glpi_events` VALUES ('334','33','monitors','2012-05-15 09:32:47','inventory','4','glpi   MON0033.');
INSERT INTO `glpi_events` VALUES ('335','34','monitors','2012-05-15 09:34:54','inventory','4','glpi   MON0034.');
INSERT INTO `glpi_events` VALUES ('336','35','monitors','2012-05-15 09:36:40','inventory','4','glpi   MON0035.');
INSERT INTO `glpi_events` VALUES ('337','35','monitors','2012-05-15 09:37:10','inventory','4','glpi  ');
INSERT INTO `glpi_events` VALUES ('338','36','monitors','2012-05-15 09:38:22','inventory','4','glpi   MON0035.');
INSERT INTO `glpi_events` VALUES ('339','37','monitors','2012-05-15 09:41:45','inventory','4','glpi   MON0036.');
INSERT INTO `glpi_events` VALUES ('340','16','Manufacturer','2012-05-15 09:42:32','setup','4','glpi added OPTIQUEST.');
INSERT INTO `glpi_events` VALUES ('341','14','MonitorModel','2012-05-15 09:43:11','setup','4','glpi added Q9.');
INSERT INTO `glpi_events` VALUES ('342','38','monitors','2012-05-15 09:43:35','inventory','4','glpi   MON0037.');
INSERT INTO `glpi_events` VALUES ('343','39','monitors','2012-05-15 09:45:02','inventory','4','glpi   MON0038.');
INSERT INTO `glpi_events` VALUES ('344','40','monitors','2012-05-15 09:46:17','inventory','4','glpi   MON0039.');
INSERT INTO `glpi_events` VALUES ('345','15','MonitorModel','2012-05-15 09:47:36','setup','4','glpi added 246ELH.');
INSERT INTO `glpi_events` VALUES ('346','41','monitors','2012-05-15 09:48:51','inventory','4','glpi   MON0040.');
INSERT INTO `glpi_events` VALUES ('347','-1','system','2012-05-16 02:54:44','login','3','glpi IP connection: 82.117.232.116');
INSERT INTO `glpi_events` VALUES ('348','18','computers','2012-05-16 02:57:19','inventory','4','glpi   PC0018.');
INSERT INTO `glpi_events` VALUES ('349','11','DeviceMotherboard','2012-05-16 02:58:33','inventory','4','glpi   S1155_GA-Z68M-D2H.');
INSERT INTO `glpi_events` VALUES ('350','18','computers','2012-05-16 02:58:57','inventory','4','glpi  ');
INSERT INTO `glpi_events` VALUES ('351','6','DeviceGraphicCard','2012-05-16 02:59:50','inventory','4','glpi   HD4300.');
INSERT INTO `glpi_events` VALUES ('352','18','computers','2012-05-16 03:00:37','inventory','5','glpi  ');
INSERT INTO `glpi_events` VALUES ('353','18','computers','2012-05-16 03:00:48','inventory','5','glpi  ');
INSERT INTO `glpi_events` VALUES ('354','0','networkport','2012-05-16 03:01:08','inventory','5','glpi   ');
INSERT INTO `glpi_events` VALUES ('355','19','computers','2012-05-16 03:02:40','inventory','4','glpi   PC0019.');
INSERT INTO `glpi_events` VALUES ('356','12','DeviceMotherboard','2012-05-16 03:03:33','inventory','4','glpi   S775_Topsfield DP43TF.');
INSERT INTO `glpi_events` VALUES ('357','17','Manufacturer','2012-05-16 03:04:23','setup','4','glpi added TRANSCEND.');
INSERT INTO `glpi_events` VALUES ('358','6','DeviceMemory','2012-05-16 03:04:40','inventory','4','glpi   2GB_DDR2_TRANSCEND.');
INSERT INTO `glpi_events` VALUES ('359','19','computers','2012-05-16 03:05:01','inventory','4','glpi  ');
INSERT INTO `glpi_events` VALUES ('360','7','DeviceGraphicCard','2012-05-16 03:06:05','inventory','4','glpi   9400GT.');
INSERT INTO `glpi_events` VALUES ('361','13','DeviceHardDrive','2012-05-16 03:07:02','inventory','4','glpi   HD252HJ.');
INSERT INTO `glpi_events` VALUES ('362','0','networkport','2012-05-16 03:07:38','inventory','5','glpi   ');
INSERT INTO `glpi_events` VALUES ('363','19','computers','2012-05-16 03:08:17','inventory','5','glpi  ');
INSERT INTO `glpi_events` VALUES ('364','20','computers','2012-05-16 03:09:24','inventory','4','glpi   PC0020.');
INSERT INTO `glpi_events` VALUES ('365','7','DeviceMemory','2012-05-16 03:10:59','inventory','4','glpi   2GB_DDR2_HYNIX.');
INSERT INTO `glpi_events` VALUES ('366','20','computers','2012-05-16 03:11:14','inventory','4','glpi  ');
INSERT INTO `glpi_events` VALUES ('367','0','networkport','2012-05-16 03:12:03','inventory','5','glpi   ');
INSERT INTO `glpi_events` VALUES ('368','20','computers','2012-05-16 03:12:25','inventory','5','glpi  ');
INSERT INTO `glpi_events` VALUES ('369','21','computers','2012-05-16 03:14:00','inventory','4','glpi   PC0021.');
INSERT INTO `glpi_events` VALUES ('370','11','DeviceProcessor','2012-05-16 03:15:08','inventory','4','glpi   Core 2 Quad Q9300.');
INSERT INTO `glpi_events` VALUES ('371','18','Manufacturer','2012-05-16 03:15:40','setup','4','glpi added ASROCK.');
INSERT INTO `glpi_events` VALUES ('372','13','DeviceMotherboard','2012-05-16 03:15:52','inventory','4','glpi   S775_G41C-VS.');
INSERT INTO `glpi_events` VALUES ('373','21','computers','2012-05-16 03:17:03','inventory','4','glpi  ');
INSERT INTO `glpi_events` VALUES ('374','21','computers','2012-05-16 03:17:13','inventory','4','glpi  ');
INSERT INTO `glpi_events` VALUES ('375','0','networkport','2012-05-16 03:18:26','inventory','5','glpi   ');
INSERT INTO `glpi_events` VALUES ('376','22','computers','2012-05-16 03:19:55','inventory','4','glpi   PC0022.');
INSERT INTO `glpi_events` VALUES ('377','22','computers','2012-05-16 03:21:09','inventory','4','glpi  ');
INSERT INTO `glpi_events` VALUES ('378','0','networkport','2012-05-16 03:22:21','inventory','5','glpi   ');
INSERT INTO `glpi_events` VALUES ('379','22','computers','2012-05-16 03:23:01','inventory','5','glpi  ');
INSERT INTO `glpi_events` VALUES ('380','22','computers','2012-05-16 03:23:10','inventory','5','glpi  ');
INSERT INTO `glpi_events` VALUES ('381','21','computers','2012-05-16 03:23:45','inventory','5','glpi  ');
INSERT INTO `glpi_events` VALUES ('382','21','computers','2012-05-16 03:23:51','inventory','5','glpi  ');
INSERT INTO `glpi_events` VALUES ('383','23','computers','2012-05-16 03:24:51','inventory','4','glpi   PC0023.');
INSERT INTO `glpi_events` VALUES ('384','23','computers','2012-05-16 03:25:04','inventory','5','glpi  ');
INSERT INTO `glpi_events` VALUES ('385','3','OperatingSystem','2012-05-16 03:27:04','setup','4','glpi added MAC OS X.');
INSERT INTO `glpi_events` VALUES ('386','24','computers','2012-05-16 03:27:29','inventory','4','glpi   MACMINI0001.');
INSERT INTO `glpi_events` VALUES ('387','25','computers','2012-05-16 03:28:47','inventory','4','glpi   MACMINI0002.');
INSERT INTO `glpi_events` VALUES ('388','16','MonitorModel','2012-05-16 03:30:16','setup','4','glpi added 2494.');
INSERT INTO `glpi_events` VALUES ('389','42','monitors','2012-05-16 03:30:28','inventory','4','glpi   MON0041.');
INSERT INTO `glpi_events` VALUES ('390','25','computers','2012-05-16 03:30:40','inventory','5','glpi  ');
INSERT INTO `glpi_events` VALUES ('391','26','computers','2012-05-16 03:32:56','inventory','4','glpi   PC0024.');
INSERT INTO `glpi_events` VALUES ('392','43','monitors','2012-05-16 03:34:52','inventory','4','glpi   MON0042.');
INSERT INTO `glpi_events` VALUES ('393','19','Manufacturer','2012-05-16 03:35:42','setup','4','glpi added Foxconn.');
INSERT INTO `glpi_events` VALUES ('394','14','DeviceMotherboard','2012-05-16 03:36:15','inventory','4','glpi   S754_6100K8MB-RS(H).');
INSERT INTO `glpi_events` VALUES ('395','12','DeviceProcessor','2012-05-16 03:36:58','inventory','4','glpi   Sempron.');
INSERT INTO `glpi_events` VALUES ('396','8','DeviceMemory','2012-05-16 03:38:23','inventory','4','glpi   1GB_DDR1_NONAME.');
INSERT INTO `glpi_events` VALUES ('397','26','computers','2012-05-16 03:38:36','inventory','4','glpi  ');
INSERT INTO `glpi_events` VALUES ('398','0','networkport','2012-05-16 03:39:41','inventory','5','glpi   ');
INSERT INTO `glpi_events` VALUES ('399','26','computers','2012-05-16 03:40:03','inventory','5','glpi  ');
INSERT INTO `glpi_events` VALUES ('400','44','monitors','2012-05-16 03:42:16','inventory','4','glpi   MON0043.');
INSERT INTO `glpi_events` VALUES ('401','27','computers','2012-05-16 03:43:28','inventory','4','glpi   PC0025.');
INSERT INTO `glpi_events` VALUES ('402','27','computers','2012-05-16 03:45:19','inventory','5','glpi  ');
INSERT INTO `glpi_events` VALUES ('403','45','monitors','2012-05-16 03:46:35','inventory','4','glpi   MON0044.');
INSERT INTO `glpi_events` VALUES ('404','28','computers','2012-05-16 03:47:17','inventory','4','glpi   PC0026.');
INSERT INTO `glpi_events` VALUES ('405','15','DeviceMotherboard','2012-05-16 03:50:09','inventory','4','glpi   S754_K8NF6G-VSTA.');
INSERT INTO `glpi_events` VALUES ('406','3','OperatingSystemVersion','2012-05-16 03:53:46','setup','4','glpi added Ubuntu 10.04.');
INSERT INTO `glpi_events` VALUES ('407','28','computers','2012-05-16 03:53:53','inventory','4','glpi  ');
INSERT INTO `glpi_events` VALUES ('408','28','computers','2012-05-16 03:55:11','inventory','5','glpi  ');
INSERT INTO `glpi_events` VALUES ('409','4','OperatingSystemVersion','2012-05-16 03:57:11','setup','4','glpi added 11.04.');
INSERT INTO `glpi_events` VALUES ('410','27','computers','2012-05-16 03:57:17','inventory','4','glpi  ');
INSERT INTO `glpi_events` VALUES ('411','8','DeviceMemory','2012-05-16 03:59:24','setup','4','glpi  ');
INSERT INTO `glpi_events` VALUES ('412','46','monitors','2012-05-16 04:13:08','inventory','4','glpi   MON0045.');
INSERT INTO `glpi_events` VALUES ('413','29','computers','2012-05-16 04:14:30','inventory','4','glpi   MACMINI0003.');
INSERT INTO `glpi_events` VALUES ('414','29','computers','2012-05-16 04:15:02','inventory','4','glpi  ');
INSERT INTO `glpi_events` VALUES ('415','29','computers','2012-05-16 04:15:32','inventory','5','glpi  ');
INSERT INTO `glpi_events` VALUES ('416','1','ComputerModel','2012-05-16 04:16:59','setup','4','glpi added 12.1.');
INSERT INTO `glpi_events` VALUES ('417','30','computers','2012-05-16 04:17:27','inventory','4','glpi   IMAC0001.');
INSERT INTO `glpi_events` VALUES ('418','47','monitors','2012-05-16 04:19:07','inventory','4','glpi   MON0046.');
INSERT INTO `glpi_events` VALUES ('419','48','monitors','2012-05-16 04:20:01','inventory','4','glpi   MON0047.');
INSERT INTO `glpi_events` VALUES ('420','31','computers','2012-05-16 04:21:06','inventory','4','glpi   PC0027.');
INSERT INTO `glpi_events` VALUES ('421','31','computers','2012-05-16 04:21:18','inventory','5','glpi  ');
INSERT INTO `glpi_events` VALUES ('422','31','computers','2012-05-16 04:21:22','inventory','5','glpi  ');
INSERT INTO `glpi_events` VALUES ('423','13','DeviceProcessor','2012-05-16 04:23:14','inventory','4','glpi   Core 2 Duo E7600.');
INSERT INTO `glpi_events` VALUES ('424','49','monitors','2012-05-16 04:28:31','inventory','4','glpi   MON0048.');
INSERT INTO `glpi_events` VALUES ('425','50','monitors','2012-05-16 04:29:19','inventory','4','glpi   MON0049.');
INSERT INTO `glpi_events` VALUES ('426','5','OperatingSystemVersion','2012-05-16 04:30:57','setup','4','glpi added XP_HOME.');
INSERT INTO `glpi_events` VALUES ('427','32','computers','2012-05-16 04:31:05','inventory','4','glpi   PC0028.');
INSERT INTO `glpi_events` VALUES ('428','16','DeviceMotherboard','2012-05-16 04:32:24','inventory','4','glpi   S775_P5QL.');
INSERT INTO `glpi_events` VALUES ('429','14','DeviceProcessor','2012-05-16 04:33:24','inventory','4','glpi   Dual-Core E5300.');
INSERT INTO `glpi_events` VALUES ('430','32','computers','2012-05-16 04:36:59','inventory','5','glpi  ');
INSERT INTO `glpi_events` VALUES ('431','32','computers','2012-05-16 04:37:03','inventory','5','glpi  ');
INSERT INTO `glpi_events` VALUES ('432','6','computers','2012-05-16 05:22:54','inventory','5','glpi  ');
INSERT INTO `glpi_events` VALUES ('433','6','computers','2012-05-16 05:22:57','inventory','5','glpi  ');
INSERT INTO `glpi_events` VALUES ('434','7','computers','2012-05-16 05:23:26','inventory','5','glpi  ');
INSERT INTO `glpi_events` VALUES ('435','18','computers','2012-05-16 05:23:42','inventory','5','glpi  ');
INSERT INTO `glpi_events` VALUES ('436','18','computers','2012-05-16 05:24:57','inventory','5','glpi  ');
INSERT INTO `glpi_events` VALUES ('437','7','computers','2012-05-16 05:25:36','inventory','5','glpi  ');
INSERT INTO `glpi_events` VALUES ('438','17','monitors','2012-05-16 05:26:09','inventory','4','glpi  ');
INSERT INTO `glpi_events` VALUES ('439','34','monitors','2012-05-16 05:26:51','inventory','4','glpi  ');
INSERT INTO `glpi_events` VALUES ('440','6','computers','2012-05-16 05:27:28','inventory','4','glpi  ');
INSERT INTO `glpi_events` VALUES ('441','21','computers','2012-05-16 05:28:03','inventory','5','glpi  ');
INSERT INTO `glpi_events` VALUES ('442','21','computers','2012-05-16 05:28:05','inventory','5','glpi  ');
INSERT INTO `glpi_events` VALUES ('443','6','computers','2012-05-16 05:28:16','inventory','5','glpi  ');
INSERT INTO `glpi_events` VALUES ('444','6','computers','2012-05-16 05:28:21','inventory','5','glpi  ');
INSERT INTO `glpi_events` VALUES ('445','21','computers','2012-05-16 05:28:55','inventory','4','glpi  ');
INSERT INTO `glpi_events` VALUES ('446','1','computers','2012-05-16 05:29:16','inventory','5','glpi  ');
INSERT INTO `glpi_events` VALUES ('447','1','computers','2012-05-16 05:29:18','inventory','5','glpi  ');
INSERT INTO `glpi_events` VALUES ('448','21','computers','2012-05-16 05:29:30','inventory','5','glpi  ');
INSERT INTO `glpi_events` VALUES ('449','21','computers','2012-05-16 05:29:35','inventory','5','glpi  ');
INSERT INTO `glpi_events` VALUES ('450','1','computers','2012-05-16 05:30:16','inventory','4','glpi  ');
INSERT INTO `glpi_events` VALUES ('451','0','users','2012-05-16 05:34:50','setup','5','glpi     oleg.plitnik.');
INSERT INTO `glpi_events` VALUES ('452','0','users','2012-05-16 05:36:01','setup','5','glpi     alexander.skripnik.');
INSERT INTO `glpi_events` VALUES ('453','6','computers','2012-05-16 05:36:16','inventory','4','glpi  ');
INSERT INTO `glpi_events` VALUES ('454','21','computers','2012-05-16 05:37:00','inventory','4','glpi  ');
INSERT INTO `glpi_events` VALUES ('455','71','users','2012-05-16 05:41:58','setup','4','glpi   Rezerv.');
INSERT INTO `glpi_events` VALUES ('456','1','computers','2012-05-16 05:42:24','inventory','4','glpi  ');
INSERT INTO `glpi_events` VALUES ('457','41','monitors','2012-05-16 05:42:49','inventory','4','glpi  ');
INSERT INTO `glpi_events` VALUES ('458','23','computers','2012-05-16 05:47:09','inventory','4','glpi  ');
INSERT INTO `glpi_events` VALUES ('459','2','computers','2012-05-16 05:48:05','inventory','4','glpi  ');
INSERT INTO `glpi_events` VALUES ('460','47','monitors','2012-05-16 05:50:05','inventory','4','glpi  ');
INSERT INTO `glpi_events` VALUES ('461','-1','system','2012-05-16 06:19:45','login','3','glpi IP connection: 82.117.232.116');
INSERT INTO `glpi_events` VALUES ('462','2','computers','2012-05-16 09:51:26','inventory','4','glpi  ');
INSERT INTO `glpi_events` VALUES ('463','1','networkport','2012-05-16 09:53:31','inventory','4','glpi  ');
INSERT INTO `glpi_events` VALUES ('464','4','computers','2012-05-16 09:54:42','inventory','4','glpi  ');
INSERT INTO `glpi_events` VALUES ('465','3','computers','2012-05-16 09:55:40','inventory','4','glpi  ');
INSERT INTO `glpi_events` VALUES ('466','3','networkport','2012-05-16 09:56:13','inventory','4','glpi  ');
INSERT INTO `glpi_events` VALUES ('467','8','DeviceMemory','2012-05-16 09:56:51','setup','4','glpi  ');
INSERT INTO `glpi_events` VALUES ('468','26','computers','2012-05-16 09:57:08','inventory','4','glpi  ');
INSERT INTO `glpi_events` VALUES ('469','27','computers','2012-05-16 09:57:50','inventory','4','glpi  ');
INSERT INTO `glpi_events` VALUES ('470','0','networkport','2012-05-16 09:58:33','inventory','5','glpi   ');
INSERT INTO `glpi_events` VALUES ('471','0','networkport','2012-05-16 09:59:14','inventory','5','glpi   ');
INSERT INTO `glpi_events` VALUES ('472','-1','system','2012-05-16 11:12:03','login','3','denis.maksymenko IP connection: 94.179.201.173');
INSERT INTO `glpi_events` VALUES ('473','0','users','2012-05-16 11:13:16','setup','5','denis.maksymenko  update the item  denis.maksymenko.');
INSERT INTO `glpi_events` VALUES ('474','-1','system','2012-05-17 03:54:10','login','3','glpi IP connection: 82.117.232.116');
INSERT INTO `glpi_events` VALUES ('475','-1','system','2012-05-17 04:19:21','login','3','glpi IP connection: 82.117.232.116');
INSERT INTO `glpi_events` VALUES ('476','1','NetworkEquipmentModel','2012-05-17 04:21:03','setup','4','glpi added DES3200.');
INSERT INTO `glpi_events` VALUES ('477','20','Manufacturer','2012-05-17 04:21:14','setup','4','glpi added D-Link.');
INSERT INTO `glpi_events` VALUES ('478','1','networkequipment','2012-05-17 04:21:43','inventory','4','glpi   :  SW0001.');
INSERT INTO `glpi_events` VALUES ('479','2','NetworkEquipmentModel','2012-05-17 04:23:03','setup','4','glpi added GREEN.');
INSERT INTO `glpi_events` VALUES ('480','2','networkequipment','2012-05-17 04:23:17','inventory','4','glpi   :  SW0002.');
INSERT INTO `glpi_events` VALUES ('481','3','NetworkEquipmentModel','2012-05-17 04:23:54','setup','4','glpi added WI-FI DWL-2100AP.');
INSERT INTO `glpi_events` VALUES ('482','3','networkequipment','2012-05-17 04:24:16','inventory','4','glpi   :  SW0004.');
INSERT INTO `glpi_events` VALUES ('483','1','NetworkEquipmentType','2012-05-17 04:31:34','setup','4','glpi added SWITCH.');
INSERT INTO `glpi_events` VALUES ('484','2','NetworkEquipmentType','2012-05-17 04:31:44','setup','4','glpi added ROUTER.');
INSERT INTO `glpi_events` VALUES ('485','-1','system','2012-05-17 11:11:19','login','3','glpi IP connection: 82.117.232.116');
INSERT INTO `glpi_events` VALUES ('486','4','computers','2012-05-17 11:11:52','inventory','5','glpi  ');
INSERT INTO `glpi_events` VALUES ('487','4','computers','2012-05-17 11:11:58','inventory','5','glpi  ');
INSERT INTO `glpi_events` VALUES ('488','4','computers','2012-05-17 11:13:45','inventory','5','glpi  ');
INSERT INTO `glpi_events` VALUES ('489','4','computers','2012-05-17 11:13:57','inventory','5','glpi  ');
INSERT INTO `glpi_events` VALUES ('490','2','computers','2012-05-17 11:14:49','inventory','4','glpi  ');
INSERT INTO `glpi_events` VALUES ('491','-1','system','2012-05-18 02:36:03','login','3','glpi IP connection: 82.117.232.116');
INSERT INTO `glpi_events` VALUES ('492','-1','system','2012-05-18 02:37:10','login','3','dmitry.vilkhivskiy IP connection: 82.117.232.116');
INSERT INTO `glpi_events` VALUES ('493','-1','system','2012-05-18 02:37:24','login','3','glpi IP connection: 82.117.232.116');
INSERT INTO `glpi_events` VALUES ('494','0','entity','2012-05-18 02:38:16','setup','4','glpi    ');
INSERT INTO `glpi_events` VALUES ('495','9','users','2012-05-18 02:38:22','setup','4','glpi    ');
INSERT INTO `glpi_events` VALUES ('496','-1','system','2012-05-18 02:38:31','login','3','dmitry.vilkhivskiy IP connection: 82.117.232.116');
INSERT INTO `glpi_events` VALUES ('497','-1','system','2012-05-18 02:38:51','login','3','glpi IP connection: 82.117.232.116');
INSERT INTO `glpi_events` VALUES ('498','0','entity','2012-05-18 02:39:42','setup','4','glpi    ');
INSERT INTO `glpi_events` VALUES ('499','9','users','2012-05-18 02:39:47','setup','4','glpi    ');
INSERT INTO `glpi_events` VALUES ('500','0','entity','2012-05-18 02:39:54','setup','4','glpi    ');
INSERT INTO `glpi_events` VALUES ('501','9','users','2012-05-18 02:40:00','setup','4','glpi    ');
INSERT INTO `glpi_events` VALUES ('502','-1','system','2012-05-18 02:40:10','login','3','dmitry.vilkhivskiy IP connection: 82.117.232.116');
INSERT INTO `glpi_events` VALUES ('503','0','users','2012-05-18 02:40:23','setup','5','dmitry.vilkhivskiy  update the item  dmitry.vilkhivskiy.');
INSERT INTO `glpi_events` VALUES ('504','0','users','2012-05-18 02:40:56','setup','5','dmitry.vilkhivskiy     glpi.');
INSERT INTO `glpi_events` VALUES ('505','-1','system','2012-05-18 02:41:04','login','3','glpi IP connection: 82.117.232.116');
INSERT INTO `glpi_events` VALUES ('506','-1','system','2012-05-18 02:41:11','login','3','dmitry.vilkhivskiy IP connection: 82.117.232.116');
INSERT INTO `glpi_events` VALUES ('507','34','monitors','2012-05-18 02:44:18','inventory','4','dmitry.vilkhivskiy  ');
INSERT INTO `glpi_events` VALUES ('508','17','monitors','2012-05-18 02:47:10','inventory','4','dmitry.vilkhivskiy  ');
INSERT INTO `glpi_events` VALUES ('509','-1','system','2012-05-18 02:47:51','login','3','dmitriy.yenin IP connection: 82.117.232.116');
INSERT INTO `glpi_events` VALUES ('510','34','monitors','2012-05-18 02:48:30','inventory','4','dmitry.vilkhivskiy  ');
INSERT INTO `glpi_events` VALUES ('511','21','computers','2012-05-18 02:49:04','inventory','5','dmitry.vilkhivskiy  ');
INSERT INTO `glpi_events` VALUES ('512','21','computers','2012-05-18 02:49:38','inventory','5','dmitry.vilkhivskiy  ');
INSERT INTO `glpi_events` VALUES ('513','-1','system','2012-05-18 04:58:57','login','3','dmitry.vilkhivskiy IP connection: 82.117.232.116');
INSERT INTO `glpi_events` VALUES ('514','30','computers','2012-05-18 05:01:00','inventory','5','dmitry.vilkhivskiy  ');
INSERT INTO `glpi_events` VALUES ('515','30','computers','2012-05-18 05:01:06','inventory','5','dmitry.vilkhivskiy  ');
INSERT INTO `glpi_events` VALUES ('516','-1','system','2012-05-18 05:03:53','login','3','dmitry.vilkhivskiy IP connection: 82.117.232.116');
INSERT INTO `glpi_events` VALUES ('517','4','computers','2012-05-18 05:04:42','inventory','5','dmitry.vilkhivskiy  ');
INSERT INTO `glpi_events` VALUES ('518','4','computers','2012-05-18 05:05:09','inventory','5','dmitry.vilkhivskiy  ');
INSERT INTO `glpi_events` VALUES ('519','-1','system','2012-05-18 05:14:39','login','3','dmitry.vilkhivskiy IP connection: 82.117.232.116');
INSERT INTO `glpi_events` VALUES ('520','-1','system','2012-05-18 06:32:45','login','3','dmitriy.yenin IP : 82.117.232.116');
INSERT INTO `glpi_events` VALUES ('521','-1','system','2012-05-24 07:18:41','login','3','dmitry.vilkhivskiy IP connection: 82.117.232.116');
INSERT INTO `glpi_events` VALUES ('522','-1','system','2012-05-25 04:08:01','login','3','dmitry.vilkhivskiy IP connection: 82.117.232.116');
INSERT INTO `glpi_events` VALUES ('523','-1','system','2012-05-29 07:47:27','login','3','dmitriy.yenin IP connection: 82.117.232.116');
INSERT INTO `glpi_events` VALUES ('524','-1','system','2012-05-29 07:52:41','login','3','dmitry.vilkhivskiy IP connection: 82.117.232.116');
INSERT INTO `glpi_events` VALUES ('525','0','entity','2012-05-29 07:53:55','setup','4','dmitry.vilkhivskiy    ');
INSERT INTO `glpi_events` VALUES ('526','8','users','2012-05-29 07:54:01','setup','4','dmitry.vilkhivskiy    ');
INSERT INTO `glpi_events` VALUES ('527','-1','system','2012-05-29 07:54:15','login','3','dmitriy.yenin IP connection: 82.117.232.116');
INSERT INTO `glpi_events` VALUES ('528','-1','system','2012-05-29 07:59:01','login','3','dmitry.vilkhivskiy IP connection: 82.117.232.116');
INSERT INTO `glpi_events` VALUES ('529','-1','system','2012-05-29 09:45:51','login','3','dmitry.vilkhivskiy IP connection: 82.117.232.116');
INSERT INTO `glpi_events` VALUES ('530','0','users','2012-05-29 09:46:32','setup','5','dmitry.vilkhivskiy     dmitry.vilkhivskiy.');
INSERT INTO `glpi_events` VALUES ('531','0','users','2012-05-29 09:47:11','setup','5','dmitry.vilkhivskiy  update the item  dmitry.vilkhivskiy.');
INSERT INTO `glpi_events` VALUES ('532','62','users','2012-05-29 10:18:54','setup','4','dmitry.vilkhivskiy    ');
INSERT INTO `glpi_events` VALUES ('533','-1','system','2012-05-29 23:52:50','login','3','dmitriy.yenin IP connection: 82.117.232.116');
INSERT INTO `glpi_events` VALUES ('534','-1','system','2012-05-30 02:05:28','login','3','dmitry.vilkhivskiy IP connection: 82.117.232.116');
INSERT INTO `glpi_events` VALUES ('535','3','groups','2012-05-30 02:06:56','setup','4','dmitry.vilkhivskiy    ');
INSERT INTO `glpi_events` VALUES ('536','72','users','2012-05-30 02:22:36','setup','4','dmitry.vilkhivskiy   test.');
INSERT INTO `glpi_events` VALUES ('537','0','entity','2012-05-30 02:22:59','setup','4','dmitry.vilkhivskiy    ');
INSERT INTO `glpi_events` VALUES ('538','72','users','2012-05-30 02:23:09','setup','4','dmitry.vilkhivskiy    ');
INSERT INTO `glpi_events` VALUES ('539','-1','system','2012-05-30 02:23:17','login','3','test IP connection: 82.117.232.116');
INSERT INTO `glpi_events` VALUES ('540','-1','system','2012-05-30 02:23:46','login','3','dmitry.vilkhivskiy IP connection: 82.117.232.116');
INSERT INTO `glpi_events` VALUES ('541','1','PluginGenericobjectRamtype','2012-05-30 02:27:15','setup','4','dmitry.vilkhivskiy added DDR3.');
INSERT INTO `glpi_events` VALUES ('542','-1','system','2012-05-30 04:29:06','login','3','denis.maksymenko IP connection: 82.117.232.116');
INSERT INTO `glpi_events` VALUES ('543','-1','system','2012-05-30 05:16:26','login','3','dmitriy.yenin IP connection: 82.117.232.116');
INSERT INTO `glpi_events` VALUES ('544','-1','system','2012-05-30 06:58:17','login','3','dmitry.vilkhivskiy IP : 82.117.232.116');
INSERT INTO `glpi_events` VALUES ('545','0','users','2012-05-30 06:58:49','setup','5','dmitry.vilkhivskiy     dmitry.vilkhivskiy.');
INSERT INTO `glpi_events` VALUES ('546','0','users','2012-05-30 06:59:21','setup','5','dmitry.vilkhivskiy  update the item  dmitry.vilkhivskiy.');
INSERT INTO `glpi_events` VALUES ('547','1','PluginGenericobjectMotherboardmodel','2012-05-30 07:12:31','setup','4','dmitry.vilkhivskiy added P5G-MX.');
INSERT INTO `glpi_events` VALUES ('548','1','State','2012-05-30 07:13:02','setup','4','dmitry.vilkhivskiy added 775.');
INSERT INTO `glpi_events` VALUES ('549','1','PluginGenericobjectMotherboardtype','2012-05-30 07:14:27','setup','4','dmitry.vilkhivskiy added integrated.');
INSERT INTO `glpi_events` VALUES ('550','1','PluginGenericobjectMotherboardcategory','2012-05-30 07:15:28','setup','4','dmitry.vilkhivskiy added 2 Slots.');
INSERT INTO `glpi_events` VALUES ('551','2','PluginGenericobjectMotherboardmodel','2012-05-30 07:19:31','setup','4','dmitry.vilkhivskiy added GA-H61M-D2-B3.');
INSERT INTO `glpi_events` VALUES ('552','2','State','2012-05-30 07:19:42','setup','4','dmitry.vilkhivskiy added 1155.');
INSERT INTO `glpi_events` VALUES ('553','-1','system','2012-05-30 07:20:21','login','3','dmitriy.yenin IP connection: 82.117.232.116');
INSERT INTO `glpi_events` VALUES ('554','0','users','2012-05-30 07:20:50','setup','5','dmitriy.yenin  update the item  dmitriy.yenin.');
INSERT INTO `glpi_events` VALUES ('555','1','PluginGenericobjectMotherboardtype','2012-05-30 07:25:31','setup','4','dmitry.vilkhivskiy  ');
INSERT INTO `glpi_events` VALUES ('556','1','State','2012-05-30 07:25:51','setup','4','dmitry.vilkhivskiy  ');
INSERT INTO `glpi_events` VALUES ('557','2','State','2012-05-30 07:26:39','setup','4','dmitry.vilkhivskiy  ');
INSERT INTO `glpi_events` VALUES ('558','2','PluginGenericobjectMotherboardtype','2012-05-30 07:27:05','setup','4','dmitry.vilkhivskiy added 775.');
INSERT INTO `glpi_events` VALUES ('559','3','PluginGenericobjectMotherboardtype','2012-05-30 07:27:10','setup','4','dmitry.vilkhivskiy added 1155.');
INSERT INTO `glpi_events` VALUES ('560','3','State','2012-05-30 07:27:41','setup','4','dmitry.vilkhivskiy added video integrated.');
INSERT INTO `glpi_events` VALUES ('561','1','PluginGenericobjectMemoriemodel','2012-05-30 07:45:46','setup','4','dmitry.vilkhivskiy added DDR3.');
INSERT INTO `glpi_events` VALUES ('562','2','PluginGenericobjectMemoriemodel','2012-05-30 07:46:45','setup','4','dmitry.vilkhivskiy added 4GB.');
INSERT INTO `glpi_events` VALUES ('563','1','PluginGenericobjectMemorietype','2012-05-30 07:46:54','setup','4','dmitry.vilkhivskiy added DDR3.');
INSERT INTO `glpi_events` VALUES ('564','1','PluginGenericobjectProcessortype','2012-05-30 07:56:35','setup','4','dmitry.vilkhivskiy added i5-2300.');
INSERT INTO `glpi_events` VALUES ('565','1','PluginGenericobjectProcessormodel','2012-05-30 07:57:23','setup','4','dmitry.vilkhivskiy added i5-2300.');
INSERT INTO `glpi_events` VALUES ('566','2','PluginGenericobjectProcessortype','2012-05-30 07:57:45','setup','4','dmitry.vilkhivskiy added 1155.');
INSERT INTO `glpi_events` VALUES ('567','1','PluginGenericobjectHddmodel','2012-05-30 08:15:12','setup','4','dmitry.vilkhivskiy added HDT721016SLA380.');
INSERT INTO `glpi_events` VALUES ('568','1','PluginGenericobjectHddtype','2012-05-30 08:15:42','setup','4','dmitry.vilkhivskiy added SATA2.');
INSERT INTO `glpi_events` VALUES ('569','4','State','2012-05-30 08:22:35','setup','4','dmitry.vilkhivskiy added 160GB.');
INSERT INTO `glpi_events` VALUES ('570','1','PluginGenericobjectPowermodel','2012-05-30 08:35:11','setup','4','dmitry.vilkhivskiy added faffs312412.');
INSERT INTO `glpi_events` VALUES ('571','1','PluginGenericobjectPowertype','2012-05-30 08:35:46','setup','4','dmitry.vilkhivskiy added 500W.');
INSERT INTO `glpi_events` VALUES ('572','1','PluginGenericobjectOperationsystemmodel','2012-05-30 08:48:36','setup','4','dmitry.vilkhivskiy added 7 Home Premium.');
INSERT INTO `glpi_events` VALUES ('573','3','PluginGenericobjectMotherboardmodel','2012-05-30 08:54:27','setup','4','dmitry.vilkhivskiy added GA-P55A-UD3.');
INSERT INTO `glpi_events` VALUES ('574','2','PluginGenericobjectMotherboardcategory','2012-05-30 08:55:13','setup','4','dmitry.vilkhivskiy added 4 slots.');
INSERT INTO `glpi_events` VALUES ('575','4','PluginGenericobjectMotherboardtype','2012-05-30 08:55:24','setup','4','dmitry.vilkhivskiy added 1156.');
INSERT INTO `glpi_events` VALUES ('576','4','PluginGenericobjectMotherboardmodel','2012-05-30 08:56:35','setup','4','dmitry.vilkhivskiy added P5G41TD-M Pro.');
INSERT INTO `glpi_events` VALUES ('577','5','PluginGenericobjectMotherboardmodel','2012-05-30 08:58:12','setup','4','dmitry.vilkhivskiy added GA-H61MA-D3V.');
INSERT INTO `glpi_events` VALUES ('578','6','PluginGenericobjectMotherboardmodel','2012-05-30 09:03:35','setup','4','dmitry.vilkhivskiy added P5Q SE/R .');
INSERT INTO `glpi_events` VALUES ('579','7','PluginGenericobjectMotherboardmodel','2012-05-30 09:06:46','setup','4','dmitry.vilkhivskiy added GA-H61M-D2H-USB3.');
INSERT INTO `glpi_events` VALUES ('580','8','PluginGenericobjectMotherboardmodel','2012-05-30 09:08:10','setup','4','dmitry.vilkhivskiy added P5G41T-M LE.');
INSERT INTO `glpi_events` VALUES ('581','9','PluginGenericobjectMotherboardmodel','2012-05-30 09:09:44','setup','4','dmitry.vilkhivskiy added P5G41T-M LX2/GB.');
INSERT INTO `glpi_events` VALUES ('582','10','PluginGenericobjectMotherboardmodel','2012-05-30 09:11:19','setup','4','dmitry.vilkhivskiy added P5GZ-MX.');
INSERT INTO `glpi_events` VALUES ('583','11','PluginGenericobjectMotherboardmodel','2012-05-30 09:19:17','setup','4','dmitry.vilkhivskiy added GA-Z68M-D2H.');
INSERT INTO `glpi_events` VALUES ('584','12','PluginGenericobjectMotherboardmodel','2012-05-30 09:21:39','setup','4','dmitry.vilkhivskiy added DP43TF.');
INSERT INTO `glpi_events` VALUES ('585','13','PluginGenericobjectMotherboardmodel','2012-05-30 09:23:50','setup','4','dmitry.vilkhivskiy added G41C-VS.');
INSERT INTO `glpi_events` VALUES ('586','14','PluginGenericobjectMotherboardmodel','2012-05-30 09:27:10','setup','4','dmitry.vilkhivskiy added 6100K8MB-RS(H).');
INSERT INTO `glpi_events` VALUES ('587','5','PluginGenericobjectMotherboardtype','2012-05-30 09:27:49','setup','4','dmitry.vilkhivskiy added 754.');
INSERT INTO `glpi_events` VALUES ('588','15','PluginGenericobjectMotherboardmodel','2012-05-30 09:28:24','setup','4','dmitry.vilkhivskiy added K8NF6G-VSTA.');
INSERT INTO `glpi_events` VALUES ('589','16','PluginGenericobjectMotherboardmodel','2012-05-30 09:30:58','setup','4','dmitry.vilkhivskiy added P5Q SE.');
INSERT INTO `glpi_events` VALUES ('590','17','PluginGenericobjectMotherboardmodel','2012-05-30 09:31:57','setup','4','dmitry.vilkhivskiy added P5QL.');
INSERT INTO `glpi_events` VALUES ('591','3','PluginGenericobjectMemoriemodel','2012-05-30 09:38:52','setup','4','dmitry.vilkhivskiy added 2GB.');
INSERT INTO `glpi_events` VALUES ('592','2','PluginGenericobjectMemorietype','2012-05-30 09:39:09','setup','4','dmitry.vilkhivskiy added DDR2.');
INSERT INTO `glpi_events` VALUES ('593','4','PluginGenericobjectMemoriemodel','2012-05-30 09:49:57','setup','4','dmitry.vilkhivskiy added 1GB.');
INSERT INTO `glpi_events` VALUES ('594','3','PluginGenericobjectProcessortype','2012-05-30 10:11:36','setup','4','dmitry.vilkhivskiy added 775.');
INSERT INTO `glpi_events` VALUES ('595','2','PluginGenericobjectProcessormodel','2012-05-30 10:11:51','setup','4','dmitry.vilkhivskiy added Pentium E2200.');
INSERT INTO `glpi_events` VALUES ('596','4','PluginGenericobjectProcessortype','2012-05-30 10:13:00','setup','4','dmitry.vilkhivskiy added 1156.');
INSERT INTO `glpi_events` VALUES ('597','3','PluginGenericobjectProcessormodel','2012-05-30 10:13:29','setup','4','dmitry.vilkhivskiy added i5-760.');
INSERT INTO `glpi_events` VALUES ('598','4','PluginGenericobjectProcessormodel','2012-05-31 02:23:46','setup','4','dmitry.vilkhivskiy added Core 2 Quad Q8300.');
INSERT INTO `glpi_events` VALUES ('599','5','PluginGenericobjectProcessormodel','2012-05-31 02:25:19','setup','4','dmitry.vilkhivskiy added i5-2310.');
INSERT INTO `glpi_events` VALUES ('600','-1','system','2012-05-31 02:25:39','login','3','dmitriy.yenin IP connection: 82.117.232.116');
INSERT INTO `glpi_events` VALUES ('601','6','PluginGenericobjectProcessormodel','2012-05-31 02:26:46','setup','4','dmitry.vilkhivskiy added i5-2500.');
INSERT INTO `glpi_events` VALUES ('602','7','PluginGenericobjectProcessormodel','2012-05-31 02:28:27','setup','4','dmitry.vilkhivskiy added Core 2 Duo E8400.');
INSERT INTO `glpi_events` VALUES ('603','8','PluginGenericobjectProcessormodel','2012-05-31 02:29:53','setup','4','dmitry.vilkhivskiy added i5-2320.');
INSERT INTO `glpi_events` VALUES ('604','9','PluginGenericobjectProcessormodel','2012-05-31 02:32:12','setup','4','dmitry.vilkhivskiy added Core 2 Duo E7500.');
INSERT INTO `glpi_events` VALUES ('605','10','PluginGenericobjectProcessormodel','2012-05-31 02:33:36','setup','4','dmitry.vilkhivskiy added Core 2 Duo E4300.');
INSERT INTO `glpi_events` VALUES ('606','11','PluginGenericobjectProcessormodel','2012-05-31 02:42:29','setup','4','dmitry.vilkhivskiy added Core 2 Quad Q9300	.');
INSERT INTO `glpi_events` VALUES ('607','1','infocom','2012-05-31 02:44:26','financial','4','dmitry.vilkhivskiy  ');
INSERT INTO `glpi_events` VALUES ('608','1','infocom','2012-05-31 02:45:28','financial','4','dmitry.vilkhivskiy  ');
INSERT INTO `glpi_events` VALUES ('609','12','PluginGenericobjectProcessormodel','2012-05-31 02:47:06','setup','4','dmitry.vilkhivskiy added Core 2 Duo E7600.');
INSERT INTO `glpi_events` VALUES ('610','13','PluginGenericobjectProcessormodel','2012-05-31 02:48:04','setup','4','dmitry.vilkhivskiy added Dual-Core E5300.');
INSERT INTO `glpi_events` VALUES ('611','14','PluginGenericobjectProcessormodel','2012-05-31 02:54:19','setup','4','dmitry.vilkhivskiy added Pentium E5300.');
INSERT INTO `glpi_events` VALUES ('612','15','PluginGenericobjectProcessormodel','2012-05-31 02:55:47','setup','4','dmitry.vilkhivskiy added Sempron 3000+.');
INSERT INTO `glpi_events` VALUES ('613','5','PluginGenericobjectProcessortype','2012-05-31 02:56:46','setup','4','dmitry.vilkhivskiy added 754.');
INSERT INTO `glpi_events` VALUES ('614','2','PluginGenericobjectHddmodel','2012-05-31 03:08:57','setup','4','dmitry.vilkhivskiy added HD161HJ.');
INSERT INTO `glpi_events` VALUES ('615','1','PluginGenericobjectSddtype','2012-05-31 03:13:04','setup','4','dmitry.vilkhivskiy added SATA3.');
INSERT INTO `glpi_events` VALUES ('616','1','PluginGenericobjectSddmodel','2012-05-31 03:13:42','setup','4','dmitry.vilkhivskiy added SH100S3120G.');
INSERT INTO `glpi_events` VALUES ('617','5','State','2012-05-31 03:14:55','setup','4','dmitry.vilkhivskiy added 120.');
INSERT INTO `glpi_events` VALUES ('618','6','State','2012-05-31 03:15:07','setup','4','dmitry.vilkhivskiy added 120GB.');
INSERT INTO `glpi_events` VALUES ('619','1','PluginGenericobjectSsdmodel','2012-05-31 03:20:16','setup','4','dmitry.vilkhivskiy added SH100S3120G.');
INSERT INTO `glpi_events` VALUES ('620','1','PluginGenericobjectSsdtype','2012-05-31 03:20:27','setup','4','dmitry.vilkhivskiy added SATA3.');
INSERT INTO `glpi_events` VALUES ('621','3','PluginGenericobjectHddmodel','2012-05-31 03:24:38','setup','4','dmitry.vilkhivskiy added HD502HJ.');
INSERT INTO `glpi_events` VALUES ('622','7','State','2012-05-31 03:25:08','setup','4','dmitry.vilkhivskiy added 500Gb.');
INSERT INTO `glpi_events` VALUES ('623','2','PluginGenericobjectSsdmodel','2012-05-31 03:26:43','setup','4','dmitry.vilkhivskiy added SVP200S3120G.');
INSERT INTO `glpi_events` VALUES ('624','8','State','2012-05-31 03:28:35','setup','4','dmitry.vilkhivskiy added 128GB.');
INSERT INTO `glpi_events` VALUES ('625','3','PluginGenericobjectSsdmodel','2012-05-31 03:28:55','setup','4','dmitry.vilkhivskiy added SVP100ES2128G.');
INSERT INTO `glpi_events` VALUES ('626','9','State','2012-05-31 03:32:28','setup','4','dmitry.vilkhivskiy added 320GB.');
INSERT INTO `glpi_events` VALUES ('627','4','PluginGenericobjectHddmodel','2012-05-31 03:32:38','setup','4','dmitry.vilkhivskiy added HD322HJ.');
INSERT INTO `glpi_events` VALUES ('628','4','PluginGenericobjectSsdmodel','2012-05-31 03:33:15','setup','4','dmitry.vilkhivskiy added SH100S3120G.');
INSERT INTO `glpi_events` VALUES ('629','5','PluginGenericobjectSsdmodel','2012-05-31 03:35:15','setup','4','dmitry.vilkhivskiy added SNVP325S2128GB.');
INSERT INTO `glpi_events` VALUES ('630','5','PluginGenericobjectHddmodel','2012-05-31 03:37:15','setup','4','dmitry.vilkhivskiy added ST3320418AS.');
INSERT INTO `glpi_events` VALUES ('631','6','PluginGenericobjectHddmodel','2012-05-31 03:38:39','setup','4','dmitry.vilkhivskiy added WD5000AADS-00S9B0.');
INSERT INTO `glpi_events` VALUES ('632','10','State','2012-05-31 03:40:30','setup','4','dmitry.vilkhivskiy added 80GB.');
INSERT INTO `glpi_events` VALUES ('633','7','PluginGenericobjectHddmodel','2012-05-31 03:40:40','setup','4','dmitry.vilkhivskiy added HD080HJ.');
INSERT INTO `glpi_events` VALUES ('634','8','PluginGenericobjectHddmodel','2012-05-31 03:41:41','setup','4','dmitry.vilkhivskiy added WD1600AAJS-00B4A0.');
INSERT INTO `glpi_events` VALUES ('635','9','PluginGenericobjectHddmodel','2012-05-31 03:47:07','setup','4','dmitry.vilkhivskiy added HD252HJ.');
INSERT INTO `glpi_events` VALUES ('636','11','State','2012-05-31 03:47:36','setup','4','dmitry.vilkhivskiy added 250GB.');
INSERT INTO `glpi_events` VALUES ('637','1','monitors','2012-05-31 04:02:39','inventory','4','dmitry.vilkhivskiy  ');
INSERT INTO `glpi_events` VALUES ('638','2','monitors','2012-05-31 04:02:58','inventory','4','dmitry.vilkhivskiy  ');
INSERT INTO `glpi_events` VALUES ('639','3','monitors','2012-05-31 04:03:15','inventory','4','dmitry.vilkhivskiy  ');
INSERT INTO `glpi_events` VALUES ('640','4','monitors','2012-05-31 04:03:30','inventory','4','dmitry.vilkhivskiy  ');
INSERT INTO `glpi_events` VALUES ('641','5','monitors','2012-05-31 04:03:44','inventory','4','dmitry.vilkhivskiy  ');
INSERT INTO `glpi_events` VALUES ('642','6','monitors','2012-05-31 04:03:56','inventory','4','dmitry.vilkhivskiy  ');
INSERT INTO `glpi_events` VALUES ('643','7','monitors','2012-05-31 04:04:09','inventory','4','dmitry.vilkhivskiy  ');
INSERT INTO `glpi_events` VALUES ('644','8','monitors','2012-05-31 04:04:21','inventory','4','dmitry.vilkhivskiy  ');
INSERT INTO `glpi_events` VALUES ('645','9','monitors','2012-05-31 04:04:34','inventory','4','dmitry.vilkhivskiy  ');
INSERT INTO `glpi_events` VALUES ('646','10','monitors','2012-05-31 04:04:48','inventory','4','dmitry.vilkhivskiy  ');
INSERT INTO `glpi_events` VALUES ('647','11','monitors','2012-05-31 04:05:01','inventory','4','dmitry.vilkhivskiy  ');
INSERT INTO `glpi_events` VALUES ('648','12','monitors','2012-05-31 04:05:14','inventory','4','dmitry.vilkhivskiy  ');
INSERT INTO `glpi_events` VALUES ('649','13','monitors','2012-05-31 04:05:51','inventory','4','dmitry.vilkhivskiy  ');
INSERT INTO `glpi_events` VALUES ('650','14','monitors','2012-05-31 04:06:04','inventory','4','dmitry.vilkhivskiy  ');
INSERT INTO `glpi_events` VALUES ('651','15','monitors','2012-05-31 04:06:19','inventory','4','dmitry.vilkhivskiy  ');
INSERT INTO `glpi_events` VALUES ('652','16','monitors','2012-05-31 04:06:29','inventory','4','dmitry.vilkhivskiy  ');
INSERT INTO `glpi_events` VALUES ('653','17','monitors','2012-05-31 04:06:43','inventory','4','dmitry.vilkhivskiy  ');
INSERT INTO `glpi_events` VALUES ('654','18','monitors','2012-05-31 04:06:59','inventory','4','dmitry.vilkhivskiy  ');
INSERT INTO `glpi_events` VALUES ('655','19','monitors','2012-05-31 04:07:10','inventory','4','dmitry.vilkhivskiy  ');
INSERT INTO `glpi_events` VALUES ('656','20','monitors','2012-05-31 04:07:36','inventory','4','dmitry.vilkhivskiy  ');
INSERT INTO `glpi_events` VALUES ('657','21','monitors','2012-05-31 04:07:50','inventory','4','dmitry.vilkhivskiy  ');
INSERT INTO `glpi_events` VALUES ('658','22','monitors','2012-05-31 04:08:06','inventory','4','dmitry.vilkhivskiy  ');
INSERT INTO `glpi_events` VALUES ('659','23','monitors','2012-05-31 04:08:22','inventory','4','dmitry.vilkhivskiy  ');
INSERT INTO `glpi_events` VALUES ('660','24','monitors','2012-05-31 04:08:32','inventory','4','dmitry.vilkhivskiy  ');
INSERT INTO `glpi_events` VALUES ('661','25','monitors','2012-05-31 04:08:44','inventory','4','dmitry.vilkhivskiy  ');
INSERT INTO `glpi_events` VALUES ('662','26','monitors','2012-05-31 04:08:59','inventory','4','dmitry.vilkhivskiy  ');
INSERT INTO `glpi_events` VALUES ('663','27','monitors','2012-05-31 04:09:20','inventory','4','dmitry.vilkhivskiy  ');
INSERT INTO `glpi_events` VALUES ('664','28','monitors','2012-05-31 04:09:30','inventory','4','dmitry.vilkhivskiy  ');
INSERT INTO `glpi_events` VALUES ('665','29','monitors','2012-05-31 04:09:40','inventory','4','dmitry.vilkhivskiy  ');
INSERT INTO `glpi_events` VALUES ('666','30','monitors','2012-05-31 04:09:55','inventory','4','dmitry.vilkhivskiy  ');
INSERT INTO `glpi_events` VALUES ('667','31','monitors','2012-05-31 04:10:11','inventory','4','dmitry.vilkhivskiy  ');
INSERT INTO `glpi_events` VALUES ('668','32','monitors','2012-05-31 04:10:21','inventory','4','dmitry.vilkhivskiy  ');
INSERT INTO `glpi_events` VALUES ('669','33','monitors','2012-05-31 04:10:33','inventory','4','dmitry.vilkhivskiy  ');
INSERT INTO `glpi_events` VALUES ('670','34','monitors','2012-05-31 04:10:45','inventory','4','dmitry.vilkhivskiy  ');
INSERT INTO `glpi_events` VALUES ('671','36','monitors','2012-05-31 04:10:54','inventory','4','dmitry.vilkhivskiy  ');
INSERT INTO `glpi_events` VALUES ('672','35','monitors','2012-05-31 04:11:07','inventory','4','dmitry.vilkhivskiy  ');
INSERT INTO `glpi_events` VALUES ('673','37','monitors','2012-05-31 04:11:20','inventory','4','dmitry.vilkhivskiy  ');
INSERT INTO `glpi_events` VALUES ('674','38','monitors','2012-05-31 04:11:41','inventory','4','dmitry.vilkhivskiy  ');
INSERT INTO `glpi_events` VALUES ('675','39','monitors','2012-05-31 04:11:56','inventory','4','dmitry.vilkhivskiy  ');
INSERT INTO `glpi_events` VALUES ('676','40','monitors','2012-05-31 04:12:09','inventory','4','dmitry.vilkhivskiy  ');
INSERT INTO `glpi_events` VALUES ('677','41','monitors','2012-05-31 04:12:34','inventory','4','dmitry.vilkhivskiy  ');
INSERT INTO `glpi_events` VALUES ('678','42','monitors','2012-05-31 04:12:50','inventory','4','dmitry.vilkhivskiy  ');
INSERT INTO `glpi_events` VALUES ('679','43','monitors','2012-05-31 04:13:06','inventory','4','dmitry.vilkhivskiy  ');
INSERT INTO `glpi_events` VALUES ('680','44','monitors','2012-05-31 04:13:46','inventory','4','dmitry.vilkhivskiy  ');
INSERT INTO `glpi_events` VALUES ('681','45','monitors','2012-05-31 04:14:00','inventory','4','dmitry.vilkhivskiy  ');
INSERT INTO `glpi_events` VALUES ('682','46','monitors','2012-05-31 04:14:23','inventory','4','dmitry.vilkhivskiy  ');
INSERT INTO `glpi_events` VALUES ('683','47','monitors','2012-05-31 04:14:34','inventory','4','dmitry.vilkhivskiy  ');
INSERT INTO `glpi_events` VALUES ('684','48','monitors','2012-05-31 04:14:45','inventory','4','dmitry.vilkhivskiy  ');
INSERT INTO `glpi_events` VALUES ('685','49','monitors','2012-05-31 04:14:56','inventory','4','dmitry.vilkhivskiy  ');
INSERT INTO `glpi_events` VALUES ('686','50','monitors','2012-05-31 04:15:03','inventory','4','dmitry.vilkhivskiy  ');
INSERT INTO `glpi_events` VALUES ('687','-1','system','2012-05-31 04:17:13','login','3','dmitry.vilkhivskiy IP : 82.117.232.116');
INSERT INTO `glpi_events` VALUES ('688','2','PluginGenericobjectOperationsystemmodel','2012-05-31 04:19:23','setup','4','dmitry.vilkhivskiy added XP Pro.');
INSERT INTO `glpi_events` VALUES ('689','3','PluginGenericobjectOperationsystemmodel','2012-05-31 04:27:47','setup','4','dmitry.vilkhivskiy added XP Home.');
INSERT INTO `glpi_events` VALUES ('690','1','PluginGenericobjectVideocardmodel','2012-05-31 04:34:45','setup','4','dmitry.vilkhivskiy added GF210.');
INSERT INTO `glpi_events` VALUES ('691','2','PluginGenericobjectVideocardmodel','2012-05-31 04:36:46','setup','4','dmitry.vilkhivskiy added 8400GS.');
INSERT INTO `glpi_events` VALUES ('692','3','PluginGenericobjectVideocardmodel','2012-05-31 04:38:39','setup','4','dmitry.vilkhivskiy added HD4350.');
INSERT INTO `glpi_events` VALUES ('693','4','PluginGenericobjectVideocardmodel','2012-05-31 04:41:12','setup','4','dmitry.vilkhivskiy added HD4300.');
INSERT INTO `glpi_events` VALUES ('694','5','PluginGenericobjectVideocardmodel','2012-05-31 04:42:50','setup','4','dmitry.vilkhivskiy added EAH4350.');
INSERT INTO `glpi_events` VALUES ('695','1','PluginGenericobjectVideocardmodel','2012-05-31 04:48:23','setup','4','dmitry.vilkhivskiy added 8400GS.');
INSERT INTO `glpi_events` VALUES ('696','2','PluginGenericobjectVideocardmodel','2012-05-31 04:49:37','setup','4','dmitry.vilkhivskiy added GF210.');
INSERT INTO `glpi_events` VALUES ('697','3','PluginGenericobjectVideocardmodel','2012-05-31 04:50:17','setup','4','dmitry.vilkhivskiy added 9400GT.');
INSERT INTO `glpi_events` VALUES ('698','4','PluginGenericobjectVideocardmodel','2012-05-31 04:51:29','setup','4','dmitry.vilkhivskiy added HD4300.');
INSERT INTO `glpi_events` VALUES ('699','5','PluginGenericobjectVideocardmodel','2012-05-31 04:52:45','setup','4','dmitry.vilkhivskiy added HD4350.');
INSERT INTO `glpi_events` VALUES ('700','0','users','2012-05-31 05:30:26','setup','5','dmitry.vilkhivskiy     yuriy.zisin.');
INSERT INTO `glpi_events` VALUES ('701','0','users','2012-05-31 05:31:05','setup','5','dmitry.vilkhivskiy     artem.loboda.');
INSERT INTO `glpi_events` VALUES ('702','0','users','2012-05-31 05:31:33','setup','5','dmitry.vilkhivskiy     alexander.sidorov.');
INSERT INTO `glpi_events` VALUES ('703','0','users','2012-05-31 05:32:04','setup','5','dmitry.vilkhivskiy     dmitry.seredinov.');
INSERT INTO `glpi_events` VALUES ('704','0','users','2012-05-31 05:32:32','setup','5','dmitry.vilkhivskiy     vitaliy.orehov.');
INSERT INTO `glpi_events` VALUES ('705','0','users','2012-05-31 05:32:52','setup','5','dmitry.vilkhivskiy     nickolay.chizhikov.');
INSERT INTO `glpi_events` VALUES ('706','0','users','2012-05-31 05:34:24','setup','5','dmitry.vilkhivskiy     alexey.afanasyev.');
INSERT INTO `glpi_events` VALUES ('707','0','users','2012-05-31 05:34:45','setup','5','dmitry.vilkhivskiy     natalya.skoromnaya.');
INSERT INTO `glpi_events` VALUES ('708','0','users','2012-05-31 05:35:44','setup','5','dmitry.vilkhivskiy     artur.fisun.');
INSERT INTO `glpi_events` VALUES ('709','0','users','2012-05-31 05:37:08','setup','5','dmitry.vilkhivskiy     igor.skalov.');
INSERT INTO `glpi_events` VALUES ('710','0','users','2012-05-31 05:37:59','setup','5','dmitry.vilkhivskiy     pavel.sukhanov.');
INSERT INTO `glpi_events` VALUES ('711','0','users','2012-05-31 05:38:52','setup','5','dmitry.vilkhivskiy     sergey.boiko.');
INSERT INTO `glpi_events` VALUES ('712','0','users','2012-05-31 05:39:28','setup','5','dmitry.vilkhivskiy     denis.kovalev.');
INSERT INTO `glpi_events` VALUES ('713','0','users','2012-05-31 05:40:15','setup','5','dmitry.vilkhivskiy     dmitriy.ovsyannikov.');
INSERT INTO `glpi_events` VALUES ('714','0','users','2012-05-31 05:40:52','setup','5','dmitry.vilkhivskiy     vladimir.kozhushniy.');
INSERT INTO `glpi_events` VALUES ('715','0','users','2012-05-31 05:41:35','setup','5','dmitry.vilkhivskiy     tatiana.kunah.');
INSERT INTO `glpi_events` VALUES ('716','0','users','2012-05-31 05:41:59','setup','5','dmitry.vilkhivskiy     alexander.gres.');
INSERT INTO `glpi_events` VALUES ('717','0','users','2012-05-31 05:42:44','setup','5','dmitry.vilkhivskiy     valeriy.matsukatov.');
INSERT INTO `glpi_events` VALUES ('718','0','users','2012-05-31 05:43:52','setup','5','dmitry.vilkhivskiy     fedor.krutko.');
INSERT INTO `glpi_events` VALUES ('719','0','users','2012-05-31 05:44:25','setup','5','dmitry.vilkhivskiy     andrey.lushpigan.');
INSERT INTO `glpi_events` VALUES ('720','0','users','2012-05-31 05:44:42','setup','5','dmitry.vilkhivskiy     igor.demo.');
INSERT INTO `glpi_events` VALUES ('721','0','users','2012-05-31 05:45:36','setup','5','dmitry.vilkhivskiy     elena.zisina.');
INSERT INTO `glpi_events` VALUES ('722','0','users','2012-05-31 05:46:11','setup','5','dmitry.vilkhivskiy     pavel.kolesnikov.');
INSERT INTO `glpi_events` VALUES ('723','0','users','2012-05-31 05:47:03','setup','5','dmitry.vilkhivskiy     denis.maksymenko.');
INSERT INTO `glpi_events` VALUES ('724','0','users','2012-05-31 05:47:03','setup','5','dmitry.vilkhivskiy     denis.maksymenko.');
INSERT INTO `glpi_events` VALUES ('725','0','users','2012-05-31 05:47:44','setup','5','dmitry.vilkhivskiy     evgeniy.udalov.');
INSERT INTO `glpi_events` VALUES ('726','-1','system','2012-05-31 06:06:57','login','3','dmitriy.yenin IP connection: 82.117.232.116');
INSERT INTO `glpi_events` VALUES ('727','-1','system','2012-05-31 09:12:09','login','3','dmitry.vilkhivskiy IP connection: 82.117.232.116');
INSERT INTO `glpi_events` VALUES ('728','1','PluginGenericobjectPowermodel','2012-05-31 09:30:27','setup','4','dmitry.vilkhivskiy  ');
INSERT INTO `glpi_events` VALUES ('729','-1','system','2012-05-31 09:42:16','login','3','dmitry.vilkhivskiy IP connection: 82.117.232.116');
INSERT INTO `glpi_events` VALUES ('730','2','PluginGenericobjectPowermodel','2012-05-31 09:51:30','setup','4','dmitry.vilkhivskiy added HP-600-G12S.');
INSERT INTO `glpi_events` VALUES ('731','-1','system','2012-05-31 23:40:30','login','3','dmitriy.yenin IP connection: 82.117.232.116');
INSERT INTO `glpi_events` VALUES ('732','-1','system','2012-06-01 02:27:15','login','3','dmitry.vilkhivskiy IP connection: 82.117.232.116');
INSERT INTO `glpi_events` VALUES ('733','-1','system','2012-06-01 02:34:05','login','3','dmitry.vilkhivskiy IP connection: 82.117.232.116');
INSERT INTO `glpi_events` VALUES ('734','3','PluginGenericobjectPowermodel','2012-06-01 02:39:14','setup','4','dmitry.vilkhivskiy added RS-460-PCAP-J3.');
INSERT INTO `glpi_events` VALUES ('735','-1','system','2012-06-01 02:43:43','login','3','dmitry.vilkhivskiy IP connection: 82.207.43.250');
INSERT INTO `glpi_events` VALUES ('736','-1','system','2012-06-01 03:55:25','login','3','dmitriy.yenin IP connection: 82.117.232.116');
INSERT INTO `glpi_events` VALUES ('737','0','users','2012-06-01 04:20:46','setup','5','dmitry.vilkhivskiy     dmitry.vilkhivskiy.');
INSERT INTO `glpi_events` VALUES ('738','33','computers','2012-06-01 04:21:40','inventory','4','dmitry.vilkhivskiy add the item jhgv.');
INSERT INTO `glpi_events` VALUES ('739','1','PhoneModel','2012-06-01 04:24:39','setup','4','dmitriy.yenin added EAH4350 Silent.');
INSERT INTO `glpi_events` VALUES ('740','1','phones','2012-06-01 04:24:50','inventory','4','dmitriy.yenin add the item ASUS.');
INSERT INTO `glpi_events` VALUES ('741','34','computers','2012-06-01 04:27:56','inventory','4','dmitry.vilkhivskiy add the item jjjdd.');
INSERT INTO `glpi_events` VALUES ('742','0','users','2012-06-01 04:38:57','setup','5','dmitry.vilkhivskiy  update the item  dmitry.vilkhivskiy.');
INSERT INTO `glpi_events` VALUES ('743','0','users','2012-06-01 05:30:41','setup','5','dmitriy.yenin  update the item  dmitriy.yenin.');
INSERT INTO `glpi_events` VALUES ('744','0','users','2012-06-01 05:30:49','setup','5','dmitriy.yenin     dmitriy.yenin.');
INSERT INTO `glpi_events` VALUES ('745','0','users','2012-06-01 05:33:27','setup','5','dmitriy.yenin     dmitriy.yenin.');
INSERT INTO `glpi_events` VALUES ('746','0','users','2012-06-01 05:37:33','setup','5','dmitriy.yenin   /<span style=\'font-size:12px; color:red;\'>log/21</span>  dmitriy.yenin.');
INSERT INTO `glpi_events` VALUES ('747','0','users','2012-06-01 05:48:10','setup','5','dmitriy.yenin  update the item/<span style=\'font-size:12px; color:red;\'>log/21</span>  dmitriy.yenin.');
INSERT INTO `glpi_events` VALUES ('748','0','users','2012-06-01 05:49:10','setup','5','dmitriy.yenin  update the item  dmitriy.yenin.');
INSERT INTO `glpi_events` VALUES ('749','0','users','2012-06-01 05:58:53','setup','5','dmitriy.yenin     dmitriy.yenin.');
INSERT INTO `glpi_events` VALUES ('750','0','users','2012-06-01 06:04:33','setup','5','dmitriy.yenin  update the item  dmitriy.yenin.');
INSERT INTO `glpi_events` VALUES ('751','0','users','2012-06-01 06:06:44','setup','5','dmitriy.yenin     dmitriy.yenin.');
INSERT INTO `glpi_events` VALUES ('752','0','users','2012-06-01 06:12:16','setup','5','dmitriy.yenin  update the item  dmitriy.yenin.');
INSERT INTO `glpi_events` VALUES ('753','1','PluginGenericobjectHddtype','2012-06-01 06:28:31','setup','4','dmitry.vilkhivskiy  ');
INSERT INTO `glpi_events` VALUES ('754','2','PluginGenericobjectHddtype','2012-06-01 06:29:41','setup','4','dmitry.vilkhivskiy added SSD-SATA3.');
INSERT INTO `glpi_events` VALUES ('755','10','PluginGenericobjectHddmodel','2012-06-01 06:30:35','setup','4','dmitry.vilkhivskiy added SH100S3120G.');
INSERT INTO `glpi_events` VALUES ('756','11','PluginGenericobjectHddmodel','2012-06-01 06:31:24','setup','4','dmitry.vilkhivskiy added SVP200S3120G.');
INSERT INTO `glpi_events` VALUES ('757','12','PluginGenericobjectHddmodel','2012-06-01 06:32:31','setup','4','dmitry.vilkhivskiy added SVP100ES2128G.');
INSERT INTO `glpi_events` VALUES ('758','13','PluginGenericobjectHddmodel','2012-06-01 06:34:19','setup','4','dmitry.vilkhivskiy added SH100S3120G.');
INSERT INTO `glpi_events` VALUES ('759','14','PluginGenericobjectHddmodel','2012-06-01 06:35:42','setup','4','dmitry.vilkhivskiy added SNVP325S2128GB.');
INSERT INTO `glpi_events` VALUES ('760','15','PluginGenericobjectHddmodel','2012-06-01 06:37:13','setup','4','dmitry.vilkhivskiy added SVP100ES2128G.');
INSERT INTO `glpi_events` VALUES ('761','0','users','2012-06-01 07:05:27','setup','5','dmitry.vilkhivskiy     dmitry.vilkhivskiy.');
INSERT INTO `glpi_events` VALUES ('762','0','users','2012-06-04 07:33:30','setup','5','dmitriy.yenin     dmitry.vilkhivskiy.');
INSERT INTO `glpi_events` VALUES ('763','0','users','2012-06-04 07:34:02','setup','5','dmitriy.yenin     dmitry.vilkhivskiy.');
INSERT INTO `glpi_events` VALUES ('764','-1','system','2012-06-06 01:37:28','login','3','dmitriy.yenin IP connection: 82.117.232.116');
INSERT INTO `glpi_events` VALUES ('765','-1','system','2012-06-06 02:55:17','login','3','dmitry.vilkhivskiy IP connection: 82.117.232.116');
INSERT INTO `glpi_events` VALUES ('766','-1','system','2012-06-06 05:22:42','login','3','dmitry.vilkhivskiy IP : 82.117.232.116');
INSERT INTO `glpi_events` VALUES ('767','-1','system','2012-06-06 05:29:55','login','3','dmitry.vilkhivskiy IP connection: 82.117.232.116');
INSERT INTO `glpi_events` VALUES ('768','-1','system','2012-06-06 05:40:34','login','3','dmitry.vilkhivskiy IP connection: 82.117.232.116');
INSERT INTO `glpi_events` VALUES ('769','-1','system','2012-06-06 05:53:38','login','3','dmitry.vilkhivskiy IP connection: 82.117.232.116');
INSERT INTO `glpi_events` VALUES ('770','62','users','2012-06-06 06:15:42','setup','4','dmitriy.yenin    ');
INSERT INTO `glpi_events` VALUES ('771','62','users','2012-06-06 06:17:12','setup','4','dmitriy.yenin    ');
INSERT INTO `glpi_events` VALUES ('772','0','users','2012-06-06 06:17:46','setup','5','dmitriy.yenin     vitaliy.orehov.');
INSERT INTO `glpi_events` VALUES ('773','-1','system','2012-06-06 06:18:18','login','1','connection failed: igor.demo (82.117.232.116)');
INSERT INTO `glpi_events` VALUES ('774','-1','system','2012-06-11 03:45:52','login','3','dmitriy.yenin IP connection: 82.117.232.116');
INSERT INTO `glpi_events` VALUES ('775','-1','system','2012-06-12 01:47:22','login','3','dmitry.vilkhivskiy IP connection: 82.117.232.116');
INSERT INTO `glpi_events` VALUES ('776','73','users','2012-06-12 01:49:34','setup','4','dmitry.vilkhivskiy   olga.goncharova.');
INSERT INTO `glpi_events` VALUES ('777','-1','system','2012-06-12 02:08:11','login','3','dmitry.vilkhivskiy IP connection: 82.117.232.116');
INSERT INTO `glpi_events` VALUES ('778','4','PluginGenericobjectPowermodel','2012-06-12 02:13:25','setup','4','dmitry.vilkhivskiy added ATX-S460.');
INSERT INTO `glpi_events` VALUES ('779','-1','system','2012-06-12 02:16:55','login','3','dmitry.vilkhivskiy IP connection: 82.117.232.116');
INSERT INTO `glpi_events` VALUES ('780','-1','system','2012-06-12 02:23:19','login','3','dmitry.vilkhivskiy IP connection: 82.117.232.116');
INSERT INTO `glpi_events` VALUES ('781','5','PluginGenericobjectPowermodel','2012-06-12 02:27:46','setup','4','dmitry.vilkhivskiy added RS-460-PCAP-I3.');
INSERT INTO `glpi_events` VALUES ('782','-1','system','2012-06-12 02:31:23','login','3','dmitry.vilkhivskiy IP connection: 82.117.232.116');
INSERT INTO `glpi_events` VALUES ('783','6','PluginGenericobjectPowermodel','2012-06-12 02:37:48','setup','4','dmitry.vilkhivskiy added ATX-500H.');
INSERT INTO `glpi_events` VALUES ('784','-1','system','2012-06-12 02:42:27','login','3','dmitry.vilkhivskiy IP connection: 82.117.232.116');
INSERT INTO `glpi_events` VALUES ('785','7','PluginGenericobjectPowermodel','2012-06-12 02:49:26','setup','4','dmitry.vilkhivskiy added ATX-350PNF.');
INSERT INTO `glpi_events` VALUES ('786','-1','system','2012-06-12 02:51:36','login','3','dmitry.vilkhivskiy IP connection: 82.117.232.116');
INSERT INTO `glpi_events` VALUES ('787','-1','system','2012-06-12 03:01:00','login','3','dmitry.vilkhivskiy IP connection: 82.117.232.116');
INSERT INTO `glpi_events` VALUES ('788','-1','system','2012-06-12 03:10:03','login','3','dmitry.vilkhivskiy IP connection: 82.117.232.116');
INSERT INTO `glpi_events` VALUES ('789','-1','system','2012-06-12 03:17:40','login','3','dmitry.vilkhivskiy IP connection: 82.117.232.116');
INSERT INTO `glpi_events` VALUES ('790','-1','system','2012-06-12 03:23:05','login','3','dmitry.vilkhivskiy IP : 82.117.232.116');
INSERT INTO `glpi_events` VALUES ('791','-1','system','2012-06-12 03:32:20','login','3','dmitry.vilkhivskiy IP connection: 82.117.232.116');
INSERT INTO `glpi_events` VALUES ('792','-1','system','2012-06-12 04:28:42','login','3','dmitry.vilkhivskiy IP connection: 82.117.232.116');
INSERT INTO `glpi_events` VALUES ('793','-1','system','2012-06-12 04:37:11','login','3','dmitry.vilkhivskiy IP connection: 82.117.232.116');
INSERT INTO `glpi_events` VALUES ('794','8','PluginGenericobjectPowermodel','2012-06-12 04:41:24','setup','4','dmitry.vilkhivskiy added GPS-400AB.');
INSERT INTO `glpi_events` VALUES ('795','-1','system','2012-06-12 04:46:35','login','3','dmitry.vilkhivskiy IP connection: 82.117.232.116');
INSERT INTO `glpi_events` VALUES ('796','9','PluginGenericobjectPowermodel','2012-06-12 04:50:29','setup','4','dmitry.vilkhivskiy added CM-420.');
INSERT INTO `glpi_events` VALUES ('797','-1','system','2012-06-12 04:53:36','login','3','dmitry.vilkhivskiy IP connection: 82.117.232.116');
INSERT INTO `glpi_events` VALUES ('798','-1','system','2012-06-12 05:03:13','login','3','dmitry.vilkhivskiy IP connection: 82.117.232.116');
INSERT INTO `glpi_events` VALUES ('799','17','monitors','2012-06-12 05:11:27','inventory','4','dmitry.vilkhivskiy  ');
INSERT INTO `glpi_events` VALUES ('800','15','monitors','2012-06-12 05:19:09','inventory','4','dmitry.vilkhivskiy  ');
INSERT INTO `glpi_events` VALUES ('801','8','computers','2012-06-12 05:19:41','inventory','5','dmitry.vilkhivskiy  ');
INSERT INTO `glpi_events` VALUES ('802','51','monitors','2012-06-12 05:21:26','inventory','4','dmitry.vilkhivskiy   PHILIPS241S4LSB.');
INSERT INTO `glpi_events` VALUES ('803','17','monitors','2012-06-12 05:28:50','inventory','4','dmitry.vilkhivskiy  ');
INSERT INTO `glpi_events` VALUES ('804','11','monitors','2012-06-12 05:30:24','inventory','4','dmitry.vilkhivskiy  ');
INSERT INTO `glpi_events` VALUES ('805','11','monitors','2012-06-12 05:30:30','inventory','4','dmitry.vilkhivskiy  ');
INSERT INTO `glpi_events` VALUES ('806','12','monitors','2012-06-12 05:40:29','inventory','4','dmitry.vilkhivskiy  ');
INSERT INTO `glpi_events` VALUES ('807','47','monitors','2012-06-12 05:43:24','inventory','4','dmitry.vilkhivskiy  ');
INSERT INTO `glpi_events` VALUES ('808','48','monitors','2012-06-12 05:44:26','inventory','4','dmitry.vilkhivskiy  ');
INSERT INTO `glpi_events` VALUES ('809','33','monitors','2012-06-12 05:46:08','inventory','4','dmitry.vilkhivskiy  ');
INSERT INTO `glpi_events` VALUES ('810','1','monitors','2012-06-12 05:55:04','inventory','4','dmitry.vilkhivskiy  ');
INSERT INTO `glpi_events` VALUES ('811','30','monitors','2012-06-12 05:56:11','inventory','4','dmitry.vilkhivskiy  ');
INSERT INTO `glpi_events` VALUES ('812','49','monitors','2012-06-12 05:59:10','inventory','4','dmitry.vilkhivskiy  ');
INSERT INTO `glpi_events` VALUES ('813','23','monitors','2012-06-12 06:01:51','inventory','4','dmitry.vilkhivskiy  ');
INSERT INTO `glpi_events` VALUES ('814','51','monitors','2012-06-12 08:46:16','inventory','4','dmitry.vilkhivskiy  ');
INSERT INTO `glpi_events` VALUES ('815','-1','system','2012-06-12 09:38:49','login','3','dmitry.vilkhivskiy IP connection: 82.207.43.250');
INSERT INTO `glpi_events` VALUES ('816','10','PluginGenericobjectPowermodel','2012-06-12 09:44:24','setup','4','dmitry.vilkhivskiy added 350X.');
INSERT INTO `glpi_events` VALUES ('817','-1','system','2012-06-13 01:57:18','login','1','connection failed:  (82.117.232.116)');
INSERT INTO `glpi_events` VALUES ('818','-1','system','2012-06-13 01:57:32','login','3','dmitriy.yenin IP connection: 82.117.232.116');
INSERT INTO `glpi_events` VALUES ('819','-1','system','2012-06-13 01:57:43','login','3','dmitry.vilkhivskiy IP connection: 82.117.232.116');
INSERT INTO `glpi_events` VALUES ('820','0','users','2012-06-13 02:11:49','setup','5','dmitriy.yenin     dmitriy.yenin.');
INSERT INTO `glpi_events` VALUES ('821','0','users','2012-06-13 02:12:49','setup','5','dmitriy.yenin     dmitriy.yenin.');
INSERT INTO `glpi_events` VALUES ('822','0','users','2012-06-13 02:20:45','setup','5','dmitriy.yenin   /<span style=\'font-size:12px; color:red;\'>log/21</span>  dmitriy.yenin.');
INSERT INTO `glpi_events` VALUES ('823','0','users','2012-06-13 02:22:26','setup','5','dmitriy.yenin     dmitriy.yenin.');
INSERT INTO `glpi_events` VALUES ('824','-1','system','2012-06-13 03:18:52','login','3','dmitriy.yenin IP connection: 82.117.232.116');
INSERT INTO `glpi_events` VALUES ('825','-1','system','2012-06-13 03:19:11','login','3','denis.maksymenko IP connection: 82.117.232.116');
INSERT INTO `glpi_events` VALUES ('826','0','users','2012-06-13 05:21:46','setup','5','dmitriy.yenin  update the item/<span style=\'font-size:12px; color:red;\'>log/21</span>  dmitriy.yenin.');
INSERT INTO `glpi_events` VALUES ('827','0','users','2012-06-13 05:24:01','setup','5','dmitriy.yenin  update the item  dmitriy.yenin.');
INSERT INTO `glpi_events` VALUES ('828','0','users','2012-06-13 05:30:29','setup','5','dmitriy.yenin     dmitriy.yenin.');
INSERT INTO `glpi_events` VALUES ('829','12','State','2012-06-13 05:58:06','setup','4','dmitry.vilkhivskiy added 1156.');
INSERT INTO `glpi_events` VALUES ('830','-1','system','2012-06-13 07:02:21','login','3','dmitry.vilkhivskiy IP connection: 82.117.232.116');
INSERT INTO `glpi_events` VALUES ('831','8','Location','2012-06-13 07:03:42','setup','4','dmitry.vilkhivskiy added 301.');
INSERT INTO `glpi_events` VALUES ('832','52','monitors','2012-06-13 07:04:21','inventory','4','dmitry.vilkhivskiy   LGW2346.');
INSERT INTO `glpi_events` VALUES ('833','53','monitors','2012-06-13 07:05:40','inventory','4','dmitry.vilkhivskiy   LGW2346.');
INSERT INTO `glpi_events` VALUES ('834','17','MonitorModel','2012-06-13 07:07:22','setup','4','dmitry.vilkhivskiy added E2411.');
INSERT INTO `glpi_events` VALUES ('835','54','monitors','2012-06-13 07:07:38','inventory','4','dmitry.vilkhivskiy   LGE2411.');
INSERT INTO `glpi_events` VALUES ('836','55','monitors','2012-06-13 07:09:09','inventory','4','dmitry.vilkhivskiy   LGE2411.');
INSERT INTO `glpi_events` VALUES ('837','56','monitors','2012-06-13 07:13:32','inventory','4','dmitry.vilkhivskiy   LGE2411.');
INSERT INTO `glpi_events` VALUES ('838','57','monitors','2012-06-13 07:15:12','inventory','4','dmitry.vilkhivskiy   LGW2346S.');
INSERT INTO `glpi_events` VALUES ('839','58','monitors','2012-06-13 07:16:40','inventory','4','dmitry.vilkhivskiy   SAMSUNG940N.');
INSERT INTO `glpi_events` VALUES ('840','59','monitors','2012-06-13 07:18:30','inventory','4','dmitry.vilkhivskiy   SAMSUNG940N.');
INSERT INTO `glpi_events` VALUES ('841','9','Location','2012-06-13 07:20:37','setup','4','dmitry.vilkhivskiy added 302.');
INSERT INTO `glpi_events` VALUES ('842','60','monitors','2012-06-13 07:21:22','inventory','4','dmitry.vilkhivskiy   SAMSUNG940N.');
INSERT INTO `glpi_events` VALUES ('843','61','monitors','2012-06-13 07:24:23','inventory','4','dmitry.vilkhivskiy   SAMSUNG940N.');
INSERT INTO `glpi_events` VALUES ('844','62','monitors','2012-06-13 07:28:05','inventory','4','dmitry.vilkhivskiy   SAMSUNG943N.');
INSERT INTO `glpi_events` VALUES ('845','63','monitors','2012-06-13 07:29:20','inventory','4','dmitry.vilkhivskiy   SAMSUNG940N.');
INSERT INTO `glpi_events` VALUES ('846','64','monitors','2012-06-13 07:31:46','inventory','4','dmitry.vilkhivskiy   SAMSUNG940N.');
INSERT INTO `glpi_events` VALUES ('847','65','monitors','2012-06-13 07:35:17','inventory','4','dmitry.vilkhivskiy   SAMSUNG943.');
INSERT INTO `glpi_events` VALUES ('848','10','Location','2012-06-13 07:37:01','setup','4','dmitry.vilkhivskiy added 303.');
INSERT INTO `glpi_events` VALUES ('849','66','monitors','2012-06-13 07:37:45','inventory','4','dmitry.vilkhivskiy   LGW2346.');
INSERT INTO `glpi_events` VALUES ('850','67','monitors','2012-06-13 07:39:07','inventory','4','dmitry.vilkhivskiy   LGW2346.');
INSERT INTO `glpi_events` VALUES ('851','68','monitors','2012-06-13 07:40:06','inventory','4','dmitry.vilkhivskiy   SAMSUNG940N.');
INSERT INTO `glpi_events` VALUES ('852','69','monitors','2012-06-13 07:41:22','inventory','4','dmitry.vilkhivskiy   SAMSUNG940N.');
INSERT INTO `glpi_events` VALUES ('853','70','monitors','2012-06-13 07:42:46','inventory','4','dmitry.vilkhivskiy   LGW2346.');
INSERT INTO `glpi_events` VALUES ('854','71','monitors','2012-06-13 07:43:33','inventory','4','dmitry.vilkhivskiy   SAMSUNG943NW.');
INSERT INTO `glpi_events` VALUES ('855','66','monitors','2012-06-13 07:44:10','inventory','4','dmitry.vilkhivskiy  ');
INSERT INTO `glpi_events` VALUES ('856','18','PluginGenericobjectMotherboardmodel','2012-06-14 02:52:33','setup','4','dmitry.vilkhivskiy added GA-945P-S3.');
INSERT INTO `glpi_events` VALUES ('857','16','PluginGenericobjectProcessormodel','2012-06-14 02:55:47','setup','4','dmitry.vilkhivskiy added Pentium E2160.');
INSERT INTO `glpi_events` VALUES ('858','3','PluginGenericobjectMemorietype','2012-06-14 04:26:22','setup','4','dmitry.vilkhivskiy added DDR.');
INSERT INTO `glpi_events` VALUES ('859','16','PluginGenericobjectHddmodel','2012-06-14 04:28:45','setup','4','dmitry.vilkhivskiy added HD160JJ.');
INSERT INTO `glpi_events` VALUES ('860','19','PluginGenericobjectMotherboardmodel','2012-06-14 04:48:03','setup','4','dmitry.vilkhivskiy added 945GC-M7 TE.');
INSERT INTO `glpi_events` VALUES ('861','17','PluginGenericobjectProcessormodel','2012-06-14 04:50:02','setup','4','dmitry.vilkhivskiy added Core 2 Duo E4500.');
INSERT INTO `glpi_events` VALUES ('862','17','PluginGenericobjectHddmodel','2012-06-14 04:53:25','setup','4','dmitry.vilkhivskiy added HD082GJ.');
INSERT INTO `glpi_events` VALUES ('863','-1','system','2012-06-14 05:24:28','login','3','dmitry.vilkhivskiy IP : 82.117.232.116');
INSERT INTO `glpi_events` VALUES ('864','-1','system','2012-06-14 05:35:59','login','3','dmitriy.yenin IP connection: 82.117.232.116');
INSERT INTO `glpi_events` VALUES ('865','-1','system','2012-06-14 09:04:04','login','3','dmitry.vilkhivskiy IP connection: 82.117.232.116');
INSERT INTO `glpi_events` VALUES ('866','-1','system','2012-06-18 01:20:42','login','3','dmitry.vilkhivskiy IP connection: 82.117.232.116');
INSERT INTO `glpi_events` VALUES ('867','-1','system','2012-06-18 01:45:34','login','3','dmitry.vilkhivskiy IP : 82.117.232.116');
INSERT INTO `glpi_events` VALUES ('868','0','users','2012-06-18 01:49:51','setup','5','dmitry.vilkhivskiy     evgeniy.arsenyev.');
INSERT INTO `glpi_events` VALUES ('869','20','PluginGenericobjectMotherboardmodel','2012-06-18 01:50:37','setup','4','dmitry.vilkhivskiy added P8H67-M LX.');
INSERT INTO `glpi_events` VALUES ('870','18','PluginGenericobjectHddmodel','2012-06-18 01:54:04','setup','4','dmitry.vilkhivskiy added SP2004C.');
INSERT INTO `glpi_events` VALUES ('871','11','PluginGenericobjectPowermodel','2012-06-18 01:56:05','setup','4','dmitry.vilkhivskiy added HP-500-A12S.');
INSERT INTO `glpi_events` VALUES ('872','0','users','2012-06-18 02:00:20','setup','5','dmitry.vilkhivskiy     ruslan.getmansky.');
INSERT INTO `glpi_events` VALUES ('873','21','PluginGenericobjectMotherboardmodel','2012-06-18 02:01:54','setup','4','dmitry.vilkhivskiy added H67M-D2-B3.');
INSERT INTO `glpi_events` VALUES ('874','0','users','2012-06-18 02:13:21','setup','5','dmitry.vilkhivskiy     maxim.kosenko.');
INSERT INTO `glpi_events` VALUES ('875','-1','system','2012-06-18 02:52:30','login','3','dmitry.vilkhivskiy IP connection: 82.117.232.116');
INSERT INTO `glpi_events` VALUES ('876','12','PluginGenericobjectPowermodel','2012-06-18 02:59:09','setup','4','dmitry.vilkhivskiy added AO300-08CZ.');
INSERT INTO `glpi_events` VALUES ('877','0','users','2012-06-18 03:01:10','setup','5','dmitry.vilkhivskiy     sergey.laptiy.');
INSERT INTO `glpi_events` VALUES ('878','0','users','2012-06-18 03:57:39','setup','5','dmitry.vilkhivskiy     roman.mazurika.');
INSERT INTO `glpi_events` VALUES ('879','22','PluginGenericobjectMotherboardmodel','2012-06-18 04:03:50','setup','4','dmitry.vilkhivskiy added K9N6PGM.');
INSERT INTO `glpi_events` VALUES ('880','19','PluginGenericobjectHddmodel','2012-06-18 04:08:25','setup','4','dmitry.vilkhivskiy added HD121IJ.');
INSERT INTO `glpi_events` VALUES ('881','13','PluginGenericobjectPowermodel','2012-06-18 04:09:48','setup','4','dmitry.vilkhivskiy added ATX350PNF.');
INSERT INTO `glpi_events` VALUES ('882','23','PluginGenericobjectMotherboardmodel','2012-06-18 04:12:34','setup','4','dmitry.vilkhivskiy added H61M-D2H.');
INSERT INTO `glpi_events` VALUES ('883','6','PluginGenericobjectVideocardmodel','2012-06-18 04:17:51','setup','4','dmitry.vilkhivskiy added X550.');
INSERT INTO `glpi_events` VALUES ('884','0','users','2012-06-18 04:18:23','setup','5','dmitry.vilkhivskiy     dmitriy.galuschkin.');
INSERT INTO `glpi_events` VALUES ('885','0','users','2012-06-18 04:57:19','setup','5','dmitry.vilkhivskiy     sergey.malyshkin.');
INSERT INTO `glpi_events` VALUES ('886','0','users','2012-06-18 04:59:49','setup','5','dmitry.vilkhivskiy     oleg.milkin.');
INSERT INTO `glpi_events` VALUES ('887','-1','system','2012-06-18 05:01:23','login','3','dmitry.vilkhivskiy IP connection: 82.117.232.116');
INSERT INTO `glpi_events` VALUES ('888','0','users','2012-06-18 05:37:56','setup','5','dmitry.vilkhivskiy     dmitriy.voronin.');
INSERT INTO `glpi_events` VALUES ('889','24','PluginGenericobjectMotherboardmodel','2012-06-18 05:39:18','setup','4','dmitry.vilkhivskiy added P5P800-VM.');
INSERT INTO `glpi_events` VALUES ('890','18','PluginGenericobjectProcessormodel','2012-06-18 05:42:06','setup','4','dmitry.vilkhivskiy added Pentium 4.');
INSERT INTO `glpi_events` VALUES ('891','5','PluginGenericobjectMemoriemodel','2012-06-18 05:44:55','setup','4','dmitry.vilkhivskiy added 512MB.');
INSERT INTO `glpi_events` VALUES ('892','14','PluginGenericobjectPowermodel','2012-06-18 05:48:42','setup','4','dmitry.vilkhivskiy added PM-350CB.');
INSERT INTO `glpi_events` VALUES ('893','74','users','2012-06-18 05:50:41','setup','4','dmitry.vilkhivskiy   dmitriy.shevlyakov.');
INSERT INTO `glpi_events` VALUES ('894','11','Location','2012-06-18 06:10:45','setup','4','dmitry.vilkhivskiy added 304.');
INSERT INTO `glpi_events` VALUES ('895','72','monitors','2012-06-18 06:11:22','inventory','4','dmitry.vilkhivskiy   PHILIPS241S4LSB.');
INSERT INTO `glpi_events` VALUES ('896','72','monitors','2012-06-18 06:12:32','inventory','4','dmitry.vilkhivskiy  ');
INSERT INTO `glpi_events` VALUES ('897','25','PluginGenericobjectMotherboardmodel','2012-06-18 06:14:17','setup','4','dmitry.vilkhivskiy added GA-H61M-S2PV.');
INSERT INTO `glpi_events` VALUES ('898','19','PluginGenericobjectProcessormodel','2012-06-18 06:15:45','setup','4','dmitry.vilkhivskiy added I5-2400S.');
INSERT INTO `glpi_events` VALUES ('899','6','PluginGenericobjectMotherboardtype','2012-06-18 06:38:28','setup','4','dmitry.vilkhivskiy added AM2.');
INSERT INTO `glpi_events` VALUES ('900','0','users','2012-06-18 06:49:15','setup','5','dmitry.vilkhivskiy     alexey.scherbakov.');
INSERT INTO `glpi_events` VALUES ('901','0','users','2012-06-18 06:49:50','setup','5','dmitry.vilkhivskiy     artem.pyhtin.');
INSERT INTO `glpi_events` VALUES ('902','-1','system','2012-06-18 07:09:01','login','1','connection failed: dmitry.vilkhivskiy (82.117.232.116)');
INSERT INTO `glpi_events` VALUES ('903','-1','system','2012-06-18 07:09:09','login','3','dmitry.vilkhivskiy IP connection: 82.117.232.116');
INSERT INTO `glpi_events` VALUES ('904','73','monitors','2012-06-18 07:10:48','inventory','4','dmitry.vilkhivskiy   SAMSUNG940N.');
INSERT INTO `glpi_events` VALUES ('905','73','monitors','2012-06-18 07:13:34','inventory','4','dmitry.vilkhivskiy  ');
INSERT INTO `glpi_events` VALUES ('906','20','PluginGenericobjectHddmodel','2012-06-18 07:16:50','setup','4','dmitry.vilkhivskiy added WD2000JS-55N.');
INSERT INTO `glpi_events` VALUES ('907','13','State','2012-06-18 07:21:25','setup','4','dmitry.vilkhivskiy added 200GB.');
INSERT INTO `glpi_events` VALUES ('908','74','monitors','2012-06-18 07:48:31','inventory','4','dmitry.vilkhivskiy   LGW2346.');
INSERT INTO `glpi_events` VALUES ('909','75','users','2012-06-18 07:49:35','setup','4','dmitry.vilkhivskiy   pavel.bezderniy.');
INSERT INTO `glpi_events` VALUES ('910','75','monitors','2012-06-18 07:50:05','inventory','4','dmitry.vilkhivskiy   SAMSUNG943.');
INSERT INTO `glpi_events` VALUES ('911','76','monitors','2012-06-18 07:51:05','inventory','4','dmitry.vilkhivskiy   PHILIPS241SL.');
INSERT INTO `glpi_events` VALUES ('912','18','MonitorModel','2012-06-18 07:51:31','setup','4','dmitry.vilkhivskiy added VW195D.');
INSERT INTO `glpi_events` VALUES ('913','77','monitors','2012-06-18 07:52:03','inventory','4','dmitry.vilkhivskiy    ASUSVW195D.');
INSERT INTO `glpi_events` VALUES ('914','19','MonitorModel','2012-06-18 07:52:32','setup','4','dmitry.vilkhivskiy added 2033.');
INSERT INTO `glpi_events` VALUES ('915','78','monitors','2012-06-18 07:53:01','inventory','4','dmitry.vilkhivskiy   SAMSUNG2033.');
INSERT INTO `glpi_events` VALUES ('916','76','users','2012-06-18 07:53:41','setup','4','dmitry.vilkhivskiy   vitaliy.popov.');
INSERT INTO `glpi_events` VALUES ('917','79','monitors','2012-06-18 07:54:39','inventory','4','dmitry.vilkhivskiy   SAMSUNG943.');
INSERT INTO `glpi_events` VALUES ('918','-1','system','2012-06-18 07:56:38','login','3','dmitriy.yenin IP connection: 82.117.232.116');
INSERT INTO `glpi_events` VALUES ('919','80','monitors','2012-06-18 08:01:43','inventory','4','dmitry.vilkhivskiy   LGW2346SW.');
INSERT INTO `glpi_events` VALUES ('920','79','monitors','2012-06-19 03:40:08','inventory','4','dmitry.vilkhivskiy  ');
INSERT INTO `glpi_events` VALUES ('921','21','PluginGenericobjectHddmodel','2012-06-19 03:44:48','setup','4','dmitry.vilkhivskiy added ST360021A.');
INSERT INTO `glpi_events` VALUES ('922','14','State','2012-06-19 03:45:30','setup','4','dmitry.vilkhivskiy added 60GB.');
INSERT INTO `glpi_events` VALUES ('923','15','PluginGenericobjectPowermodel','2012-06-19 03:46:30','setup','4','dmitry.vilkhivskiy added ATX-350N.');
INSERT INTO `glpi_events` VALUES ('924','26','PluginGenericobjectMotherboardmodel','2012-06-19 03:50:51','setup','4','dmitry.vilkhivskiy added 6100K8MB.');
INSERT INTO `glpi_events` VALUES ('925','22','PluginGenericobjectHddmodel','2012-06-19 03:54:42','setup','4','dmitry.vilkhivskiy added SP0802N.');
INSERT INTO `glpi_events` VALUES ('926','16','PluginGenericobjectPowermodel','2012-06-19 03:56:37','setup','4','dmitry.vilkhivskiy added GPS-400AB.');
INSERT INTO `glpi_events` VALUES ('927','-1','system','2012-06-19 04:16:20','login','3','dmitry.vilkhivskiy IP connection: 82.117.232.116');
INSERT INTO `glpi_events` VALUES ('928','81','monitors','2012-06-19 04:18:11','inventory','4','dmitry.vilkhivskiy   LGW2346.');
INSERT INTO `glpi_events` VALUES ('929','0','users','2012-06-19 04:28:07','setup','5','dmitry.vilkhivskiy     vasiliy.belokon.');
INSERT INTO `glpi_events` VALUES ('930','-1','system','2012-06-19 04:31:19','login','3','dmitry.vilkhivskiy IP connection: 82.207.43.250');
INSERT INTO `glpi_events` VALUES ('931','-1','system','2012-06-19 05:04:27','login','3','dmitry.vilkhivskiy IP connection: 82.117.232.116');
INSERT INTO `glpi_events` VALUES ('932','0','users','2012-06-19 05:07:38','setup','5','dmitry.vilkhivskiy     maxim.kapustin.');
INSERT INTO `glpi_events` VALUES ('933','12','Location','2012-06-19 05:35:40','setup','4','dmitry.vilkhivskiy added 305.');
INSERT INTO `glpi_events` VALUES ('934','0','users','2012-06-19 05:35:45','setup','5','dmitry.vilkhivskiy     oleg.milkin.');
INSERT INTO `glpi_events` VALUES ('935','-1','system','2012-06-19 07:24:27','login','3','dmitry.vilkhivskiy IP : 82.117.232.116');
INSERT INTO `glpi_events` VALUES ('936','0','users','2012-06-19 07:33:23','setup','5','dmitry.vilkhivskiy     evgeniy.kholodnyak.');
INSERT INTO `glpi_events` VALUES ('937','27','PluginGenericobjectMotherboardmodel','2012-06-19 07:34:43','setup','4','dmitry.vilkhivskiy added ECS C51GM-M.');
INSERT INTO `glpi_events` VALUES ('938','23','PluginGenericobjectHddmodel','2012-06-19 07:37:40','setup','4','dmitry.vilkhivskiy added ST380011A.');
INSERT INTO `glpi_events` VALUES ('939','24','PluginGenericobjectHddmodel','2012-06-19 07:43:33','setup','4','dmitry.vilkhivskiy added WD800JB-00FMA0.');
INSERT INTO `glpi_events` VALUES ('940','17','PluginGenericobjectPowermodel','2012-06-19 07:45:14','setup','4','dmitry.vilkhivskiy added EN60950.');
INSERT INTO `glpi_events` VALUES ('941','0','users','2012-06-19 07:46:25','setup','5','dmitry.vilkhivskiy     dmitriy.zhdankin.');
INSERT INTO `glpi_events` VALUES ('942','0','users','2012-06-19 07:54:32','setup','5','dmitry.vilkhivskiy     alexey.bobylev.');
INSERT INTO `glpi_events` VALUES ('943','28','PluginGenericobjectMotherboardmodel','2012-06-19 07:55:27','setup','4','dmitry.vilkhivskiy added P5GD1-VM.');
INSERT INTO `glpi_events` VALUES ('944','20','PluginGenericobjectProcessormodel','2012-06-19 07:56:34','setup','4','dmitry.vilkhivskiy added Pentium 4 511.');
INSERT INTO `glpi_events` VALUES ('945','25','PluginGenericobjectHddmodel','2012-06-19 08:01:33','setup','4','dmitry.vilkhivskiy added IC35L090AVV207-0.');
INSERT INTO `glpi_events` VALUES ('946','18','PluginGenericobjectPowermodel','2012-06-19 08:07:18','setup','4','dmitry.vilkhivskiy added PM(P4) 350W P.');
INSERT INTO `glpi_events` VALUES ('947','13','Location','2012-06-20 03:03:27','setup','4','dmitry.vilkhivskiy added 306.');
INSERT INTO `glpi_events` VALUES ('948','15','users','2012-06-20 04:21:04','setup','4','dmitry.vilkhivskiy    ');
INSERT INTO `glpi_events` VALUES ('949','15','users','2012-06-20 04:21:16','setup','4','dmitry.vilkhivskiy    ');
INSERT INTO `glpi_events` VALUES ('950','15','users','2012-06-20 04:21:30','setup','4','dmitry.vilkhivskiy    ');
INSERT INTO `glpi_events` VALUES ('951','15','users','2012-06-20 04:21:38','setup','4','dmitry.vilkhivskiy    ');
INSERT INTO `glpi_events` VALUES ('952','14','Location','2012-06-20 04:23:11','setup','4','dmitry.vilkhivskiy added 307.');
INSERT INTO `glpi_events` VALUES ('953','49','users','2012-06-20 04:23:36','setup','4','dmitry.vilkhivskiy    ');
INSERT INTO `glpi_events` VALUES ('954','49','users','2012-06-20 04:23:51','setup','4','dmitry.vilkhivskiy    ');
INSERT INTO `glpi_events` VALUES ('955','82','monitors','2012-06-20 04:24:48','inventory','4','dmitry.vilkhivskiy   SAMSUNG940N.');
INSERT INTO `glpi_events` VALUES ('956','83','monitors','2012-06-20 04:25:30','inventory','4','dmitry.vilkhivskiy   SAMSUNG940N.');
INSERT INTO `glpi_events` VALUES ('957','29','PluginGenericobjectMotherboardmodel','2012-06-20 04:26:36','setup','4','dmitry.vilkhivskiy added P5QL-E.');
INSERT INTO `glpi_events` VALUES ('958','21','PluginGenericobjectProcessormodel','2012-06-20 04:31:05','setup','4','dmitry.vilkhivskiy added Core 2 Quad Q6600.');
INSERT INTO `glpi_events` VALUES ('959','26','PluginGenericobjectHddmodel','2012-06-20 04:32:32','setup','4','dmitry.vilkhivskiy added HDT725032VLA360.');
INSERT INTO `glpi_events` VALUES ('960','19','PluginGenericobjectPowermodel','2012-06-20 04:33:49','setup','4','dmitry.vilkhivskiy added ATX400N.');
INSERT INTO `glpi_events` VALUES ('961','7','PluginGenericobjectVideocardmodel','2012-06-20 04:34:40','setup','4','dmitry.vilkhivskiy added GF6200.');
INSERT INTO `glpi_events` VALUES ('962','84','monitors','2012-06-20 04:36:38','inventory','4','dmitry.vilkhivskiy   LGW2346.');
INSERT INTO `glpi_events` VALUES ('963','85','monitors','2012-06-20 04:45:13','inventory','4','dmitry.vilkhivskiy   PHILIPS241SL.');
INSERT INTO `glpi_events` VALUES ('964','86','monitors','2012-06-20 04:54:50','inventory','4','dmitry.vilkhivskiy   LGW2346S.');
INSERT INTO `glpi_events` VALUES ('965','86','monitors','2012-06-20 05:01:21','inventory','4','dmitry.vilkhivskiy  ');
INSERT INTO `glpi_events` VALUES ('966','30','PluginGenericobjectMotherboardmodel','2012-06-20 05:13:43','setup','4','dmitry.vilkhivskiy added P5QL-SE.');
INSERT INTO `glpi_events` VALUES ('967','8','PluginGenericobjectVideocardmodel','2012-06-20 05:17:28','setup','4','dmitry.vilkhivskiy added GF9600.');
INSERT INTO `glpi_events` VALUES ('968','87','monitors','2012-06-20 05:19:46','inventory','4','dmitry.vilkhivskiy   SAMSUNG940N.');
INSERT INTO `glpi_events` VALUES ('969','88','monitors','2012-06-20 05:20:21','inventory','4','dmitry.vilkhivskiy   SAMSUNG940N.');
INSERT INTO `glpi_events` VALUES ('970','20','PluginGenericobjectPowermodel','2012-06-20 05:32:27','setup','4','dmitry.vilkhivskiy added hpc-450-h12s.');
INSERT INTO `glpi_events` VALUES ('971','89','monitors','2012-06-20 05:34:16','inventory','4','dmitry.vilkhivskiy   LGW2346S.');
INSERT INTO `glpi_events` VALUES ('972','0','users','2012-06-20 05:43:57','setup','5','dmitry.vilkhivskiy     alex.gaevoy.');
INSERT INTO `glpi_events` VALUES ('973','-1','system','2012-06-20 05:57:47','login','1','connection failed: dmitry.vilkhivkiy (82.117.232.116)');
INSERT INTO `glpi_events` VALUES ('974','-1','system','2012-06-20 05:58:03','login','3','dmitry.vilkhivskiy IP connection: 82.117.232.116');
INSERT INTO `glpi_events` VALUES ('975','90','monitors','2012-06-20 06:53:36','inventory','4','dmitry.vilkhivskiy   PHILIPS241SL.');
INSERT INTO `glpi_events` VALUES ('976','31','PluginGenericobjectMotherboardmodel','2012-06-21 00:49:50','setup','4','dmitry.vilkhivskiy added GA-G41MT-S2PT.');
INSERT INTO `glpi_events` VALUES ('977','-1','system','2012-06-21 00:53:25','login','3','dmitry.vilkhivskiy IP connection: 82.117.232.116');
INSERT INTO `glpi_events` VALUES ('978','27','PluginGenericobjectHddmodel','2012-06-21 01:30:18','setup','4','dmitry.vilkhivskiy added ST3250410AS.');
INSERT INTO `glpi_events` VALUES ('979','9','PluginGenericobjectVideocardmodel','2012-06-21 01:31:08','setup','4','dmitry.vilkhivskiy added GT9500.');
INSERT INTO `glpi_events` VALUES ('980','21','PluginGenericobjectPowermodel','2012-06-21 01:33:32','setup','4','dmitry.vilkhivskiy added CM-450.');
INSERT INTO `glpi_events` VALUES ('981','32','PluginGenericobjectMotherboardmodel','2012-06-21 01:34:51','setup','4','dmitry.vilkhivskiy added H55M-UD2H .');
INSERT INTO `glpi_events` VALUES ('982','10','PluginGenericobjectVideocardmodel','2012-06-21 01:57:22','setup','4','dmitry.vilkhivskiy added GT9400.');
INSERT INTO `glpi_events` VALUES ('983','22','PluginGenericobjectPowermodel','2012-06-21 01:58:42','setup','4','dmitry.vilkhivskiy added RS-460-PCAP-A3.');
INSERT INTO `glpi_events` VALUES ('984','28','PluginGenericobjectHddmodel','2012-06-21 02:02:46','setup','4','dmitry.vilkhivskiy added WD1200JB-00EVA0.');
INSERT INTO `glpi_events` VALUES ('985','49','monitors','2012-06-21 02:06:04','inventory','4','dmitry.vilkhivskiy  ');
INSERT INTO `glpi_events` VALUES ('986','50','monitors','2012-06-21 02:06:08','inventory','4','dmitry.vilkhivskiy  ');
INSERT INTO `glpi_events` VALUES ('987','91','monitors','2012-06-21 02:14:46','inventory','4','dmitry.vilkhivskiy   SAMSUNG2494.');
INSERT INTO `glpi_events` VALUES ('988','77','users','2012-06-21 02:55:17','setup','4','dmitry.vilkhivskiy   sergey.krivoshlyk.');
INSERT INTO `glpi_events` VALUES ('989','33','PluginGenericobjectMotherboardmodel','2012-06-21 02:56:03','setup','4','dmitry.vilkhivskiy added C51-MCP51.');
INSERT INTO `glpi_events` VALUES ('990','23','PluginGenericobjectPowermodel','2012-06-21 02:59:35','setup','4','dmitry.vilkhivskiy added 350U-DNH.');
INSERT INTO `glpi_events` VALUES ('991','92','monitors','2012-06-21 03:49:15','inventory','4','dmitry.vilkhivskiy   SAMSUNG943.');
INSERT INTO `glpi_events` VALUES ('992','21','Manufacturer','2012-06-21 03:52:31','setup','4','dmitry.vilkhivskiy added BENQ.');
INSERT INTO `glpi_events` VALUES ('993','20','MonitorModel','2012-06-21 03:53:09','setup','4','dmitry.vilkhivskiy added FP91G+.');
INSERT INTO `glpi_events` VALUES ('994','93','monitors','2012-06-21 03:53:36','inventory','4','dmitry.vilkhivskiy   BENQ.');
INSERT INTO `glpi_events` VALUES ('995','34','PluginGenericobjectMotherboardmodel','2012-06-21 03:54:48','setup','4','dmitry.vilkhivskiy added A8N5X.');
INSERT INTO `glpi_events` VALUES ('996','11','PluginGenericobjectVideocardmodel','2012-06-21 03:59:11','setup','4','dmitry.vilkhivskiy added GF6600.');
INSERT INTO `glpi_events` VALUES ('997','29','PluginGenericobjectHddmodel','2012-06-21 04:00:09','setup','4','dmitry.vilkhivskiy added ST3120813AS.');
INSERT INTO `glpi_events` VALUES ('998','24','PluginGenericobjectPowermodel','2012-06-21 04:01:17','setup','4','dmitry.vilkhivskiy added SPL-350.');
INSERT INTO `glpi_events` VALUES ('999','0','users','2012-06-21 04:03:43','setup','5','dmitry.vilkhivskiy     dmitry.vilkhivskiy.');
INSERT INTO `glpi_events` VALUES ('1000','0','users','2012-06-21 04:04:09','setup','5','dmitry.vilkhivskiy     natalya.vasilenko.');
INSERT INTO `glpi_events` VALUES ('1001','0','users','2012-06-21 04:04:56','setup','5','dmitry.vilkhivskiy     dmitriy.yenin.');
INSERT INTO `glpi_events` VALUES ('1002','30','PluginGenericobjectHddmodel','2012-06-21 04:21:42','setup','4','dmitry.vilkhivskiy added HD501LJ.');
INSERT INTO `glpi_events` VALUES ('1003','22','PluginGenericobjectProcessormodel','2012-06-21 04:22:58','setup','4','dmitry.vilkhivskiy added Core 2 Duo E4300.');
INSERT INTO `glpi_events` VALUES ('1004','25','PluginGenericobjectPowermodel','2012-06-21 04:24:07','setup','4','dmitry.vilkhivskiy added CHP-450A.');
INSERT INTO `glpi_events` VALUES ('1005','12','PluginGenericobjectVideocardmodel','2012-06-21 04:25:04','setup','4','dmitry.vilkhivskiy added GF8600GTS.');
INSERT INTO `glpi_events` VALUES ('1006','94','monitors','2012-06-21 04:28:47','inventory','4','dmitry.vilkhivskiy   SAMSUNG940N.');
INSERT INTO `glpi_events` VALUES ('1007','95','monitors','2012-06-21 04:30:07','inventory','4','dmitry.vilkhivskiy   SAMSUNG940N.');
INSERT INTO `glpi_events` VALUES ('1008','35','PluginGenericobjectMotherboardmodel','2012-06-21 06:01:55','setup','4','dmitry.vilkhivskiy added K8NF4G.');
INSERT INTO `glpi_events` VALUES ('1009','36','PluginGenericobjectMotherboardmodel','2012-06-21 06:06:30','setup','4','dmitry.vilkhivskiy added P4P800-VM.');
INSERT INTO `glpi_events` VALUES ('1010','37','PluginGenericobjectMotherboardmodel','2012-06-21 06:22:08','setup','4','dmitry.vilkhivskiy added K8M890M2MA.');
INSERT INTO `glpi_events` VALUES ('1011','38','PluginGenericobjectMotherboardmodel','2012-06-21 06:32:45','setup','4','dmitry.vilkhivskiy added NB35-TS.');
INSERT INTO `glpi_events` VALUES ('1012','39','PluginGenericobjectMotherboardmodel','2012-06-21 06:33:50','setup','4','dmitry.vilkhivskiy added NB350TS.');
INSERT INTO `glpi_events` VALUES ('1013','40','PluginGenericobjectMotherboardmodel','2012-06-21 06:33:58','setup','4','dmitry.vilkhivskiy added NB35-TS.');
INSERT INTO `glpi_events` VALUES ('1014','41','PluginGenericobjectMotherboardmodel','2012-06-21 06:37:48','setup','4','dmitry.vilkhivskiy added K8NF.');
INSERT INTO `glpi_events` VALUES ('1015','78','users','2012-06-21 07:22:35','setup','4','dmitry.vilkhivskiy   Spisano.');
INSERT INTO `glpi_events` VALUES ('1016','6','PluginGenericobjectMemoriemodel','2012-06-21 07:56:46','setup','4','dmitry.vilkhivskiy added 256M.');
INSERT INTO `glpi_events` VALUES ('1017','4','PluginGenericobjectMemorietype','2012-06-21 08:12:59','setup','4','dmitry.vilkhivskiy added SO-DDR3.');
INSERT INTO `glpi_events` VALUES ('1018','31','PluginGenericobjectHddmodel','2012-06-21 08:29:50','setup','4','dmitry.vilkhivskiy added SP1654N.');
INSERT INTO `glpi_events` VALUES ('1019','32','PluginGenericobjectHddmodel','2012-06-21 08:32:04','setup','4','dmitry.vilkhivskiy added HDS721680PLA380.');
INSERT INTO `glpi_events` VALUES ('1020','13','PluginGenericobjectVideocardmodel','2012-06-21 08:39:29','setup','4','dmitry.vilkhivskiy added RX1300.');
INSERT INTO `glpi_events` VALUES ('1021','-1','system','2012-06-22 05:44:03','login','3','dmitry.vilkhivskiy IP : 82.117.232.116');
INSERT INTO `glpi_events` VALUES ('1022','-1','system','2012-06-25 02:37:15','login','3','dmitriy.yenin IP connection: 82.117.232.116');
INSERT INTO `glpi_events` VALUES ('1023','0','users','2012-06-25 02:37:35','setup','5','dmitriy.yenin  update the item  dmitriy.yenin.');
INSERT INTO `glpi_events` VALUES ('1024','-1','system','2012-06-25 02:38:21','login','3','dmitry.vilkhivskiy IP connection: 82.117.232.116');
INSERT INTO `glpi_events` VALUES ('1025','45','monitors','2012-06-25 02:54:15','inventory','4','dmitry.vilkhivskiy  ');
INSERT INTO `glpi_events` VALUES ('1026','44','monitors','2012-06-25 02:55:49','inventory','4','dmitry.vilkhivskiy  ');
INSERT INTO `glpi_events` VALUES ('1027','43','monitors','2012-06-25 02:57:08','inventory','4','dmitry.vilkhivskiy  ');
INSERT INTO `glpi_events` VALUES ('1028','7','PluginGenericobjectMotherboardtype','2012-06-25 03:06:11','setup','4','dmitry.vilkhivskiy added 939.');
INSERT INTO `glpi_events` VALUES ('1029','0','users','2012-06-25 03:43:53','setup','5','dmitry.vilkhivskiy     max.krivoshlyk.');
INSERT INTO `glpi_events` VALUES ('1030','0','users','2012-06-25 03:44:24','setup','5','dmitry.vilkhivskiy     kirill.samojlenko.');
INSERT INTO `glpi_events` VALUES ('1031','8','PluginGenericobjectMotherboardtype','2012-06-25 03:46:43','setup','4','dmitry.vilkhivskiy added 478.');
INSERT INTO `glpi_events` VALUES ('1032','0','users','2012-06-25 03:59:24','setup','5','dmitry.vilkhivskiy     eduard.marakhovsky.');
INSERT INTO `glpi_events` VALUES ('1033','0','users','2012-06-25 03:59:30','setup','5','dmitry.vilkhivskiy     eduard.marakhovsky.');
INSERT INTO `glpi_events` VALUES ('1034','94','monitors','2012-06-25 04:09:09','inventory','4','dmitry.vilkhivskiy  ');
INSERT INTO `glpi_events` VALUES ('1035','-1','system','2012-06-25 05:00:18','login','3','dmitriy.yenin IP connection: 82.117.232.116');
INSERT INTO `glpi_events` VALUES ('1036','-1','system','2012-06-25 05:13:10','login','3','dmitry.vilkhivskiy IP : 82.117.232.116');
INSERT INTO `glpi_events` VALUES ('1037','4','groups','2012-06-25 05:15:02','setup','4','dmitry.vilkhivskiy   Flexaspect-users.');
INSERT INTO `glpi_events` VALUES ('1038','5','groups','2012-06-25 05:15:10','setup','4','dmitry.vilkhivskiy   Ukad-users.');
INSERT INTO `glpi_events` VALUES ('1039','6','users','2012-06-25 05:17:59','setup','4','dmitry.vilkhivskiy    ');
INSERT INTO `glpi_events` VALUES ('1040','45','users','2012-06-25 05:18:49','setup','4','dmitry.vilkhivskiy    ');
INSERT INTO `glpi_events` VALUES ('1041','47','users','2012-06-25 05:18:57','setup','4','dmitry.vilkhivskiy    ');
INSERT INTO `glpi_events` VALUES ('1042','50','users','2012-06-25 05:19:04','setup','4','dmitry.vilkhivskiy    ');
INSERT INTO `glpi_events` VALUES ('1043','54','users','2012-06-25 05:19:12','setup','4','dmitry.vilkhivskiy    ');
INSERT INTO `glpi_events` VALUES ('1044','58','users','2012-06-25 05:19:18','setup','4','dmitry.vilkhivskiy    ');
INSERT INTO `glpi_events` VALUES ('1045','60','users','2012-06-25 05:19:24','setup','4','dmitry.vilkhivskiy    ');
INSERT INTO `glpi_events` VALUES ('1046','62','users','2012-06-25 05:19:30','setup','4','dmitry.vilkhivskiy    ');
INSERT INTO `glpi_events` VALUES ('1047','64','users','2012-06-25 05:19:36','setup','4','dmitry.vilkhivskiy    ');
INSERT INTO `glpi_events` VALUES ('1048','68','users','2012-06-25 05:19:41','setup','4','dmitry.vilkhivskiy    ');
INSERT INTO `glpi_events` VALUES ('1049','69','users','2012-06-25 05:19:47','setup','4','dmitry.vilkhivskiy    ');
INSERT INTO `glpi_events` VALUES ('1050','70','users','2012-06-25 05:19:53','setup','4','dmitry.vilkhivskiy    ');
INSERT INTO `glpi_events` VALUES ('1051','73','users','2012-06-25 05:19:58','setup','4','dmitry.vilkhivskiy    ');
INSERT INTO `glpi_events` VALUES ('1052','43','users','2012-06-25 05:20:05','setup','4','dmitry.vilkhivskiy    ');
INSERT INTO `glpi_events` VALUES ('1053','39','users','2012-06-25 05:20:10','setup','4','dmitry.vilkhivskiy    ');
INSERT INTO `glpi_events` VALUES ('1054','37','users','2012-06-25 05:20:16','setup','4','dmitry.vilkhivskiy    ');
INSERT INTO `glpi_events` VALUES ('1055','28','users','2012-06-25 05:20:22','setup','4','dmitry.vilkhivskiy    ');
INSERT INTO `glpi_events` VALUES ('1056','25','users','2012-06-25 05:20:32','setup','4','dmitry.vilkhivskiy    ');
INSERT INTO `glpi_events` VALUES ('1057','24','users','2012-06-25 05:20:38','setup','4','dmitry.vilkhivskiy    ');
INSERT INTO `glpi_events` VALUES ('1058','22','users','2012-06-25 05:20:44','setup','4','dmitry.vilkhivskiy    ');
INSERT INTO `glpi_events` VALUES ('1059','17','users','2012-06-25 05:20:50','setup','4','dmitry.vilkhivskiy    ');
INSERT INTO `glpi_events` VALUES ('1060','16','users','2012-06-25 05:20:55','setup','4','dmitry.vilkhivskiy    ');
INSERT INTO `glpi_events` VALUES ('1061','12','users','2012-06-25 05:21:00','setup','4','dmitry.vilkhivskiy    ');
INSERT INTO `glpi_events` VALUES ('1062','23','PluginGenericobjectProcessormodel','2012-06-25 05:25:25','setup','4','dmitry.vilkhivskiy added I3-530.');
INSERT INTO `glpi_events` VALUES ('1063','21','users','2012-06-25 05:30:18','setup','4','dmitry.vilkhivskiy    ');
INSERT INTO `glpi_events` VALUES ('1064','23','users','2012-06-25 05:30:39','setup','4','dmitry.vilkhivskiy    ');
INSERT INTO `glpi_events` VALUES ('1065','26','users','2012-06-25 05:30:51','setup','4','dmitry.vilkhivskiy    ');
INSERT INTO `glpi_events` VALUES ('1066','27','users','2012-06-25 05:31:01','setup','4','dmitry.vilkhivskiy    ');
INSERT INTO `glpi_events` VALUES ('1067','29','users','2012-06-25 05:31:09','setup','4','dmitry.vilkhivskiy    ');
INSERT INTO `glpi_events` VALUES ('1068','20','users','2012-06-25 05:31:21','setup','4','dmitry.vilkhivskiy    ');
INSERT INTO `glpi_events` VALUES ('1069','19','users','2012-06-25 05:31:28','setup','4','dmitry.vilkhivskiy    ');
INSERT INTO `glpi_events` VALUES ('1070','18','users','2012-06-25 05:31:36','setup','4','dmitry.vilkhivskiy    ');
INSERT INTO `glpi_events` VALUES ('1071','15','users','2012-06-25 05:31:44','setup','4','dmitry.vilkhivskiy    ');
INSERT INTO `glpi_events` VALUES ('1072','13','users','2012-06-25 05:31:53','setup','4','dmitry.vilkhivskiy    ');
INSERT INTO `glpi_events` VALUES ('1073','11','users','2012-06-25 05:32:01','setup','4','dmitry.vilkhivskiy    ');
INSERT INTO `glpi_events` VALUES ('1074','10','users','2012-06-25 05:32:10','setup','4','dmitry.vilkhivskiy    ');
INSERT INTO `glpi_events` VALUES ('1075','9','users','2012-06-25 05:32:18','setup','4','dmitry.vilkhivskiy    ');
INSERT INTO `glpi_events` VALUES ('1076','8','users','2012-06-25 05:32:26','setup','4','dmitry.vilkhivskiy    ');
INSERT INTO `glpi_events` VALUES ('1077','7','users','2012-06-25 05:32:37','setup','4','dmitry.vilkhivskiy    ');
INSERT INTO `glpi_events` VALUES ('1078','42','users','2012-06-25 05:33:10','setup','4','dmitry.vilkhivskiy    ');
INSERT INTO `glpi_events` VALUES ('1079','44','users','2012-06-25 05:33:17','setup','4','dmitry.vilkhivskiy    ');
INSERT INTO `glpi_events` VALUES ('1080','41','users','2012-06-25 05:33:23','setup','4','dmitry.vilkhivskiy    ');
INSERT INTO `glpi_events` VALUES ('1081','40','users','2012-06-25 05:33:28','setup','4','dmitry.vilkhivskiy    ');
INSERT INTO `glpi_events` VALUES ('1082','38','users','2012-06-25 05:33:33','setup','4','dmitry.vilkhivskiy    ');
INSERT INTO `glpi_events` VALUES ('1083','36','users','2012-06-25 05:33:38','setup','4','dmitry.vilkhivskiy    ');
INSERT INTO `glpi_events` VALUES ('1084','35','users','2012-06-25 05:33:44','setup','4','dmitry.vilkhivskiy    ');
INSERT INTO `glpi_events` VALUES ('1085','34','users','2012-06-25 05:33:49','setup','4','dmitry.vilkhivskiy    ');
INSERT INTO `glpi_events` VALUES ('1086','33','users','2012-06-25 05:33:54','setup','4','dmitry.vilkhivskiy    ');
INSERT INTO `glpi_events` VALUES ('1087','32','users','2012-06-25 05:33:59','setup','4','dmitry.vilkhivskiy    ');
INSERT INTO `glpi_events` VALUES ('1088','31','users','2012-06-25 05:34:04','setup','4','dmitry.vilkhivskiy    ');
INSERT INTO `glpi_events` VALUES ('1089','30','users','2012-06-25 05:34:09','setup','4','dmitry.vilkhivskiy    ');
INSERT INTO `glpi_events` VALUES ('1090','61','users','2012-06-25 05:34:40','setup','4','dmitry.vilkhivskiy    ');
INSERT INTO `glpi_events` VALUES ('1091','57','users','2012-06-25 05:34:45','setup','4','dmitry.vilkhivskiy    ');
INSERT INTO `glpi_events` VALUES ('1092','56','users','2012-06-25 05:34:50','setup','4','dmitry.vilkhivskiy    ');
INSERT INTO `glpi_events` VALUES ('1093','55','users','2012-06-25 05:34:54','setup','4','dmitry.vilkhivskiy    ');
INSERT INTO `glpi_events` VALUES ('1094','53','users','2012-06-25 05:35:00','setup','4','dmitry.vilkhivskiy    ');
INSERT INTO `glpi_events` VALUES ('1095','52','users','2012-06-25 05:35:05','setup','4','dmitry.vilkhivskiy    ');
INSERT INTO `glpi_events` VALUES ('1096','51','users','2012-06-25 05:35:10','setup','4','dmitry.vilkhivskiy    ');
INSERT INTO `glpi_events` VALUES ('1097','49','users','2012-06-25 05:35:15','setup','4','dmitry.vilkhivskiy    ');
INSERT INTO `glpi_events` VALUES ('1098','48','users','2012-06-25 05:35:20','setup','4','dmitry.vilkhivskiy    ');
INSERT INTO `glpi_events` VALUES ('1099','46','users','2012-06-25 05:35:24','setup','4','dmitry.vilkhivskiy    ');
INSERT INTO `glpi_events` VALUES ('1100','77','users','2012-06-25 05:35:57','setup','4','dmitry.vilkhivskiy    ');
INSERT INTO `glpi_events` VALUES ('1101','76','users','2012-06-25 05:36:02','setup','4','dmitry.vilkhivskiy    ');
INSERT INTO `glpi_events` VALUES ('1102','75','users','2012-06-25 05:36:08','setup','4','dmitry.vilkhivskiy    ');
INSERT INTO `glpi_events` VALUES ('1103','74','users','2012-06-25 05:36:13','setup','4','dmitry.vilkhivskiy    ');
INSERT INTO `glpi_events` VALUES ('1104','67','users','2012-06-25 05:36:19','setup','4','dmitry.vilkhivskiy    ');
INSERT INTO `glpi_events` VALUES ('1105','66','users','2012-06-25 05:36:24','setup','4','dmitry.vilkhivskiy    ');
INSERT INTO `glpi_events` VALUES ('1106','65','users','2012-06-25 05:36:30','setup','4','dmitry.vilkhivskiy    ');
INSERT INTO `glpi_events` VALUES ('1107','63','users','2012-06-25 05:36:36','setup','4','dmitry.vilkhivskiy    ');
INSERT INTO `glpi_events` VALUES ('1108','0','users','2012-06-25 05:36:53','setup','5','dmitry.vilkhivskiy     vladimir.maryenko.');
INSERT INTO `glpi_events` VALUES ('1109','-1','system','2012-06-25 05:38:24','login','3','dmitry.vilkhivskiy IP : 82.117.232.116');
INSERT INTO `glpi_events` VALUES ('1110','16','PluginGenericobjectProcessormodel','2012-06-25 05:40:42','setup','4','dmitry.vilkhivskiy  ');
INSERT INTO `glpi_events` VALUES ('1111','2','PluginGenericobjectProcessormodel','2012-06-25 05:41:12','setup','4','dmitry.vilkhivskiy  ');
INSERT INTO `glpi_events` VALUES ('1112','14','PluginGenericobjectProcessormodel','2012-06-25 05:42:17','setup','4','dmitry.vilkhivskiy  ');
INSERT INTO `glpi_events` VALUES ('1113','3','PluginGenericobjectProcessormodel','2012-06-25 05:43:38','setup','4','dmitry.vilkhivskiy  ');
INSERT INTO `glpi_events` VALUES ('1114','6','PluginGenericobjectProcessormodel','2012-06-25 05:43:48','setup','4','dmitry.vilkhivskiy  ');
INSERT INTO `glpi_events` VALUES ('1115','19','PluginGenericobjectProcessormodel','2012-06-25 05:43:55','setup','4','dmitry.vilkhivskiy  ');
INSERT INTO `glpi_events` VALUES ('1116','8','PluginGenericobjectProcessormodel','2012-06-25 05:44:00','setup','4','dmitry.vilkhivskiy  ');
INSERT INTO `glpi_events` VALUES ('1117','5','PluginGenericobjectProcessormodel','2012-06-25 05:44:06','setup','4','dmitry.vilkhivskiy  ');
INSERT INTO `glpi_events` VALUES ('1118','1','PluginGenericobjectProcessormodel','2012-06-25 05:44:11','setup','4','dmitry.vilkhivskiy  ');
INSERT INTO `glpi_events` VALUES ('1119','23','PluginGenericobjectProcessormodel','2012-06-25 05:44:16','setup','4','dmitry.vilkhivskiy  ');
INSERT INTO `glpi_events` VALUES ('1120','0','users','2012-06-25 05:46:48','setup','5','dmitry.vilkhivskiy     pavel.bezderniy.');
INSERT INTO `glpi_events` VALUES ('1121','0','users','2012-06-25 07:44:06','setup','5','dmitry.vilkhivskiy     denis.maksymenko.');
INSERT INTO `glpi_events` VALUES ('1122','0','users','2012-06-25 07:44:24','setup','5','dmitry.vilkhivskiy     max.krivoshlyk.');
INSERT INTO `glpi_events` VALUES ('1123','6','groups','2012-06-25 08:39:09','setup','4','dmitry.vilkhivskiy   alex.devyatkin.');
INSERT INTO `glpi_events` VALUES ('1124','0','users','2012-06-25 08:39:44','setup','5','dmitry.vilkhivskiy     1058.');
INSERT INTO `glpi_events` VALUES ('1125','10','users','2012-06-25 08:40:03','setup','4','dmitry.vilkhivskiy    ');
INSERT INTO `glpi_events` VALUES ('1126','10','users','2012-06-25 08:40:09','setup','4','dmitry.vilkhivskiy    ');
INSERT INTO `glpi_events` VALUES ('1127','7','groups','2012-06-25 08:53:09','setup','4','dmitry.vilkhivskiy   dmitriy.yenin.');
INSERT INTO `glpi_events` VALUES ('1128','8','users','2012-06-25 08:53:20','setup','4','dmitry.vilkhivskiy    ');
INSERT INTO `glpi_events` VALUES ('1129','8','users','2012-06-25 08:53:27','setup','4','dmitry.vilkhivskiy    ');
INSERT INTO `glpi_events` VALUES ('1130','10','users','2012-06-26 02:41:14','setup','4','dmitry.vilkhivskiy    ');
INSERT INTO `glpi_events` VALUES ('1131','10','users','2012-06-26 02:41:21','setup','4','dmitry.vilkhivskiy    ');
INSERT INTO `glpi_events` VALUES ('1132','0','users','2012-06-26 02:41:26','setup','5','dmitry.vilkhivskiy     alex.devyatkin.');
INSERT INTO `glpi_events` VALUES ('1133','10','users','2012-06-26 02:41:40','setup','4','dmitry.vilkhivskiy    ');
INSERT INTO `glpi_events` VALUES ('1134','10','users','2012-06-26 02:41:47','setup','4','dmitry.vilkhivskiy    ');
INSERT INTO `glpi_events` VALUES ('1135','8','users','2012-06-26 02:42:24','setup','4','dmitry.vilkhivskiy    ');
INSERT INTO `glpi_events` VALUES ('1136','8','users','2012-06-26 02:42:29','setup','4','dmitry.vilkhivskiy    ');
INSERT INTO `glpi_events` VALUES ('1137','-1','system','2012-06-26 04:53:21','login','3','dmitry.vilkhivskiy IP : 82.117.232.116');
INSERT INTO `glpi_events` VALUES ('1138','-1','system','2012-06-26 04:59:50','login','3','dmitry.vilkhivskiy IP : 82.117.232.116');
INSERT INTO `glpi_events` VALUES ('1139','0','users','2012-06-26 05:00:33','setup','5','dmitry.vilkhivskiy     max.krivoshlyk.');
INSERT INTO `glpi_events` VALUES ('1140','42','monitors','2012-06-26 05:01:18','inventory','4','dmitry.vilkhivskiy  ');
INSERT INTO `glpi_events` VALUES ('1141','46','monitors','2012-06-26 05:02:21','inventory','4','dmitry.vilkhivskiy  ');
INSERT INTO `glpi_events` VALUES ('1142','2','monitors','2012-06-26 05:23:03','inventory','4','dmitry.vilkhivskiy  ');
INSERT INTO `glpi_events` VALUES ('1143','-1','system','2012-06-26 05:23:44','login','3','dmitriy.yenin IP connection: 82.117.232.116');
INSERT INTO `glpi_events` VALUES ('1144','0','users','2012-06-26 05:28:25','setup','5','dmitriy.yenin     dmitriy.yenin.');
INSERT INTO `glpi_events` VALUES ('1145','0','users','2012-06-26 05:28:38','setup','5','dmitriy.yenin     dmitriy.yenin.');
INSERT INTO `glpi_events` VALUES ('1146','2','monitors','2012-06-26 05:31:01','inventory','4','dmitry.vilkhivskiy  ');
INSERT INTO `glpi_events` VALUES ('1147','17','monitors','2012-06-26 05:31:20','inventory','4','dmitry.vilkhivskiy  ');
INSERT INTO `glpi_events` VALUES ('1148','0','users','2012-06-26 05:35:46','setup','5','dmitriy.yenin   /<span style=\'font-size:12px; color:red;\'>log/21</span>  dmitriy.yenin.');
INSERT INTO `glpi_events` VALUES ('1149','0','users','2012-06-26 05:37:15','setup','5','dmitriy.yenin     glpi.');
INSERT INTO `glpi_events` VALUES ('1150','-1','system','2012-06-26 09:47:54','login','3','dmitry.vilkhivskiy IP : 82.117.232.116');
INSERT INTO `glpi_events` VALUES ('1151','-1','system','2012-06-27 03:56:03','login','3','dmitry.vilkhivskiy IP : 82.117.232.116');
INSERT INTO `glpi_events` VALUES ('1152','27','computers','2012-06-27 04:08:45','inventory','5','dmitriy.yenin  ');
INSERT INTO `glpi_events` VALUES ('1153','74','monitors','2012-06-27 05:28:49','inventory','4','dmitry.vilkhivskiy  ');
INSERT INTO `glpi_events` VALUES ('1154','84','monitors','2012-06-27 05:28:58','inventory','4','dmitry.vilkhivskiy  ');
INSERT INTO `glpi_events` VALUES ('1155','77','monitors','2012-06-27 05:29:20','inventory','4','dmitry.vilkhivskiy  ');
INSERT INTO `glpi_events` VALUES ('1156','1','monitors','2012-06-27 05:29:35','inventory','4','dmitry.vilkhivskiy  ');
INSERT INTO `glpi_events` VALUES ('1157','21','computers','2012-06-27 05:29:39','inventory','5','dmitry.vilkhivskiy  ');
INSERT INTO `glpi_events` VALUES ('1158','54','monitors','2012-06-27 05:29:51','inventory','4','dmitry.vilkhivskiy  ');
INSERT INTO `glpi_events` VALUES ('1159','55','monitors','2012-06-27 05:30:01','inventory','4','dmitry.vilkhivskiy  ');
INSERT INTO `glpi_events` VALUES ('1160','56','monitors','2012-06-27 05:30:29','inventory','4','dmitry.vilkhivskiy  ');
INSERT INTO `glpi_events` VALUES ('1161','8','monitors','2012-06-27 05:30:38','inventory','4','dmitry.vilkhivskiy  ');
INSERT INTO `glpi_events` VALUES ('1162','4','computers','2012-06-27 05:30:42','inventory','5','dmitry.vilkhivskiy  ');
INSERT INTO `glpi_events` VALUES ('1163','10','computers','2012-06-27 05:30:50','inventory','5','dmitry.vilkhivskiy  ');
INSERT INTO `glpi_events` VALUES ('1164','21','monitors','2012-06-27 05:30:56','inventory','4','dmitry.vilkhivskiy  ');
INSERT INTO `glpi_events` VALUES ('1165','24','monitors','2012-06-27 05:31:05','inventory','4','dmitry.vilkhivskiy  ');
INSERT INTO `glpi_events` VALUES ('1166','12','computers','2012-06-27 05:31:09','inventory','5','dmitry.vilkhivskiy  ');
INSERT INTO `glpi_events` VALUES ('1167','28','monitors','2012-06-27 05:31:25','inventory','4','dmitry.vilkhivskiy  ');
INSERT INTO `glpi_events` VALUES ('1168','15','computers','2012-06-27 05:31:29','inventory','5','dmitry.vilkhivskiy  ');
INSERT INTO `glpi_events` VALUES ('1169','34','monitors','2012-06-27 05:31:40','inventory','4','dmitry.vilkhivskiy  ');
INSERT INTO `glpi_events` VALUES ('1170','21','computers','2012-06-27 05:31:44','inventory','5','dmitry.vilkhivskiy  ');
INSERT INTO `glpi_events` VALUES ('1171','36','monitors','2012-06-27 05:31:54','inventory','4','dmitry.vilkhivskiy  ');
INSERT INTO `glpi_events` VALUES ('1172','19','computers','2012-06-27 05:31:58','inventory','5','dmitry.vilkhivskiy  ');
INSERT INTO `glpi_events` VALUES ('1173','37','monitors','2012-06-27 05:32:11','inventory','4','dmitry.vilkhivskiy  ');
INSERT INTO `glpi_events` VALUES ('1174','6','computers','2012-06-27 05:32:15','inventory','5','dmitry.vilkhivskiy  ');
INSERT INTO `glpi_events` VALUES ('1175','52','monitors','2012-06-27 05:32:25','inventory','4','dmitry.vilkhivskiy  ');
INSERT INTO `glpi_events` VALUES ('1176','53','monitors','2012-06-27 05:32:38','inventory','4','dmitry.vilkhivskiy  ');
INSERT INTO `glpi_events` VALUES ('1177','66','monitors','2012-06-27 05:32:49','inventory','4','dmitry.vilkhivskiy  ');
INSERT INTO `glpi_events` VALUES ('1178','67','monitors','2012-06-27 05:32:58','inventory','4','dmitry.vilkhivskiy  ');
INSERT INTO `glpi_events` VALUES ('1179','70','monitors','2012-06-27 05:33:07','inventory','4','dmitry.vilkhivskiy  ');
INSERT INTO `glpi_events` VALUES ('1180','74','monitors','2012-06-27 05:33:15','inventory','4','dmitry.vilkhivskiy  ');
INSERT INTO `glpi_events` VALUES ('1181','81','monitors','2012-06-27 05:35:01','inventory','4','dmitry.vilkhivskiy  ');
INSERT INTO `glpi_events` VALUES ('1182','84','monitors','2012-06-27 05:35:09','inventory','4','dmitry.vilkhivskiy  ');
INSERT INTO `glpi_events` VALUES ('1183','5','monitors','2012-06-27 05:35:17','inventory','4','dmitry.vilkhivskiy  ');
INSERT INTO `glpi_events` VALUES ('1184','15','monitors','2012-06-27 05:35:24','inventory','4','dmitry.vilkhivskiy  ');
INSERT INTO `glpi_events` VALUES ('1185','26','monitors','2012-06-27 05:37:14','inventory','4','dmitry.vilkhivskiy  ');
INSERT INTO `glpi_events` VALUES ('1186','14','computers','2012-06-27 05:37:20','inventory','5','dmitry.vilkhivskiy  ');
INSERT INTO `glpi_events` VALUES ('1187','31','monitors','2012-06-27 05:37:29','inventory','4','dmitry.vilkhivskiy  ');
INSERT INTO `glpi_events` VALUES ('1188','17','computers','2012-06-27 05:37:33','inventory','5','dmitry.vilkhivskiy  ');
INSERT INTO `glpi_events` VALUES ('1189','35','monitors','2012-06-27 05:37:44','inventory','4','dmitry.vilkhivskiy  ');
INSERT INTO `glpi_events` VALUES ('1190','20','computers','2012-06-27 05:37:48','inventory','5','dmitry.vilkhivskiy  ');
INSERT INTO `glpi_events` VALUES ('1191','45','monitors','2012-06-27 05:37:59','inventory','4','dmitry.vilkhivskiy  ');
INSERT INTO `glpi_events` VALUES ('1192','28','computers','2012-06-27 05:38:03','inventory','5','dmitry.vilkhivskiy  ');
INSERT INTO `glpi_events` VALUES ('1193','57','monitors','2012-06-27 05:38:18','inventory','4','dmitry.vilkhivskiy  ');
INSERT INTO `glpi_events` VALUES ('1194','86','monitors','2012-06-27 05:38:27','inventory','4','dmitry.vilkhivskiy  ');
INSERT INTO `glpi_events` VALUES ('1195','89','monitors','2012-06-27 05:38:36','inventory','4','dmitry.vilkhivskiy  ');
INSERT INTO `glpi_events` VALUES ('1196','80','monitors','2012-06-27 05:38:44','inventory','4','dmitry.vilkhivskiy  ');
INSERT INTO `glpi_events` VALUES ('1197','4','monitors','2012-06-27 05:38:52','inventory','4','dmitry.vilkhivskiy  ');
INSERT INTO `glpi_events` VALUES ('1198','2','computers','2012-06-27 05:39:05','inventory','5','dmitry.vilkhivskiy  ');
INSERT INTO `glpi_events` VALUES ('1199','7','monitors','2012-06-27 05:39:13','inventory','4','dmitry.vilkhivskiy  ');
INSERT INTO `glpi_events` VALUES ('1200','3','computers','2012-06-27 05:39:18','inventory','5','dmitry.vilkhivskiy  ');
INSERT INTO `glpi_events` VALUES ('1201','16','monitors','2012-06-27 05:39:27','inventory','4','dmitry.vilkhivskiy  ');
INSERT INTO `glpi_events` VALUES ('1202','7','computers','2012-06-27 05:39:31','inventory','5','dmitry.vilkhivskiy  ');
INSERT INTO `glpi_events` VALUES ('1203','27','monitors','2012-06-27 05:39:42','inventory','4','dmitry.vilkhivskiy  ');
INSERT INTO `glpi_events` VALUES ('1204','15','computers','2012-06-27 05:39:45','inventory','5','dmitry.vilkhivskiy  ');
INSERT INTO `glpi_events` VALUES ('1205','38','monitors','2012-06-27 05:39:56','inventory','4','dmitry.vilkhivskiy  ');
INSERT INTO `glpi_events` VALUES ('1206','6','computers','2012-06-27 05:40:00','inventory','5','dmitry.vilkhivskiy  ');
INSERT INTO `glpi_events` VALUES ('1207','9','monitors','2012-06-27 05:40:17','inventory','4','dmitry.vilkhivskiy  ');
INSERT INTO `glpi_events` VALUES ('1208','51','monitors','2012-06-27 05:40:25','inventory','4','dmitry.vilkhivskiy  ');
INSERT INTO `glpi_events` VALUES ('1209','72','monitors','2012-06-27 05:40:37','inventory','4','dmitry.vilkhivskiy  ');
INSERT INTO `glpi_events` VALUES ('1210','10','monitors','2012-06-27 05:40:45','inventory','4','dmitry.vilkhivskiy  ');
INSERT INTO `glpi_events` VALUES ('1211','5','computers','2012-06-27 05:40:50','inventory','5','dmitry.vilkhivskiy  ');
INSERT INTO `glpi_events` VALUES ('1212','13','computers','2012-06-27 05:41:24','inventory','5','dmitry.vilkhivskiy  ');
INSERT INTO `glpi_events` VALUES ('1213','25','monitors','2012-06-27 05:41:40','inventory','4','dmitry.vilkhivskiy  ');
INSERT INTO `glpi_events` VALUES ('1214','39','monitors','2012-06-27 05:41:49','inventory','4','dmitry.vilkhivskiy  ');
INSERT INTO `glpi_events` VALUES ('1215','22','computers','2012-06-27 05:41:52','inventory','5','dmitry.vilkhivskiy  ');
INSERT INTO `glpi_events` VALUES ('1216','29','computers','2012-06-27 05:42:18','inventory','5','dmitry.vilkhivskiy  ');
INSERT INTO `glpi_events` VALUES ('1217','46','monitors','2012-06-27 05:42:26','inventory','4','dmitry.vilkhivskiy  ');
INSERT INTO `glpi_events` VALUES ('1218','85','monitors','2012-06-27 05:42:35','inventory','4','dmitry.vilkhivskiy  ');
INSERT INTO `glpi_events` VALUES ('1219','90','monitors','2012-06-27 05:42:45','inventory','4','dmitry.vilkhivskiy  ');
INSERT INTO `glpi_events` VALUES ('1220','41','monitors','2012-06-27 05:42:55','inventory','4','dmitry.vilkhivskiy  ');
INSERT INTO `glpi_events` VALUES ('1221','23','computers','2012-06-27 05:42:59','inventory','5','dmitry.vilkhivskiy  ');
INSERT INTO `glpi_events` VALUES ('1222','78','monitors','2012-06-27 05:43:07','inventory','4','dmitry.vilkhivskiy  ');
INSERT INTO `glpi_events` VALUES ('1223','19','monitors','2012-06-27 05:43:23','inventory','4','dmitry.vilkhivskiy  ');
INSERT INTO `glpi_events` VALUES ('1224','9','computers','2012-06-27 05:43:27','inventory','5','dmitry.vilkhivskiy  ');
INSERT INTO `glpi_events` VALUES ('1225','25','computers','2012-06-27 05:43:35','inventory','5','dmitry.vilkhivskiy  ');
INSERT INTO `glpi_events` VALUES ('1226','42','monitors','2012-06-27 05:43:44','inventory','4','dmitry.vilkhivskiy  ');
INSERT INTO `glpi_events` VALUES ('1227','91','monitors','2012-06-27 05:43:55','inventory','4','dmitry.vilkhivskiy  ');
INSERT INTO `glpi_events` VALUES ('1228','17','monitors','2012-06-27 05:44:15','inventory','4','dmitry.vilkhivskiy  ');
INSERT INTO `glpi_events` VALUES ('1229','2','monitors','2012-06-27 05:44:24','inventory','4','dmitry.vilkhivskiy  ');
INSERT INTO `glpi_events` VALUES ('1230','4','computers','2012-06-27 05:44:28','inventory','5','dmitry.vilkhivskiy  ');
INSERT INTO `glpi_events` VALUES ('1231','22','monitors','2012-06-27 05:44:36','inventory','4','dmitry.vilkhivskiy  ');
INSERT INTO `glpi_events` VALUES ('1232','11','computers','2012-06-27 05:44:40','inventory','5','dmitry.vilkhivskiy  ');
INSERT INTO `glpi_events` VALUES ('1233','9','computers','2012-06-27 05:44:49','inventory','5','dmitry.vilkhivskiy  ');
INSERT INTO `glpi_events` VALUES ('1234','18','monitors','2012-06-27 05:44:54','inventory','4','dmitry.vilkhivskiy  ');
INSERT INTO `glpi_events` VALUES ('1235','23','monitors','2012-06-27 05:45:01','inventory','4','dmitry.vilkhivskiy  ');
INSERT INTO `glpi_events` VALUES ('1236','12','computers','2012-06-27 05:45:05','inventory','5','dmitry.vilkhivskiy  ');
INSERT INTO `glpi_events` VALUES ('1237','33','monitors','2012-06-27 05:59:27','inventory','4','dmitry.vilkhivskiy  ');
INSERT INTO `glpi_events` VALUES ('1238','18','computers','2012-06-27 05:59:30','inventory','5','dmitry.vilkhivskiy  ');
INSERT INTO `glpi_events` VALUES ('1239','40','monitors','2012-06-27 05:59:39','inventory','4','dmitry.vilkhivskiy  ');
INSERT INTO `glpi_events` VALUES ('1240','22','computers','2012-06-27 05:59:43','inventory','5','dmitry.vilkhivskiy  ');
INSERT INTO `glpi_events` VALUES ('1241','43','monitors','2012-06-27 05:59:53','inventory','4','dmitry.vilkhivskiy  ');
INSERT INTO `glpi_events` VALUES ('1242','26','computers','2012-06-27 05:59:56','inventory','5','dmitry.vilkhivskiy  ');
INSERT INTO `glpi_events` VALUES ('1243','43','monitors','2012-06-27 06:00:08','inventory','4','dmitry.vilkhivskiy  ');
INSERT INTO `glpi_events` VALUES ('1244','49','monitors','2012-06-27 06:00:17','inventory','4','dmitry.vilkhivskiy  ');
INSERT INTO `glpi_events` VALUES ('1245','32','computers','2012-06-27 06:00:21','inventory','5','dmitry.vilkhivskiy  ');
INSERT INTO `glpi_events` VALUES ('1246','50','monitors','2012-06-27 06:00:29','inventory','4','dmitry.vilkhivskiy  ');
INSERT INTO `glpi_events` VALUES ('1247','32','computers','2012-06-27 06:00:32','inventory','5','dmitry.vilkhivskiy  ');
INSERT INTO `glpi_events` VALUES ('1248','58','monitors','2012-06-27 06:00:41','inventory','4','dmitry.vilkhivskiy  ');
INSERT INTO `glpi_events` VALUES ('1249','59','monitors','2012-06-27 06:00:49','inventory','4','dmitry.vilkhivskiy  ');
INSERT INTO `glpi_events` VALUES ('1250','60','monitors','2012-06-27 06:00:57','inventory','4','dmitry.vilkhivskiy  ');
INSERT INTO `glpi_events` VALUES ('1251','61','monitors','2012-06-27 06:01:08','inventory','4','dmitry.vilkhivskiy  ');
INSERT INTO `glpi_events` VALUES ('1252','63','monitors','2012-06-27 06:01:17','inventory','4','dmitry.vilkhivskiy  ');
INSERT INTO `glpi_events` VALUES ('1253','64','monitors','2012-06-27 06:01:26','inventory','4','dmitry.vilkhivskiy  ');
INSERT INTO `glpi_events` VALUES ('1254','68','monitors','2012-06-27 06:01:38','inventory','4','dmitry.vilkhivskiy  ');
INSERT INTO `glpi_events` VALUES ('1255','69','monitors','2012-06-27 06:01:46','inventory','4','dmitry.vilkhivskiy  ');
INSERT INTO `glpi_events` VALUES ('1256','73','monitors','2012-06-27 06:01:54','inventory','4','dmitry.vilkhivskiy  ');
INSERT INTO `glpi_events` VALUES ('1257','82','monitors','2012-06-27 06:02:02','inventory','4','dmitry.vilkhivskiy  ');
INSERT INTO `glpi_events` VALUES ('1258','83','monitors','2012-06-27 06:02:10','inventory','4','dmitry.vilkhivskiy  ');
INSERT INTO `glpi_events` VALUES ('1259','87','monitors','2012-06-27 06:02:19','inventory','4','dmitry.vilkhivskiy  ');
INSERT INTO `glpi_events` VALUES ('1260','88','monitors','2012-06-27 06:02:29','inventory','4','dmitry.vilkhivskiy  ');
INSERT INTO `glpi_events` VALUES ('1261','94','monitors','2012-06-27 06:02:45','inventory','4','dmitry.vilkhivskiy  ');
INSERT INTO `glpi_events` VALUES ('1262','95','monitors','2012-06-27 06:03:04','inventory','4','dmitry.vilkhivskiy  ');
INSERT INTO `glpi_events` VALUES ('1263','14','monitors','2012-06-27 06:03:20','inventory','4','dmitry.vilkhivskiy  ');
INSERT INTO `glpi_events` VALUES ('1264','8','computers','2012-06-27 06:03:23','inventory','5','dmitry.vilkhivskiy  ');
INSERT INTO `glpi_events` VALUES ('1265','29','monitors','2012-06-27 06:03:31','inventory','4','dmitry.vilkhivskiy  ');
INSERT INTO `glpi_events` VALUES ('1266','16','computers','2012-06-27 06:03:34','inventory','5','dmitry.vilkhivskiy  ');
INSERT INTO `glpi_events` VALUES ('1267','32','monitors','2012-06-27 06:03:42','inventory','4','dmitry.vilkhivskiy  ');
INSERT INTO `glpi_events` VALUES ('1268','17','computers','2012-06-27 06:03:45','inventory','5','dmitry.vilkhivskiy  ');
INSERT INTO `glpi_events` VALUES ('1269','65','monitors','2012-06-27 06:03:53','inventory','4','dmitry.vilkhivskiy  ');
INSERT INTO `glpi_events` VALUES ('1270','75','monitors','2012-06-27 06:04:01','inventory','4','dmitry.vilkhivskiy  ');
INSERT INTO `glpi_events` VALUES ('1271','79','monitors','2012-06-27 06:04:10','inventory','4','dmitry.vilkhivskiy  ');
INSERT INTO `glpi_events` VALUES ('1272','92','monitors','2012-06-27 06:04:19','inventory','4','dmitry.vilkhivskiy  ');
INSERT INTO `glpi_events` VALUES ('1273','3','monitors','2012-06-27 06:04:30','inventory','4','dmitry.vilkhivskiy  ');
INSERT INTO `glpi_events` VALUES ('1274','2','computers','2012-06-27 06:04:34','inventory','5','dmitry.vilkhivskiy  ');
INSERT INTO `glpi_events` VALUES ('1275','6','monitors','2012-06-27 06:04:42','inventory','4','dmitry.vilkhivskiy  ');
INSERT INTO `glpi_events` VALUES ('1276','3','computers','2012-06-27 06:04:46','inventory','5','dmitry.vilkhivskiy  ');
INSERT INTO `glpi_events` VALUES ('1277','11','monitors','2012-06-27 06:04:54','inventory','4','dmitry.vilkhivskiy  ');
INSERT INTO `glpi_events` VALUES ('1278','5','computers','2012-06-27 06:04:57','inventory','5','dmitry.vilkhivskiy  ');
INSERT INTO `glpi_events` VALUES ('1279','12','monitors','2012-06-27 06:05:05','inventory','4','dmitry.vilkhivskiy  ');
INSERT INTO `glpi_events` VALUES ('1280','7','computers','2012-06-27 06:05:09','inventory','5','dmitry.vilkhivskiy  ');
INSERT INTO `glpi_events` VALUES ('1281','30','monitors','2012-06-27 06:05:18','inventory','4','dmitry.vilkhivskiy  ');
INSERT INTO `glpi_events` VALUES ('1282','16','computers','2012-06-27 06:05:21','inventory','5','dmitry.vilkhivskiy  ');
INSERT INTO `glpi_events` VALUES ('1283','44','monitors','2012-06-27 06:05:29','inventory','4','dmitry.vilkhivskiy  ');
INSERT INTO `glpi_events` VALUES ('1284','47','monitors','2012-06-27 06:05:36','inventory','4','dmitry.vilkhivskiy  ');
INSERT INTO `glpi_events` VALUES ('1285','31','computers','2012-06-27 06:05:39','inventory','5','dmitry.vilkhivskiy  ');
INSERT INTO `glpi_events` VALUES ('1286','48','monitors','2012-06-27 06:05:46','inventory','4','dmitry.vilkhivskiy  ');
INSERT INTO `glpi_events` VALUES ('1287','31','computers','2012-06-27 06:05:51','inventory','5','dmitry.vilkhivskiy  ');
INSERT INTO `glpi_events` VALUES ('1288','62','monitors','2012-06-27 06:06:00','inventory','4','dmitry.vilkhivskiy  ');
INSERT INTO `glpi_events` VALUES ('1289','71','monitors','2012-06-27 06:06:08','inventory','4','dmitry.vilkhivskiy  ');
INSERT INTO `glpi_events` VALUES ('1290','20','monitors','2012-06-27 06:06:21','inventory','4','dmitry.vilkhivskiy  ');
INSERT INTO `glpi_events` VALUES ('1291','10','computers','2012-06-27 06:06:27','inventory','5','dmitry.vilkhivskiy  ');
INSERT INTO `glpi_events` VALUES ('1292','13','monitors','2012-06-27 06:06:37','inventory','4','dmitry.vilkhivskiy  ');
INSERT INTO `glpi_events` VALUES ('1293','18','computers','2012-06-27 06:06:41','inventory','5','dmitry.vilkhivskiy  ');
INSERT INTO `glpi_events` VALUES ('1294','75','monitors','2012-06-27 06:07:20','inventory','4','dmitry.vilkhivskiy  ');
INSERT INTO `glpi_events` VALUES ('1295','71','monitors','2012-06-27 06:07:41','inventory','4','dmitry.vilkhivskiy  ');
INSERT INTO `glpi_events` VALUES ('1296','69','monitors','2012-06-27 06:08:01','inventory','4','dmitry.vilkhivskiy  ');
INSERT INTO `glpi_events` VALUES ('1297','68','monitors','2012-06-27 06:08:16','inventory','4','dmitry.vilkhivskiy  ');
INSERT INTO `glpi_events` VALUES ('1298','70','monitors','2012-06-27 06:08:43','inventory','4','dmitry.vilkhivskiy  ');
INSERT INTO `glpi_events` VALUES ('1299','66','monitors','2012-06-27 06:08:56','inventory','4','dmitry.vilkhivskiy  ');
INSERT INTO `glpi_events` VALUES ('1300','77','monitors','2012-06-27 06:09:27','inventory','4','dmitry.vilkhivskiy  ');
INSERT INTO `glpi_events` VALUES ('1301','20','monitors','2012-06-27 06:17:48','inventory','4','dmitry.vilkhivskiy  ');
INSERT INTO `glpi_events` VALUES ('1302','22','monitors','2012-06-27 06:18:27','inventory','4','dmitry.vilkhivskiy  ');
INSERT INTO `glpi_events` VALUES ('1303','17','monitors','2012-06-27 06:18:58','inventory','4','dmitry.vilkhivskiy  ');
INSERT INTO `glpi_events` VALUES ('1304','41','monitors','2012-06-27 06:20:35','inventory','4','dmitry.vilkhivskiy  ');
INSERT INTO `glpi_events` VALUES ('1305','-1','system','2012-06-27 07:16:01','login','3','dmitriy.yenin IP connection: 82.117.232.116');
INSERT INTO `glpi_events` VALUES ('1306','0','users','2012-06-27 07:16:15','setup','5','dmitriy.yenin     glpi.');
INSERT INTO `glpi_events` VALUES ('1307','-1','system','2012-06-29 02:10:25','login','3','dmitry.vilkhivskiy IP : 82.117.232.116');
INSERT INTO `glpi_events` VALUES ('1308','33','PluginGenericobjectHddmodel','2012-06-29 02:19:48','setup','4','dmitry.vilkhivskiy added SH103S3B.');
INSERT INTO `glpi_events` VALUES ('1309','26','PluginGenericobjectPowermodel','2012-06-29 02:21:10','setup','4','dmitry.vilkhivskiy added RC-371-KKP460.');
INSERT INTO `glpi_events` VALUES ('1310','79','users','2012-06-29 02:56:52','setup','4','dmitry.vilkhivskiy   roman.pikalov.');
INSERT INTO `glpi_events` VALUES ('1311','0','users','2012-06-29 02:57:40','setup','5','dmitry.vilkhivskiy     alexander.cozuberda.');
INSERT INTO `glpi_events` VALUES ('1312','0','users','2012-06-29 02:57:50','setup','5','dmitry.vilkhivskiy     alexander.cozuberda.');
INSERT INTO `glpi_events` VALUES ('1313','79','users','2012-06-29 02:57:57','setup','4','dmitry.vilkhivskiy    ');
INSERT INTO `glpi_events` VALUES ('1314','80','users','2012-06-29 02:58:33','setup','4','dmitry.vilkhivskiy   roman.pikalov.');
INSERT INTO `glpi_events` VALUES ('1315','80','users','2012-06-29 02:58:44','setup','4','dmitry.vilkhivskiy    ');

### Dump table glpi_fieldblacklists

DROP TABLE IF EXISTS `glpi_fieldblacklists`;
CREATE TABLE `glpi_fieldblacklists` (
  `id` int(11) NOT NULL AUTO_INCREMENT,
  `name` varchar(255) COLLATE utf8_unicode_ci NOT NULL DEFAULT '',
  `field` varchar(255) COLLATE utf8_unicode_ci NOT NULL DEFAULT '',
  `value` varchar(255) COLLATE utf8_unicode_ci NOT NULL DEFAULT '',
  `itemtype` varchar(255) COLLATE utf8_unicode_ci NOT NULL DEFAULT '',
  `entities_id` int(11) NOT NULL DEFAULT '0',
  `is_recursive` tinyint(1) NOT NULL DEFAULT '0',
  `comment` text COLLATE utf8_unicode_ci,
  PRIMARY KEY (`id`),
  KEY `name` (`name`)
) ENGINE=MyISAM DEFAULT CHARSET=utf8 COLLATE=utf8_unicode_ci;


### Dump table glpi_fieldunicities

DROP TABLE IF EXISTS `glpi_fieldunicities`;
CREATE TABLE `glpi_fieldunicities` (
  `id` int(11) NOT NULL AUTO_INCREMENT,
  `name` varchar(255) COLLATE utf8_unicode_ci NOT NULL DEFAULT '',
  `is_recursive` tinyint(1) NOT NULL DEFAULT '0',
  `itemtype` varchar(255) COLLATE utf8_unicode_ci NOT NULL DEFAULT '',
  `entities_id` int(11) NOT NULL DEFAULT '-1',
  `fields` text COLLATE utf8_unicode_ci,
  `is_active` tinyint(1) NOT NULL DEFAULT '0',
  `action_refuse` tinyint(1) NOT NULL DEFAULT '0',
  `action_notify` tinyint(1) NOT NULL DEFAULT '0',
  `comment` text COLLATE utf8_unicode_ci,
  PRIMARY KEY (`id`)
) ENGINE=MyISAM DEFAULT CHARSET=utf8 COLLATE=utf8_unicode_ci COMMENT='Stores field unicity criterias';


### Dump table glpi_filesystems

DROP TABLE IF EXISTS `glpi_filesystems`;
CREATE TABLE `glpi_filesystems` (
  `id` int(11) NOT NULL AUTO_INCREMENT,
  `name` varchar(255) COLLATE utf8_unicode_ci DEFAULT NULL,
  `comment` text COLLATE utf8_unicode_ci,
  PRIMARY KEY (`id`),
  KEY `name` (`name`)
) ENGINE=MyISAM  DEFAULT CHARSET=utf8 COLLATE=utf8_unicode_ci;

INSERT INTO `glpi_filesystems` VALUES ('1','ext',NULL);
INSERT INTO `glpi_filesystems` VALUES ('2','ext2',NULL);
INSERT INTO `glpi_filesystems` VALUES ('3','ext3',NULL);
INSERT INTO `glpi_filesystems` VALUES ('4','ext4',NULL);
INSERT INTO `glpi_filesystems` VALUES ('5','FAT',NULL);
INSERT INTO `glpi_filesystems` VALUES ('6','FAT32',NULL);
INSERT INTO `glpi_filesystems` VALUES ('7','VFAT',NULL);
INSERT INTO `glpi_filesystems` VALUES ('8','HFS',NULL);
INSERT INTO `glpi_filesystems` VALUES ('9','HPFS',NULL);
INSERT INTO `glpi_filesystems` VALUES ('10','HTFS',NULL);
INSERT INTO `glpi_filesystems` VALUES ('11','JFS',NULL);
INSERT INTO `glpi_filesystems` VALUES ('12','JFS2',NULL);
INSERT INTO `glpi_filesystems` VALUES ('13','NFS',NULL);
INSERT INTO `glpi_filesystems` VALUES ('14','NTFS',NULL);
INSERT INTO `glpi_filesystems` VALUES ('15','ReiserFS',NULL);
INSERT INTO `glpi_filesystems` VALUES ('16','SMBFS',NULL);
INSERT INTO `glpi_filesystems` VALUES ('17','UDF',NULL);
INSERT INTO `glpi_filesystems` VALUES ('18','UFS',NULL);
INSERT INTO `glpi_filesystems` VALUES ('19','XFS',NULL);
INSERT INTO `glpi_filesystems` VALUES ('20','ZFS',NULL);

### Dump table glpi_groups

DROP TABLE IF EXISTS `glpi_groups`;
CREATE TABLE `glpi_groups` (
  `id` int(11) NOT NULL AUTO_INCREMENT,
  `entities_id` int(11) NOT NULL DEFAULT '0',
  `is_recursive` tinyint(1) NOT NULL DEFAULT '0',
  `name` varchar(255) COLLATE utf8_unicode_ci DEFAULT NULL,
  `comment` text COLLATE utf8_unicode_ci,
  `ldap_field` varchar(255) COLLATE utf8_unicode_ci DEFAULT NULL,
  `ldap_value` text COLLATE utf8_unicode_ci,
  `ldap_group_dn` text COLLATE utf8_unicode_ci,
  `date_mod` datetime DEFAULT NULL,
  `groups_id` int(11) NOT NULL DEFAULT '0',
  `completename` text COLLATE utf8_unicode_ci,
  `level` int(11) NOT NULL DEFAULT '0',
  `ancestors_cache` longtext COLLATE utf8_unicode_ci,
  `sons_cache` longtext COLLATE utf8_unicode_ci,
  `is_requester` tinyint(1) NOT NULL DEFAULT '1',
  `is_assign` tinyint(1) NOT NULL DEFAULT '1',
  `is_notify` tinyint(1) NOT NULL DEFAULT '1',
  `is_itemgroup` tinyint(1) NOT NULL DEFAULT '1',
  `is_usergroup` tinyint(1) NOT NULL DEFAULT '1',
  PRIMARY KEY (`id`),
  KEY `name` (`name`),
  KEY `ldap_field` (`ldap_field`),
  KEY `entities_id` (`entities_id`),
  KEY `date_mod` (`date_mod`),
  KEY `ldap_value` (`ldap_value`(200)),
  KEY `ldap_group_dn` (`ldap_group_dn`(200)),
  KEY `groups_id` (`groups_id`),
  KEY `is_requester` (`is_requester`),
  KEY `is_assign` (`is_assign`),
  KEY `is_notify` (`is_notify`),
  KEY `is_itemgroup` (`is_itemgroup`),
  KEY `is_usergroup` (`is_usergroup`)
) ENGINE=MyISAM  DEFAULT CHARSET=utf8 COLLATE=utf8_unicode_ci;

INSERT INTO `glpi_groups` VALUES ('1','0','0','BOSSdev','',NULL,NULL,NULL,'2012-05-14 07:47:49','0','BOSSdev','1',NULL,'{\"1\":\"1\"}','1','1','1','1','1');
INSERT INTO `glpi_groups` VALUES ('2','0','0','Flexaspect','',NULL,NULL,NULL,'2012-05-14 07:48:04','0','Flexaspect','1',NULL,'{\"2\":\"2\"}','1','1','1','1','1');
INSERT INTO `glpi_groups` VALUES ('3','0','0','Ukad','',NULL,NULL,NULL,'2012-05-14 07:48:21','0','Ukad','1',NULL,'{\"3\":\"3\"}','1','1','1','1','1');
INSERT INTO `glpi_groups` VALUES ('4','0','0','Flexaspect-users','',NULL,NULL,NULL,'2012-06-25 05:15:02','0','Flexaspect-users','1',NULL,'{\"4\":\"4\"}','1','1','1','1','1');
INSERT INTO `glpi_groups` VALUES ('5','0','0','Ukad-users','',NULL,NULL,NULL,'2012-06-25 05:15:10','0','Ukad-users','1',NULL,'{\"5\":\"5\"}','1','1','1','1','1');

### Dump table glpi_groups_knowbaseitems

DROP TABLE IF EXISTS `glpi_groups_knowbaseitems`;
CREATE TABLE `glpi_groups_knowbaseitems` (
  `id` int(11) NOT NULL AUTO_INCREMENT,
  `knowbaseitems_id` int(11) NOT NULL DEFAULT '0',
  `groups_id` int(11) NOT NULL DEFAULT '0',
  `entities_id` int(11) NOT NULL DEFAULT '-1',
  `is_recursive` tinyint(1) NOT NULL DEFAULT '0',
  PRIMARY KEY (`id`),
  KEY `knowbaseitems_id` (`knowbaseitems_id`),
  KEY `groups_id` (`groups_id`),
  KEY `entities_id` (`entities_id`),
  KEY `is_recursive` (`is_recursive`)
) ENGINE=MyISAM DEFAULT CHARSET=utf8 COLLATE=utf8_unicode_ci;


### Dump table glpi_groups_problems

DROP TABLE IF EXISTS `glpi_groups_problems`;
CREATE TABLE `glpi_groups_problems` (
  `id` int(11) NOT NULL AUTO_INCREMENT,
  `problems_id` int(11) NOT NULL DEFAULT '0',
  `groups_id` int(11) NOT NULL DEFAULT '0',
  `type` int(11) NOT NULL DEFAULT '1',
  PRIMARY KEY (`id`),
  UNIQUE KEY `unicity` (`problems_id`,`type`,`groups_id`),
  KEY `group` (`groups_id`,`type`)
) ENGINE=MyISAM DEFAULT CHARSET=utf8 COLLATE=utf8_unicode_ci;


### Dump table glpi_groups_reminders

DROP TABLE IF EXISTS `glpi_groups_reminders`;
CREATE TABLE `glpi_groups_reminders` (
  `id` int(11) NOT NULL AUTO_INCREMENT,
  `reminders_id` int(11) NOT NULL DEFAULT '0',
  `groups_id` int(11) NOT NULL DEFAULT '0',
  `entities_id` int(11) NOT NULL DEFAULT '-1',
  `is_recursive` tinyint(1) NOT NULL DEFAULT '0',
  PRIMARY KEY (`id`),
  KEY `reminders_id` (`reminders_id`),
  KEY `groups_id` (`groups_id`),
  KEY `entities_id` (`entities_id`),
  KEY `is_recursive` (`is_recursive`)
) ENGINE=MyISAM DEFAULT CHARSET=utf8 COLLATE=utf8_unicode_ci;


### Dump table glpi_groups_tickets

DROP TABLE IF EXISTS `glpi_groups_tickets`;
CREATE TABLE `glpi_groups_tickets` (
  `id` int(11) NOT NULL AUTO_INCREMENT,
  `tickets_id` int(11) NOT NULL DEFAULT '0',
  `groups_id` int(11) NOT NULL DEFAULT '0',
  `type` int(11) NOT NULL DEFAULT '1',
  PRIMARY KEY (`id`),
  UNIQUE KEY `unicity` (`tickets_id`,`type`,`groups_id`),
  KEY `group` (`groups_id`,`type`)
) ENGINE=MyISAM DEFAULT CHARSET=utf8 COLLATE=utf8_unicode_ci;


### Dump table glpi_groups_users

DROP TABLE IF EXISTS `glpi_groups_users`;
CREATE TABLE `glpi_groups_users` (
  `id` int(11) NOT NULL AUTO_INCREMENT,
  `users_id` int(11) NOT NULL DEFAULT '0',
  `groups_id` int(11) NOT NULL DEFAULT '0',
  `is_dynamic` tinyint(1) NOT NULL DEFAULT '0',
  `is_manager` tinyint(1) NOT NULL DEFAULT '0',
  `is_userdelegate` tinyint(1) NOT NULL DEFAULT '0',
  PRIMARY KEY (`id`),
  UNIQUE KEY `unicity` (`users_id`,`groups_id`),
  KEY `groups_id` (`groups_id`),
  KEY `is_manager` (`is_manager`),
  KEY `is_userdelegate` (`is_userdelegate`)
) ENGINE=MyISAM  DEFAULT CHARSET=utf8 COLLATE=utf8_unicode_ci;

INSERT INTO `glpi_groups_users` VALUES ('144','10','4','0','0','0');
INSERT INTO `glpi_groups_users` VALUES ('117','36','4','0','0','0');
INSERT INTO `glpi_groups_users` VALUES ('111','30','4','0','0','0');
INSERT INTO `glpi_groups_users` VALUES ('106','21','4','0','0','0');
INSERT INTO `glpi_groups_users` VALUES ('112','31','4','0','0','0');
INSERT INTO `glpi_groups_users` VALUES ('109','27','4','0','0','0');
INSERT INTO `glpi_groups_users` VALUES ('108','26','4','0','0','0');
INSERT INTO `glpi_groups_users` VALUES ('107','23','4','0','0','0');
INSERT INTO `glpi_groups_users` VALUES ('98','9','4','0','0','0');
INSERT INTO `glpi_groups_users` VALUES ('100','11','4','0','0','0');
INSERT INTO `glpi_groups_users` VALUES ('104','19','4','0','0','0');
INSERT INTO `glpi_groups_users` VALUES ('105','20','4','0','0','0');
INSERT INTO `glpi_groups_users` VALUES ('101','13','4','0','0','0');
INSERT INTO `glpi_groups_users` VALUES ('102','15','4','0','0','0');
INSERT INTO `glpi_groups_users` VALUES ('115','34','4','0','0','0');
INSERT INTO `glpi_groups_users` VALUES ('114','33','4','0','0','0');
INSERT INTO `glpi_groups_users` VALUES ('110','29','4','0','0','0');
INSERT INTO `glpi_groups_users` VALUES ('118','38','4','0','0','0');
INSERT INTO `glpi_groups_users` VALUES ('96','7','4','0','0','0');
INSERT INTO `glpi_groups_users` VALUES ('145','8','4','0','0','0');
INSERT INTO `glpi_groups_users` VALUES ('103','18','4','0','0','0');
INSERT INTO `glpi_groups_users` VALUES ('116','35','4','0','0','0');
INSERT INTO `glpi_groups_users` VALUES ('113','32','4','0','0','0');
INSERT INTO `glpi_groups_users` VALUES ('73','6','5','0','0','0');
INSERT INTO `glpi_groups_users` VALUES ('74','12','5','0','0','0');
INSERT INTO `glpi_groups_users` VALUES ('75','16','5','0','0','0');
INSERT INTO `glpi_groups_users` VALUES ('76','17','5','0','0','0');
INSERT INTO `glpi_groups_users` VALUES ('77','22','5','0','0','0');
INSERT INTO `glpi_groups_users` VALUES ('78','24','5','0','0','0');
INSERT INTO `glpi_groups_users` VALUES ('79','25','5','0','0','0');
INSERT INTO `glpi_groups_users` VALUES ('80','28','5','0','0','0');
INSERT INTO `glpi_groups_users` VALUES ('81','37','5','0','0','0');
INSERT INTO `glpi_groups_users` VALUES ('82','39','5','0','0','0');
INSERT INTO `glpi_groups_users` VALUES ('83','43','5','0','0','0');
INSERT INTO `glpi_groups_users` VALUES ('84','45','5','0','0','0');
INSERT INTO `glpi_groups_users` VALUES ('85','47','5','0','0','0');
INSERT INTO `glpi_groups_users` VALUES ('86','50','5','0','0','0');
INSERT INTO `glpi_groups_users` VALUES ('87','54','5','0','0','0');
INSERT INTO `glpi_groups_users` VALUES ('88','58','5','0','0','0');
INSERT INTO `glpi_groups_users` VALUES ('89','60','5','0','0','0');
INSERT INTO `glpi_groups_users` VALUES ('90','62','5','0','0','0');
INSERT INTO `glpi_groups_users` VALUES ('91','64','5','0','0','0');
INSERT INTO `glpi_groups_users` VALUES ('92','68','5','0','0','0');
INSERT INTO `glpi_groups_users` VALUES ('93','69','5','0','0','0');
INSERT INTO `glpi_groups_users` VALUES ('94','70','5','0','0','0');
INSERT INTO `glpi_groups_users` VALUES ('95','73','5','0','0','0');
INSERT INTO `glpi_groups_users` VALUES ('119','40','4','0','0','0');
INSERT INTO `glpi_groups_users` VALUES ('120','41','4','0','0','0');
INSERT INTO `glpi_groups_users` VALUES ('121','42','4','0','0','0');
INSERT INTO `glpi_groups_users` VALUES ('122','44','4','0','0','0');
INSERT INTO `glpi_groups_users` VALUES ('123','46','4','0','0','0');
INSERT INTO `glpi_groups_users` VALUES ('124','48','4','0','0','0');
INSERT INTO `glpi_groups_users` VALUES ('125','49','4','0','0','0');
INSERT INTO `glpi_groups_users` VALUES ('126','51','4','0','0','0');
INSERT INTO `glpi_groups_users` VALUES ('127','52','4','0','0','0');
INSERT INTO `glpi_groups_users` VALUES ('128','53','4','0','0','0');
INSERT INTO `glpi_groups_users` VALUES ('129','55','4','0','0','0');
INSERT INTO `glpi_groups_users` VALUES ('130','56','4','0','0','0');
INSERT INTO `glpi_groups_users` VALUES ('131','57','4','0','0','0');
INSERT INTO `glpi_groups_users` VALUES ('132','61','4','0','0','0');
INSERT INTO `glpi_groups_users` VALUES ('133','63','4','0','0','0');
INSERT INTO `glpi_groups_users` VALUES ('134','65','4','0','0','0');
INSERT INTO `glpi_groups_users` VALUES ('135','66','4','0','0','0');
INSERT INTO `glpi_groups_users` VALUES ('136','67','4','0','0','0');
INSERT INTO `glpi_groups_users` VALUES ('137','74','4','0','0','0');
INSERT INTO `glpi_groups_users` VALUES ('138','75','4','0','0','0');
INSERT INTO `glpi_groups_users` VALUES ('139','76','4','0','0','0');
INSERT INTO `glpi_groups_users` VALUES ('140','77','4','0','0','0');
INSERT INTO `glpi_groups_users` VALUES ('146','79','5','0','0','0');
INSERT INTO `glpi_groups_users` VALUES ('147','80','5','0','0','0');

### Dump table glpi_holidays

DROP TABLE IF EXISTS `glpi_holidays`;
CREATE TABLE `glpi_holidays` (
  `id` int(11) NOT NULL AUTO_INCREMENT,
  `name` varchar(255) COLLATE utf8_unicode_ci DEFAULT NULL,
  `entities_id` int(11) NOT NULL DEFAULT '0',
  `is_recursive` tinyint(1) NOT NULL DEFAULT '0',
  `comment` text COLLATE utf8_unicode_ci,
  `begin_date` date DEFAULT NULL,
  `end_date` date DEFAULT NULL,
  `is_perpetual` tinyint(1) NOT NULL DEFAULT '0',
  PRIMARY KEY (`id`),
  KEY `name` (`name`),
  KEY `begin_date` (`begin_date`),
  KEY `end_date` (`end_date`),
  KEY `is_perpetual` (`is_perpetual`)
) ENGINE=MyISAM DEFAULT CHARSET=utf8 COLLATE=utf8_unicode_ci;


### Dump table glpi_infocoms

DROP TABLE IF EXISTS `glpi_infocoms`;
CREATE TABLE `glpi_infocoms` (
  `id` int(11) NOT NULL AUTO_INCREMENT,
  `items_id` int(11) NOT NULL DEFAULT '0',
  `itemtype` varchar(100) COLLATE utf8_unicode_ci NOT NULL,
  `entities_id` int(11) NOT NULL DEFAULT '0',
  `is_recursive` tinyint(1) NOT NULL DEFAULT '0',
  `buy_date` date DEFAULT NULL,
  `use_date` date DEFAULT NULL,
  `warranty_duration` int(11) NOT NULL DEFAULT '0',
  `warranty_info` varchar(255) COLLATE utf8_unicode_ci DEFAULT NULL,
  `suppliers_id` int(11) NOT NULL DEFAULT '0',
  `order_number` varchar(255) COLLATE utf8_unicode_ci DEFAULT NULL,
  `delivery_number` varchar(255) COLLATE utf8_unicode_ci DEFAULT NULL,
  `immo_number` varchar(255) COLLATE utf8_unicode_ci DEFAULT NULL,
  `value` decimal(20,4) NOT NULL DEFAULT '0.0000',
  `warranty_value` decimal(20,4) NOT NULL DEFAULT '0.0000',
  `sink_time` int(11) NOT NULL DEFAULT '0',
  `sink_type` int(11) NOT NULL DEFAULT '0',
  `sink_coeff` float NOT NULL DEFAULT '0',
  `comment` text COLLATE utf8_unicode_ci,
  `bill` varchar(255) COLLATE utf8_unicode_ci DEFAULT NULL,
  `budgets_id` int(11) NOT NULL DEFAULT '0',
  `alert` int(11) NOT NULL DEFAULT '0',
  `order_date` date DEFAULT NULL,
  `delivery_date` date DEFAULT NULL,
  `inventory_date` date DEFAULT NULL,
  `warranty_date` date DEFAULT NULL,
  PRIMARY KEY (`id`),
  UNIQUE KEY `unicity` (`itemtype`,`items_id`),
  KEY `buy_date` (`buy_date`),
  KEY `alert` (`alert`),
  KEY `budgets_id` (`budgets_id`),
  KEY `suppliers_id` (`suppliers_id`),
  KEY `entities_id` (`entities_id`),
  KEY `is_recursive` (`is_recursive`)
) ENGINE=MyISAM DEFAULT CHARSET=utf8 COLLATE=utf8_unicode_ci;


### Dump table glpi_interfacetypes

DROP TABLE IF EXISTS `glpi_interfacetypes`;
CREATE TABLE `glpi_interfacetypes` (
  `id` int(11) NOT NULL AUTO_INCREMENT,
  `name` varchar(255) COLLATE utf8_unicode_ci DEFAULT NULL,
  `comment` text COLLATE utf8_unicode_ci,
  PRIMARY KEY (`id`),
  KEY `name` (`name`)
) ENGINE=MyISAM  DEFAULT CHARSET=utf8 COLLATE=utf8_unicode_ci;

INSERT INTO `glpi_interfacetypes` VALUES ('1','IDE',NULL);
INSERT INTO `glpi_interfacetypes` VALUES ('2','SATA',NULL);
INSERT INTO `glpi_interfacetypes` VALUES ('3','SCSI',NULL);
INSERT INTO `glpi_interfacetypes` VALUES ('4','USB',NULL);
INSERT INTO `glpi_interfacetypes` VALUES ('5','AGP','');
INSERT INTO `glpi_interfacetypes` VALUES ('6','PCI','');
INSERT INTO `glpi_interfacetypes` VALUES ('7','PCIe','');
INSERT INTO `glpi_interfacetypes` VALUES ('8','PCI-X','');
INSERT INTO `glpi_interfacetypes` VALUES ('9','PCI-EX','');
INSERT INTO `glpi_interfacetypes` VALUES ('10','SATA2','');
INSERT INTO `glpi_interfacetypes` VALUES ('11','SATA3','');

### Dump table glpi_items_problems

DROP TABLE IF EXISTS `glpi_items_problems`;
CREATE TABLE `glpi_items_problems` (
  `id` int(11) NOT NULL AUTO_INCREMENT,
  `problems_id` int(11) NOT NULL DEFAULT '0',
  `itemtype` varchar(100) COLLATE utf8_unicode_ci DEFAULT NULL,
  `items_id` int(11) NOT NULL DEFAULT '0',
  PRIMARY KEY (`id`),
  UNIQUE KEY `unicity` (`problems_id`,`itemtype`,`items_id`),
  KEY `item` (`itemtype`,`items_id`)
) ENGINE=MyISAM DEFAULT CHARSET=utf8 COLLATE=utf8_unicode_ci;


### Dump table glpi_itilcategories

DROP TABLE IF EXISTS `glpi_itilcategories`;
CREATE TABLE `glpi_itilcategories` (
  `id` int(11) NOT NULL AUTO_INCREMENT,
  `entities_id` int(11) NOT NULL DEFAULT '0',
  `is_recursive` tinyint(1) NOT NULL DEFAULT '0',
  `itilcategories_id` int(11) NOT NULL DEFAULT '0',
  `name` varchar(255) COLLATE utf8_unicode_ci DEFAULT NULL,
  `completename` text COLLATE utf8_unicode_ci,
  `comment` text COLLATE utf8_unicode_ci,
  `level` int(11) NOT NULL DEFAULT '0',
  `knowbaseitemcategories_id` int(11) NOT NULL DEFAULT '0',
  `users_id` int(11) NOT NULL DEFAULT '0',
  `groups_id` int(11) NOT NULL DEFAULT '0',
  `ancestors_cache` longtext COLLATE utf8_unicode_ci,
  `sons_cache` longtext COLLATE utf8_unicode_ci,
  `is_helpdeskvisible` tinyint(1) NOT NULL DEFAULT '1',
  `tickettemplates_id_incident` int(11) NOT NULL DEFAULT '0',
  `tickettemplates_id_demand` int(11) NOT NULL DEFAULT '0',
  `is_incident` int(11) NOT NULL DEFAULT '1',
  `is_request` int(11) NOT NULL DEFAULT '1',
  `is_problem` int(11) NOT NULL DEFAULT '1',
  PRIMARY KEY (`id`),
  KEY `name` (`name`),
  KEY `entities_id` (`entities_id`),
  KEY `is_recursive` (`is_recursive`),
  KEY `knowbaseitemcategories_id` (`knowbaseitemcategories_id`),
  KEY `users_id` (`users_id`),
  KEY `groups_id` (`groups_id`),
  KEY `is_helpdeskvisible` (`is_helpdeskvisible`),
  KEY `itilcategories_id` (`itilcategories_id`),
  KEY `tickettemplates_id_incident` (`tickettemplates_id_incident`),
  KEY `tickettemplates_id_demand` (`tickettemplates_id_demand`),
  KEY `is_incident` (`is_incident`),
  KEY `is_request` (`is_request`),
  KEY `is_problem` (`is_problem`)
) ENGINE=MyISAM DEFAULT CHARSET=utf8 COLLATE=utf8_unicode_ci;


### Dump table glpi_knowbaseitemcategories

DROP TABLE IF EXISTS `glpi_knowbaseitemcategories`;
CREATE TABLE `glpi_knowbaseitemcategories` (
  `id` int(11) NOT NULL AUTO_INCREMENT,
  `entities_id` int(11) NOT NULL DEFAULT '0',
  `is_recursive` tinyint(1) NOT NULL DEFAULT '0',
  `knowbaseitemcategories_id` int(11) NOT NULL DEFAULT '0',
  `name` varchar(255) COLLATE utf8_unicode_ci DEFAULT NULL,
  `completename` text COLLATE utf8_unicode_ci,
  `comment` text COLLATE utf8_unicode_ci,
  `level` int(11) NOT NULL DEFAULT '0',
  `sons_cache` longtext COLLATE utf8_unicode_ci,
  `ancestors_cache` longtext COLLATE utf8_unicode_ci,
  PRIMARY KEY (`id`),
  UNIQUE KEY `unicity` (`entities_id`,`knowbaseitemcategories_id`,`name`),
  KEY `name` (`name`),
  KEY `entities_id` (`entities_id`),
  KEY `is_recursive` (`is_recursive`)
) ENGINE=MyISAM DEFAULT CHARSET=utf8 COLLATE=utf8_unicode_ci;


### Dump table glpi_knowbaseitems

DROP TABLE IF EXISTS `glpi_knowbaseitems`;
CREATE TABLE `glpi_knowbaseitems` (
  `id` int(11) NOT NULL AUTO_INCREMENT,
  `knowbaseitemcategories_id` int(11) NOT NULL DEFAULT '0',
  `name` text COLLATE utf8_unicode_ci,
  `answer` longtext COLLATE utf8_unicode_ci,
  `is_faq` tinyint(1) NOT NULL DEFAULT '0',
  `users_id` int(11) NOT NULL DEFAULT '0',
  `view` int(11) NOT NULL DEFAULT '0',
  `date` datetime DEFAULT NULL,
  `date_mod` datetime DEFAULT NULL,
  PRIMARY KEY (`id`),
  KEY `users_id` (`users_id`),
  KEY `knowbaseitemcategories_id` (`knowbaseitemcategories_id`),
  KEY `is_faq` (`is_faq`),
  KEY `date_mod` (`date_mod`),
  FULLTEXT KEY `fulltext` (`name`,`answer`)
) ENGINE=MyISAM DEFAULT CHARSET=utf8 COLLATE=utf8_unicode_ci;


### Dump table glpi_knowbaseitems_profiles

DROP TABLE IF EXISTS `glpi_knowbaseitems_profiles`;
CREATE TABLE `glpi_knowbaseitems_profiles` (
  `id` int(11) NOT NULL AUTO_INCREMENT,
  `knowbaseitems_id` int(11) NOT NULL DEFAULT '0',
  `profiles_id` int(11) NOT NULL DEFAULT '0',
  `entities_id` int(11) NOT NULL DEFAULT '-1',
  `is_recursive` tinyint(1) NOT NULL DEFAULT '0',
  PRIMARY KEY (`id`),
  KEY `knowbaseitems_id` (`knowbaseitems_id`),
  KEY `profiles_id` (`profiles_id`),
  KEY `entities_id` (`entities_id`),
  KEY `is_recursive` (`is_recursive`)
) ENGINE=MyISAM DEFAULT CHARSET=utf8 COLLATE=utf8_unicode_ci;


### Dump table glpi_knowbaseitems_users

DROP TABLE IF EXISTS `glpi_knowbaseitems_users`;
CREATE TABLE `glpi_knowbaseitems_users` (
  `id` int(11) NOT NULL AUTO_INCREMENT,
  `knowbaseitems_id` int(11) NOT NULL DEFAULT '0',
  `users_id` int(11) NOT NULL DEFAULT '0',
  PRIMARY KEY (`id`),
  KEY `knowbaseitems_id` (`knowbaseitems_id`),
  KEY `users_id` (`users_id`)
) ENGINE=MyISAM DEFAULT CHARSET=utf8 COLLATE=utf8_unicode_ci;


### Dump table glpi_links

DROP TABLE IF EXISTS `glpi_links`;
CREATE TABLE `glpi_links` (
  `id` int(11) NOT NULL AUTO_INCREMENT,
  `entities_id` int(11) NOT NULL DEFAULT '0',
  `is_recursive` tinyint(1) NOT NULL DEFAULT '1',
  `name` varchar(255) COLLATE utf8_unicode_ci DEFAULT NULL,
  `link` varchar(255) COLLATE utf8_unicode_ci DEFAULT NULL,
  `data` text COLLATE utf8_unicode_ci,
  PRIMARY KEY (`id`),
  KEY `entities_id` (`entities_id`)
) ENGINE=MyISAM DEFAULT CHARSET=utf8 COLLATE=utf8_unicode_ci;


### Dump table glpi_links_itemtypes

DROP TABLE IF EXISTS `glpi_links_itemtypes`;
CREATE TABLE `glpi_links_itemtypes` (
  `id` int(11) NOT NULL AUTO_INCREMENT,
  `links_id` int(11) NOT NULL DEFAULT '0',
  `itemtype` varchar(100) COLLATE utf8_unicode_ci NOT NULL,
  PRIMARY KEY (`id`),
  UNIQUE KEY `unicity` (`itemtype`,`links_id`),
  KEY `links_id` (`links_id`)
) ENGINE=MyISAM DEFAULT CHARSET=utf8 COLLATE=utf8_unicode_ci;


### Dump table glpi_locations

DROP TABLE IF EXISTS `glpi_locations`;
CREATE TABLE `glpi_locations` (
  `id` int(11) NOT NULL AUTO_INCREMENT,
  `entities_id` int(11) NOT NULL DEFAULT '0',
  `is_recursive` tinyint(1) NOT NULL DEFAULT '0',
  `name` varchar(255) COLLATE utf8_unicode_ci DEFAULT NULL,
  `locations_id` int(11) NOT NULL DEFAULT '0',
  `completename` text COLLATE utf8_unicode_ci,
  `comment` text COLLATE utf8_unicode_ci,
  `level` int(11) NOT NULL DEFAULT '0',
  `ancestors_cache` longtext COLLATE utf8_unicode_ci,
  `sons_cache` longtext COLLATE utf8_unicode_ci,
  `building` varchar(255) COLLATE utf8_unicode_ci DEFAULT NULL,
  `room` varchar(255) COLLATE utf8_unicode_ci DEFAULT NULL,
  PRIMARY KEY (`id`),
  UNIQUE KEY `unicity` (`entities_id`,`locations_id`,`name`),
  KEY `locations_id` (`locations_id`),
  KEY `name` (`name`),
  KEY `is_recursive` (`is_recursive`)
) ENGINE=MyISAM  DEFAULT CHARSET=utf8 COLLATE=utf8_unicode_ci;

INSERT INTO `glpi_locations` VALUES ('1','0','0','201','0','201','','1',NULL,'{\"1\":\"1\"}','','');
INSERT INTO `glpi_locations` VALUES ('2','0','0','202','0','202','','1',NULL,NULL,'','');
INSERT INTO `glpi_locations` VALUES ('3','0','0','203','0','203','','1',NULL,NULL,'','');
INSERT INTO `glpi_locations` VALUES ('4','0','0','204','0','204','','1',NULL,NULL,'','');
INSERT INTO `glpi_locations` VALUES ('5','0','0','205','0','205','','1',NULL,NULL,'','');
INSERT INTO `glpi_locations` VALUES ('6','0','0','206','0','206','','1',NULL,NULL,'','');
INSERT INTO `glpi_locations` VALUES ('7','0','0','207','0','207','','1',NULL,NULL,'','');
INSERT INTO `glpi_locations` VALUES ('8','0','0','301','0','301','','1',NULL,NULL,'','');
INSERT INTO `glpi_locations` VALUES ('9','0','0','302','0','302','','1',NULL,NULL,'','');
INSERT INTO `glpi_locations` VALUES ('10','0','0','303','0','303','','1',NULL,NULL,'','');
INSERT INTO `glpi_locations` VALUES ('11','0','0','304','0','304','','1',NULL,NULL,'','');
INSERT INTO `glpi_locations` VALUES ('12','0','0','305','0','305','','1',NULL,NULL,'','');
INSERT INTO `glpi_locations` VALUES ('13','0','0','306','0','306','','1',NULL,NULL,'','');
INSERT INTO `glpi_locations` VALUES ('14','0','0','307','0','307','','1',NULL,NULL,'','');

### Dump table glpi_logs

DROP TABLE IF EXISTS `glpi_logs`;
CREATE TABLE `glpi_logs` (
  `id` int(11) NOT NULL AUTO_INCREMENT,
  `itemtype` varchar(100) COLLATE utf8_unicode_ci NOT NULL DEFAULT '',
  `items_id` int(11) NOT NULL DEFAULT '0',
  `itemtype_link` varchar(100) COLLATE utf8_unicode_ci NOT NULL DEFAULT '',
  `linked_action` int(11) NOT NULL DEFAULT '0' COMMENT 'see define.php HISTORY_* constant',
  `user_name` varchar(255) COLLATE utf8_unicode_ci DEFAULT NULL,
  `date_mod` datetime DEFAULT NULL,
  `id_search_option` int(11) NOT NULL DEFAULT '0' COMMENT 'see search.constant.php for value',
  `old_value` varchar(255) COLLATE utf8_unicode_ci DEFAULT NULL,
  `new_value` varchar(255) COLLATE utf8_unicode_ci DEFAULT NULL,
  PRIMARY KEY (`id`),
  KEY `date_mod` (`date_mod`),
  KEY `itemtype_link` (`itemtype_link`),
  KEY `item` (`itemtype`,`items_id`)
) ENGINE=MyISAM  DEFAULT CHARSET=utf8 COLLATE=utf8_unicode_ci;

INSERT INTO `glpi_logs` VALUES ('1','User','5','','0','glpi','2012-05-14 07:22:49','8','1','0');
INSERT INTO `glpi_logs` VALUES ('2','User','3','','0','glpi','2012-05-14 07:23:10','8','1','0');
INSERT INTO `glpi_logs` VALUES ('3','User','4','','0','glpi','2012-05-14 07:23:23','8','1','0');
INSERT INTO `glpi_logs` VALUES ('4','User','2','','0','glpi','2012-05-14 07:35:33','17','','ru_RU');
INSERT INTO `glpi_logs` VALUES ('5','User','6','Profile_User','17','glpi','2012-05-14 07:37:30','0','','Self-Service,  , D');
INSERT INTO `glpi_logs` VALUES ('6','User','6','0','20','glpi','2012-05-14 07:37:30','0','','');
INSERT INTO `glpi_logs` VALUES ('7','User','7','Profile_User','17','glpi','2012-05-14 07:38:09','0','','Self-Service,  , D');
INSERT INTO `glpi_logs` VALUES ('8','User','7','0','20','glpi','2012-05-14 07:38:09','0','','');
INSERT INTO `glpi_logs` VALUES ('9','User','8','Profile_User','17','glpi','2012-05-14 07:39:27','0','','Self-Service,  , D');
INSERT INTO `glpi_logs` VALUES ('10','User','8','0','20','glpi','2012-05-14 07:39:27','0','','');
INSERT INTO `glpi_logs` VALUES ('11','User','9','Profile_User','17','glpi','2012-05-14 07:40:48','0','','Self-Service,  , D');
INSERT INTO `glpi_logs` VALUES ('12','User','9','0','20','glpi','2012-05-14 07:40:48','0','','');
INSERT INTO `glpi_logs` VALUES ('13','User','7','Profile_User','17','glpi','2012-05-14 07:43:15','0','','Admin,  ');
INSERT INTO `glpi_logs` VALUES ('14','User','6','Profile_User','17','glpi','2012-05-14 07:43:40','0','','Admin,  ');
INSERT INTO `glpi_logs` VALUES ('15','User','6','Profile_User','17','glpi','2012-05-14 07:43:46','0','','Admin,  ');
INSERT INTO `glpi_logs` VALUES ('16','User','6','Profile_User','19','glpi','2012-05-14 07:43:55','0','Self-Service,  , D','');
INSERT INTO `glpi_logs` VALUES ('17','User','6','Profile_User','19','glpi','2012-05-14 07:44:00','0','Admin,  ','');
INSERT INTO `glpi_logs` VALUES ('18','User','8','Profile_User','19','glpi','2012-05-14 07:44:15','0','Self-Service,  , D','');
INSERT INTO `glpi_logs` VALUES ('19','User','8','Profile_User','17','glpi','2012-05-14 07:44:20','0','','Admin,  ');
INSERT INTO `glpi_logs` VALUES ('20','User','9','Profile_User','19','glpi','2012-05-14 07:44:33','0','Self-Service,  , D','');
INSERT INTO `glpi_logs` VALUES ('21','User','9','Profile_User','17','glpi','2012-05-14 07:44:39','0','','Admin,  ');
INSERT INTO `glpi_logs` VALUES ('22','User','7','Profile_User','19','glpi','2012-05-14 07:44:53','0','Self-Service,  , D','');
INSERT INTO `glpi_logs` VALUES ('23','User','9','','0','Vilkhivskiy Dmitry','2012-05-14 07:45:26','17','','ru_RU');
INSERT INTO `glpi_logs` VALUES ('24','User','9','','0','Vilkhivskiy Dmitry','2012-05-14 07:45:57','81','  ','&nbsp;');
INSERT INTO `glpi_logs` VALUES ('25','User','8','','0','Vilkhivskiy Dmitry','2012-05-14 07:46:29','81','&nbsp;','System Administrator');
INSERT INTO `glpi_logs` VALUES ('26','User','9','','0','Vilkhivskiy Dmitry','2012-05-14 07:46:43','81','&nbsp;','System Administrator');
INSERT INTO `glpi_logs` VALUES ('27','User','10','Profile_User','17','glpi','2012-05-14 07:54:24','0','','Self-Service,  , D');
INSERT INTO `glpi_logs` VALUES ('28','User','10','0','20','glpi','2012-05-14 07:54:24','0','','');
INSERT INTO `glpi_logs` VALUES ('29','User','11','Profile_User','17','glpi','2012-05-14 07:56:47','0','','Self-Service,  , D');
INSERT INTO `glpi_logs` VALUES ('30','User','11','0','20','glpi','2012-05-14 07:56:47','0','','');
INSERT INTO `glpi_logs` VALUES ('31','User','12','Profile_User','17','glpi','2012-05-14 07:57:53','0','','Self-Service,  , D');
INSERT INTO `glpi_logs` VALUES ('32','User','12','0','20','glpi','2012-05-14 07:57:53','0','','');
INSERT INTO `glpi_logs` VALUES ('33','User','13','Profile_User','17','glpi','2012-05-14 08:00:50','0','','Self-Service,  , D');
INSERT INTO `glpi_logs` VALUES ('34','User','13','0','20','glpi','2012-05-14 08:00:50','0','','');
INSERT INTO `glpi_logs` VALUES ('35','User','14','Profile_User','17','glpi','2012-05-14 08:01:15','0','','Self-Service,  , D');
INSERT INTO `glpi_logs` VALUES ('36','User','14','0','20','glpi','2012-05-14 08:01:15','0','','');
INSERT INTO `glpi_logs` VALUES ('37','User','15','Profile_User','17','glpi','2012-05-14 08:01:39','0','','Self-Service,  , D');
INSERT INTO `glpi_logs` VALUES ('38','User','15','0','20','glpi','2012-05-14 08:01:39','0','','');
INSERT INTO `glpi_logs` VALUES ('39','User','16','Profile_User','17','glpi','2012-05-14 08:02:13','0','','Self-Service,  , D');
INSERT INTO `glpi_logs` VALUES ('40','User','16','0','20','glpi','2012-05-14 08:02:13','0','','');
INSERT INTO `glpi_logs` VALUES ('41','User','17','Profile_User','17','glpi','2012-05-14 08:02:39','0','','Self-Service,  , D');
INSERT INTO `glpi_logs` VALUES ('42','User','17','0','20','glpi','2012-05-14 08:02:39','0','','');
INSERT INTO `glpi_logs` VALUES ('43','User','18','Profile_User','17','glpi','2012-05-14 08:03:09','0','','Self-Service,  , D');
INSERT INTO `glpi_logs` VALUES ('44','User','18','0','20','glpi','2012-05-14 08:03:09','0','','');
INSERT INTO `glpi_logs` VALUES ('45','User','19','Profile_User','17','glpi','2012-05-14 08:03:43','0','','Self-Service,  , D');
INSERT INTO `glpi_logs` VALUES ('46','User','19','0','20','glpi','2012-05-14 08:03:43','0','','');
INSERT INTO `glpi_logs` VALUES ('47','User','20','Profile_User','17','glpi','2012-05-14 08:04:10','0','','Self-Service,  , D');
INSERT INTO `glpi_logs` VALUES ('48','User','20','0','20','glpi','2012-05-14 08:04:10','0','','');
INSERT INTO `glpi_logs` VALUES ('49','User','21','Profile_User','17','glpi','2012-05-14 08:04:35','0','','Self-Service,  , D');
INSERT INTO `glpi_logs` VALUES ('50','User','21','0','20','glpi','2012-05-14 08:04:35','0','','');
INSERT INTO `glpi_logs` VALUES ('51','User','22','Profile_User','17','glpi','2012-05-14 08:04:54','0','','Self-Service,  , D');
INSERT INTO `glpi_logs` VALUES ('52','User','22','0','20','glpi','2012-05-14 08:04:54','0','','');
INSERT INTO `glpi_logs` VALUES ('53','User','23','Profile_User','17','glpi','2012-05-14 08:05:14','0','','Self-Service,  , D');
INSERT INTO `glpi_logs` VALUES ('54','User','23','0','20','glpi','2012-05-14 08:05:14','0','','');
INSERT INTO `glpi_logs` VALUES ('55','User','24','Profile_User','17','glpi','2012-05-14 08:05:32','0','','Self-Service,  , D');
INSERT INTO `glpi_logs` VALUES ('56','User','24','0','20','glpi','2012-05-14 08:05:32','0','','');
INSERT INTO `glpi_logs` VALUES ('57','User','25','Profile_User','17','glpi','2012-05-14 08:05:52','0','','Self-Service,  , D');
INSERT INTO `glpi_logs` VALUES ('58','User','25','0','20','glpi','2012-05-14 08:05:52','0','','');
INSERT INTO `glpi_logs` VALUES ('59','User','26','Profile_User','17','glpi','2012-05-14 08:06:15','0','','Self-Service,  , D');
INSERT INTO `glpi_logs` VALUES ('60','User','26','0','20','glpi','2012-05-14 08:06:15','0','','');
INSERT INTO `glpi_logs` VALUES ('61','User','27','Profile_User','17','glpi','2012-05-14 08:06:35','0','','Self-Service,  , D');
INSERT INTO `glpi_logs` VALUES ('62','User','27','0','20','glpi','2012-05-14 08:06:35','0','','');
INSERT INTO `glpi_logs` VALUES ('63','User','28','Profile_User','17','glpi','2012-05-14 08:07:00','0','','Self-Service,  , D');
INSERT INTO `glpi_logs` VALUES ('64','User','28','0','20','glpi','2012-05-14 08:07:00','0','','');
INSERT INTO `glpi_logs` VALUES ('65','User','29','Profile_User','17','glpi','2012-05-14 08:07:31','0','','Self-Service,  , D');
INSERT INTO `glpi_logs` VALUES ('66','User','29','0','20','glpi','2012-05-14 08:07:31','0','','');
INSERT INTO `glpi_logs` VALUES ('67','User','30','Profile_User','17','glpi','2012-05-14 08:07:58','0','','Self-Service,  , D');
INSERT INTO `glpi_logs` VALUES ('68','User','30','0','20','glpi','2012-05-14 08:07:58','0','','');
INSERT INTO `glpi_logs` VALUES ('69','User','31','Profile_User','17','glpi','2012-05-14 08:08:33','0','','Self-Service,  , D');
INSERT INTO `glpi_logs` VALUES ('70','User','31','0','20','glpi','2012-05-14 08:08:33','0','','');
INSERT INTO `glpi_logs` VALUES ('71','User','32','Profile_User','17','glpi','2012-05-14 08:09:00','0','','Self-Service,  , D');
INSERT INTO `glpi_logs` VALUES ('72','User','32','0','20','glpi','2012-05-14 08:09:00','0','','');
INSERT INTO `glpi_logs` VALUES ('73','User','33','Profile_User','17','glpi','2012-05-14 08:09:31','0','','Self-Service,  , D');
INSERT INTO `glpi_logs` VALUES ('74','User','33','0','20','glpi','2012-05-14 08:09:31','0','','');
INSERT INTO `glpi_logs` VALUES ('75','User','34','Profile_User','17','glpi','2012-05-14 08:09:49','0','','Self-Service,  , D');
INSERT INTO `glpi_logs` VALUES ('76','User','34','0','20','glpi','2012-05-14 08:09:49','0','','');
INSERT INTO `glpi_logs` VALUES ('77','User','35','Profile_User','17','glpi','2012-05-14 08:10:23','0','','Self-Service,  , D');
INSERT INTO `glpi_logs` VALUES ('78','User','35','0','20','glpi','2012-05-14 08:10:23','0','','');
INSERT INTO `glpi_logs` VALUES ('79','User','36','Profile_User','17','glpi','2012-05-14 08:10:58','0','','Self-Service,  , D');
INSERT INTO `glpi_logs` VALUES ('80','User','36','0','20','glpi','2012-05-14 08:10:58','0','','');
INSERT INTO `glpi_logs` VALUES ('81','User','37','Profile_User','17','glpi','2012-05-14 08:11:30','0','','Self-Service,  , D');
INSERT INTO `glpi_logs` VALUES ('82','User','37','0','20','glpi','2012-05-14 08:11:30','0','','');
INSERT INTO `glpi_logs` VALUES ('83','User','38','Profile_User','17','glpi','2012-05-14 08:12:03','0','','Self-Service,  , D');
INSERT INTO `glpi_logs` VALUES ('84','User','38','0','20','glpi','2012-05-14 08:12:03','0','','');
INSERT INTO `glpi_logs` VALUES ('85','User','39','Profile_User','17','glpi','2012-05-14 08:12:33','0','','Self-Service,  , D');
INSERT INTO `glpi_logs` VALUES ('86','User','39','0','20','glpi','2012-05-14 08:12:33','0','','');
INSERT INTO `glpi_logs` VALUES ('87','User','40','Profile_User','17','glpi','2012-05-14 08:13:06','0','','Self-Service,  , D');
INSERT INTO `glpi_logs` VALUES ('88','User','40','0','20','glpi','2012-05-14 08:13:06','0','','');
INSERT INTO `glpi_logs` VALUES ('89','User','41','Profile_User','17','glpi','2012-05-14 08:13:29','0','','Self-Service,  , D');
INSERT INTO `glpi_logs` VALUES ('90','User','41','0','20','glpi','2012-05-14 08:13:29','0','','');
INSERT INTO `glpi_logs` VALUES ('91','User','42','Profile_User','17','glpi','2012-05-14 08:14:05','0','','Self-Service,  , D');
INSERT INTO `glpi_logs` VALUES ('92','User','42','0','20','glpi','2012-05-14 08:14:05','0','','');
INSERT INTO `glpi_logs` VALUES ('93','User','43','Profile_User','17','glpi','2012-05-14 08:14:25','0','','Self-Service,  , D');
INSERT INTO `glpi_logs` VALUES ('94','User','43','0','20','glpi','2012-05-14 08:14:25','0','','');
INSERT INTO `glpi_logs` VALUES ('95','User','44','Profile_User','17','glpi','2012-05-14 08:14:41','0','','Self-Service,  , D');
INSERT INTO `glpi_logs` VALUES ('96','User','44','0','20','glpi','2012-05-14 08:14:41','0','','');
INSERT INTO `glpi_logs` VALUES ('97','User','45','Profile_User','17','glpi','2012-05-14 08:15:22','0','','Self-Service,  , D');
INSERT INTO `glpi_logs` VALUES ('98','User','45','0','20','glpi','2012-05-14 08:15:22','0','','');
INSERT INTO `glpi_logs` VALUES ('99','User','46','Profile_User','17','glpi','2012-05-14 08:16:33','0','','Self-Service,  , D');
INSERT INTO `glpi_logs` VALUES ('100','User','46','0','20','glpi','2012-05-14 08:16:33','0','','');
INSERT INTO `glpi_logs` VALUES ('101','User','47','Profile_User','17','glpi','2012-05-14 08:16:51','0','','Self-Service,  , D');
INSERT INTO `glpi_logs` VALUES ('102','User','47','0','20','glpi','2012-05-14 08:16:51','0','','');
INSERT INTO `glpi_logs` VALUES ('103','User','48','Profile_User','17','glpi','2012-05-14 08:17:35','0','','Self-Service,  , D');
INSERT INTO `glpi_logs` VALUES ('104','User','48','0','20','glpi','2012-05-14 08:17:35','0','','');
INSERT INTO `glpi_logs` VALUES ('105','User','49','Profile_User','17','glpi','2012-05-14 08:18:08','0','','Self-Service,  , D');
INSERT INTO `glpi_logs` VALUES ('106','User','49','0','20','glpi','2012-05-14 08:18:08','0','','');
INSERT INTO `glpi_logs` VALUES ('107','User','50','Profile_User','17','glpi','2012-05-14 08:18:26','0','','Self-Service,  , D');
INSERT INTO `glpi_logs` VALUES ('108','User','50','0','20','glpi','2012-05-14 08:18:26','0','','');
INSERT INTO `glpi_logs` VALUES ('109','User','51','Profile_User','17','glpi','2012-05-14 08:18:54','0','','Self-Service,  , D');
INSERT INTO `glpi_logs` VALUES ('110','User','51','0','20','glpi','2012-05-14 08:18:54','0','','');
INSERT INTO `glpi_logs` VALUES ('111','User','52','Profile_User','17','glpi','2012-05-14 08:19:31','0','','Self-Service,  , D');
INSERT INTO `glpi_logs` VALUES ('112','User','52','0','20','glpi','2012-05-14 08:19:31','0','','');
INSERT INTO `glpi_logs` VALUES ('113','User','53','Profile_User','17','glpi','2012-05-14 08:19:59','0','','Self-Service,  , D');
INSERT INTO `glpi_logs` VALUES ('114','User','53','0','20','glpi','2012-05-14 08:19:59','0','','');
INSERT INTO `glpi_logs` VALUES ('115','User','54','Profile_User','17','glpi','2012-05-14 08:20:57','0','','Self-Service,  , D');
INSERT INTO `glpi_logs` VALUES ('116','User','54','0','20','glpi','2012-05-14 08:20:57','0','','');
INSERT INTO `glpi_logs` VALUES ('117','User','55','Profile_User','17','glpi','2012-05-14 08:21:48','0','','Self-Service,  , D');
INSERT INTO `glpi_logs` VALUES ('118','User','55','0','20','glpi','2012-05-14 08:21:48','0','','');
INSERT INTO `glpi_logs` VALUES ('119','User','56','Profile_User','17','glpi','2012-05-14 08:22:06','0','','Self-Service,  , D');
INSERT INTO `glpi_logs` VALUES ('120','User','56','0','20','glpi','2012-05-14 08:22:06','0','','');
INSERT INTO `glpi_logs` VALUES ('121','User','57','Profile_User','17','glpi','2012-05-14 08:22:51','0','','Self-Service,  , D');
INSERT INTO `glpi_logs` VALUES ('122','User','57','0','20','glpi','2012-05-14 08:22:51','0','','');
INSERT INTO `glpi_logs` VALUES ('123','User','58','Profile_User','17','glpi','2012-05-14 08:23:14','0','','Self-Service,  , D');
INSERT INTO `glpi_logs` VALUES ('124','User','58','0','20','glpi','2012-05-14 08:23:14','0','','');
INSERT INTO `glpi_logs` VALUES ('125','User','59','Profile_User','17','glpi','2012-05-14 08:23:53','0','','Self-Service,  , D');
INSERT INTO `glpi_logs` VALUES ('126','User','59','0','20','glpi','2012-05-14 08:23:53','0','','');
INSERT INTO `glpi_logs` VALUES ('127','User','60','Profile_User','17','glpi','2012-05-14 08:24:15','0','','Self-Service,  , D');
INSERT INTO `glpi_logs` VALUES ('128','User','60','0','20','glpi','2012-05-14 08:24:15','0','','');
INSERT INTO `glpi_logs` VALUES ('129','User','61','Profile_User','17','glpi','2012-05-14 08:24:50','0','','Self-Service,  , D');
INSERT INTO `glpi_logs` VALUES ('130','User','61','0','20','glpi','2012-05-14 08:24:50','0','','');
INSERT INTO `glpi_logs` VALUES ('131','User','62','Profile_User','17','glpi','2012-05-14 08:25:10','0','','Self-Service,  , D');
INSERT INTO `glpi_logs` VALUES ('132','User','62','0','20','glpi','2012-05-14 08:25:10','0','','');
INSERT INTO `glpi_logs` VALUES ('133','User','63','Profile_User','17','glpi','2012-05-14 08:25:37','0','','Self-Service,  , D');
INSERT INTO `glpi_logs` VALUES ('134','User','63','0','20','glpi','2012-05-14 08:25:37','0','','');
INSERT INTO `glpi_logs` VALUES ('135','User','64','Profile_User','17','glpi','2012-05-14 08:25:59','0','','Self-Service,  , D');
INSERT INTO `glpi_logs` VALUES ('136','User','64','0','20','glpi','2012-05-14 08:25:59','0','','');
INSERT INTO `glpi_logs` VALUES ('137','User','65','Profile_User','17','glpi','2012-05-14 08:26:23','0','','Self-Service,  , D');
INSERT INTO `glpi_logs` VALUES ('138','User','65','0','20','glpi','2012-05-14 08:26:23','0','','');
INSERT INTO `glpi_logs` VALUES ('139','User','66','Profile_User','17','glpi','2012-05-14 08:28:13','0','','Self-Service,  , D');
INSERT INTO `glpi_logs` VALUES ('140','User','66','0','20','glpi','2012-05-14 08:28:13','0','','');
INSERT INTO `glpi_logs` VALUES ('141','User','67','Profile_User','17','glpi','2012-05-14 08:28:28','0','','Self-Service,  , D');
INSERT INTO `glpi_logs` VALUES ('142','User','67','0','20','glpi','2012-05-14 08:28:28','0','','');
INSERT INTO `glpi_logs` VALUES ('143','User','17','','0','glpi','2012-05-14 08:30:13','34','Afanasye','Afanasyev');
INSERT INTO `glpi_logs` VALUES ('144','Location','1','0','20','glpi','2012-05-14 08:38:08','0','','');
INSERT INTO `glpi_logs` VALUES ('145','Location','2','0','20','glpi','2012-05-14 08:38:13','0','','');
INSERT INTO `glpi_logs` VALUES ('146','Location','3','0','20','glpi','2012-05-14 08:38:17','0','','');
INSERT INTO `glpi_logs` VALUES ('147','Location','4','0','20','glpi','2012-05-14 08:38:21','0','','');
INSERT INTO `glpi_logs` VALUES ('148','Location','5','0','20','glpi','2012-05-14 08:38:25','0','','');
INSERT INTO `glpi_logs` VALUES ('149','Location','6','0','20','glpi','2012-05-14 08:38:30','0','','');
INSERT INTO `glpi_logs` VALUES ('150','Location','7','0','20','glpi','2012-05-14 08:38:35','0','','');
INSERT INTO `glpi_logs` VALUES ('151','Monitor','1','0','20','glpi','2012-05-14 08:47:16','0','','');
INSERT INTO `glpi_logs` VALUES ('152','Monitor','2','0','20','glpi','2012-05-14 08:50:35','0','','');
INSERT INTO `glpi_logs` VALUES ('153','Monitor','3','0','20','glpi','2012-05-14 08:54:39','0','','');
INSERT INTO `glpi_logs` VALUES ('154','Monitor','4','0','20','glpi','2012-05-14 08:56:21','0','','');
INSERT INTO `glpi_logs` VALUES ('155','Monitor','5','0','20','glpi','2012-05-14 09:02:21','0','','');
INSERT INTO `glpi_logs` VALUES ('156','Monitor','6','0','20','glpi','2012-05-14 09:05:58','0','','');
INSERT INTO `glpi_logs` VALUES ('157','Monitor','7','0','20','glpi','2012-05-14 09:08:10','0','','');
INSERT INTO `glpi_logs` VALUES ('158','Monitor','8','0','20','glpi','2012-05-14 09:10:11','0','','');
INSERT INTO `glpi_logs` VALUES ('159','Monitor','9','0','20','glpi','2012-05-14 09:12:22','0','','');
INSERT INTO `glpi_logs` VALUES ('160','Monitor','7','','0','glpi','2012-05-14 09:12:33','1','MON007','MON0007');
INSERT INTO `glpi_logs` VALUES ('161','Monitor','6','','0','glpi','2012-05-14 09:12:43','1','MON006','MON0006');
INSERT INTO `glpi_logs` VALUES ('162','Computer','1','0','20','glpi','2012-05-14 09:19:00','0','','');
INSERT INTO `glpi_logs` VALUES ('163','Computer','1','DeviceProcessor','1','glpi','2012-05-14 09:24:16','0','','Pentium E2200');
INSERT INTO `glpi_logs` VALUES ('164','Computer','1','DeviceMotherboard','1','glpi','2012-05-14 09:25:42','0','','S775_P5G-MX');
INSERT INTO `glpi_logs` VALUES ('165','Computer','1','DeviceMemory','1','glpi','2012-05-14 09:28:45','0','','2GB_DDR2_KINGSTON');
INSERT INTO `glpi_logs` VALUES ('166','Computer','1','DeviceMemory','1','glpi','2012-05-14 09:28:53','0','','2GB_DDR2_KINGSTON');
INSERT INTO `glpi_logs` VALUES ('167','Computer','1','DeviceGraphicCard','1','glpi','2012-05-14 09:31:11','0','','EAH4350');
INSERT INTO `glpi_logs` VALUES ('168','Computer','1','DeviceHardDrive','1','glpi','2012-05-14 09:33:47','0','','HD161HJ');
INSERT INTO `glpi_logs` VALUES ('169','Computer','1','Monitor','15','glpi','2012-05-14 09:34:34','0','','MON0001 (1)');
INSERT INTO `glpi_logs` VALUES ('170','Monitor','1','Computer','15','glpi','2012-05-14 09:34:34','0','','PC0001 (1)');
INSERT INTO `glpi_logs` VALUES ('171','Computer','1','Monitor','15','glpi','2012-05-14 09:34:47','0','','MON0002 (2)');
INSERT INTO `glpi_logs` VALUES ('172','Monitor','2','Computer','15','glpi','2012-05-14 09:34:47','0','','PC0001 (1)');
INSERT INTO `glpi_logs` VALUES ('173','Software','1','0','20','glpi','2012-05-14 09:38:13','0','','');
INSERT INTO `glpi_logs` VALUES ('174','Computer','1','','0','glpi','2012-05-14 09:41:25','44','','VP4RF-2WJ8G-C4GC4-97JB7-RYC9D');
INSERT INTO `glpi_logs` VALUES ('175','Computer','2','0','20','glpi','2012-05-14 09:50:06','0','','');
INSERT INTO `glpi_logs` VALUES ('176','Computer','2','DeviceMotherboard','1','glpi','2012-05-14 09:55:25','0','','S1155_GA-H61M-D2-B3');
INSERT INTO `glpi_logs` VALUES ('177','Computer','2','DeviceMemory','1','glpi','2012-05-14 09:56:23','0','','4GB_DDR3_KINGSTON');
INSERT INTO `glpi_logs` VALUES ('178','Computer','2','DeviceProcessor','1','glpi','2012-05-14 09:57:52','0','','i5-2300');
INSERT INTO `glpi_logs` VALUES ('179','Computer','2','DeviceMemory','1','glpi','2012-05-14 09:58:00','0','','4GB_DDR3_KINGSTON');
INSERT INTO `glpi_logs` VALUES ('180','Computer','2','DeviceHardDrive','1','glpi','2012-05-14 10:00:00','0','','HDT721016SLA380');
INSERT INTO `glpi_logs` VALUES ('181','Computer','2','Monitor','15','glpi','2012-05-14 10:03:00','0','','MON0004 (4)');
INSERT INTO `glpi_logs` VALUES ('182','Monitor','4','Computer','15','glpi','2012-05-14 10:03:00','0','','PC0002 (2)');
INSERT INTO `glpi_logs` VALUES ('183','Computer','2','Monitor','15','glpi','2012-05-14 10:03:11','0','','MON0003 (3)');
INSERT INTO `glpi_logs` VALUES ('184','Monitor','3','Computer','15','glpi','2012-05-14 10:03:11','0','','PC0002 (2)');
INSERT INTO `glpi_logs` VALUES ('185','Computer','2','NetworkPort','17','glpi','2012-05-14 10:04:59','0','','  : ID 1 (1)');
INSERT INTO `glpi_logs` VALUES ('186','NetworkPort','1','0','20','glpi','2012-05-14 10:04:59','0','','');
INSERT INTO `glpi_logs` VALUES ('187','Computer','1','NetworkPort','17','glpi','2012-05-14 10:07:15','0','','  : ID 2 (2)');
INSERT INTO `glpi_logs` VALUES ('188','NetworkPort','2','0','20','glpi','2012-05-14 10:07:15','0','','');
INSERT INTO `glpi_logs` VALUES ('189','Computer','3','0','20','glpi','2012-05-14 10:10:48','0','','');
INSERT INTO `glpi_logs` VALUES ('190','Computer','3','DeviceMotherboard','1','glpi','2012-05-14 10:14:07','0','','S1156_GA-P55A-UD3');
INSERT INTO `glpi_logs` VALUES ('191','Computer','3','DeviceProcessor','1','glpi','2012-05-14 10:14:22','0','','i5-760,');
INSERT INTO `glpi_logs` VALUES ('192','Computer','3','DeviceMemory','1','glpi','2012-05-14 10:14:32','0','','4GB_DDR3_KINGSTON');
INSERT INTO `glpi_logs` VALUES ('193','Computer','3','DeviceMemory','1','glpi','2012-05-14 10:14:46','0','','4GB_DDR3_KINGSTON');
INSERT INTO `glpi_logs` VALUES ('194','Computer','3','DeviceMemory','1','glpi','2012-05-14 10:14:46','0','','4GB_DDR3_KINGSTON');
INSERT INTO `glpi_logs` VALUES ('195','Computer','3','DeviceMemory','1','glpi','2012-05-14 10:14:46','0','','4GB_DDR3_KINGSTON');
INSERT INTO `glpi_logs` VALUES ('196','Computer','3','DeviceGraphicCard','1','glpi','2012-05-14 10:16:50','0','','8400GS');
INSERT INTO `glpi_logs` VALUES ('197','Computer','3','DeviceGraphicCard','1','glpi','2012-05-14 10:16:58','0','','GeForce 210 ');
INSERT INTO `glpi_logs` VALUES ('198','Computer','3','DeviceHardDrive','1','glpi','2012-05-14 10:18:45','0','','SH100S3120G ');
INSERT INTO `glpi_logs` VALUES ('199','Computer','3','Monitor','15','glpi','2012-05-14 10:19:08','0','','MON0005 (5)');
INSERT INTO `glpi_logs` VALUES ('200','Monitor','5','Computer','15','glpi','2012-05-14 10:19:08','0','','PC0003 (3)');
INSERT INTO `glpi_logs` VALUES ('201','Computer','3','Monitor','15','glpi','2012-05-14 10:19:20','0','','MON0006 (6)');
INSERT INTO `glpi_logs` VALUES ('202','Monitor','6','Computer','15','glpi','2012-05-14 10:19:20','0','','PC0003 (3)');
INSERT INTO `glpi_logs` VALUES ('203','Computer','3','Monitor','15','glpi','2012-05-14 10:19:30','0','','MON0007 (7)');
INSERT INTO `glpi_logs` VALUES ('204','Monitor','7','Computer','15','glpi','2012-05-14 10:19:30','0','','PC0003 (3)');
INSERT INTO `glpi_logs` VALUES ('205','Computer','2','DeviceGraphicCard','1','glpi','2012-05-14 10:21:04','0','','Integrated');
INSERT INTO `glpi_logs` VALUES ('206','Computer','3','NetworkPort','17','glpi','2012-05-14 10:21:46','0','','  : ID 3 (3)');
INSERT INTO `glpi_logs` VALUES ('207','NetworkPort','3','0','20','glpi','2012-05-14 10:21:46','0','','');
INSERT INTO `glpi_logs` VALUES ('208','Computer','4','0','20','glpi','2012-05-15 02:44:02','0','','');
INSERT INTO `glpi_logs` VALUES ('209','Computer','4','DeviceMotherboard','1','glpi','2012-05-15 02:46:55','0','','S775_P5G41TD-M Pro');
INSERT INTO `glpi_logs` VALUES ('210','Computer','4','DeviceMemory','1','glpi','2012-05-15 02:47:20','0','','4GB_DDR3_KINGSTON');
INSERT INTO `glpi_logs` VALUES ('211','Computer','4','DeviceMemory','1','glpi','2012-05-15 02:47:34','0','','4GB_DDR3_KINGSTON');
INSERT INTO `glpi_logs` VALUES ('212','Computer','4','DeviceGraphicCard','1','glpi','2012-05-15 02:48:11','0','','Integrated');
INSERT INTO `glpi_logs` VALUES ('213','Computer','4','DeviceHardDrive','1','glpi','2012-05-15 02:52:10','0','','HD502HJ ');
INSERT INTO `glpi_logs` VALUES ('214','Computer','4','DeviceProcessor','1','glpi','2012-05-15 02:52:37','0','','Core 2 Quad Q8300');
INSERT INTO `glpi_logs` VALUES ('215','Computer','4','NetworkPort','17','glpi','2012-05-15 02:53:11','0','','  : ID 4 (4)');
INSERT INTO `glpi_logs` VALUES ('216','NetworkPort','4','0','20','glpi','2012-05-15 02:53:11','0','','');
INSERT INTO `glpi_logs` VALUES ('217','Computer','4','Monitor','15','glpi','2012-05-15 02:55:47','0','','MON0008 (8)');
INSERT INTO `glpi_logs` VALUES ('218','Monitor','8','Computer','15','glpi','2012-05-15 02:55:47','0','','PC0004 (4)');
INSERT INTO `glpi_logs` VALUES ('219','Computer','4','Monitor','15','glpi','2012-05-15 02:55:58','0','','MON0009 (9)');
INSERT INTO `glpi_logs` VALUES ('220','Monitor','9','Computer','15','glpi','2012-05-15 02:55:58','0','','PC0004 (4)');
INSERT INTO `glpi_logs` VALUES ('221','Peripheral','1','0','20','glpi','2012-05-15 02:58:38','0','','');
INSERT INTO `glpi_logs` VALUES ('222','Computer','3','Peripheral','15','glpi','2012-05-15 02:59:08','0','','MAC MINI (1)');
INSERT INTO `glpi_logs` VALUES ('223','Peripheral','1','Computer','15','glpi','2012-05-15 02:59:08','0','','PC0003 (3)');
INSERT INTO `glpi_logs` VALUES ('224','User','9','','0','Vilkhivskiy Dmitry','2012-05-15 03:00:53','17','ru_RU','NULL');
INSERT INTO `glpi_logs` VALUES ('225','User','68','Profile_User','17','glpi','2012-05-15 03:14:43','0','','Self-Service,  , D');
INSERT INTO `glpi_logs` VALUES ('226','User','68','0','20','glpi','2012-05-15 03:14:43','0','','');
INSERT INTO `glpi_logs` VALUES ('227','Monitor','10','0','20','glpi','2012-05-15 03:17:51','0','','');
INSERT INTO `glpi_logs` VALUES ('228','Monitor','11','0','20','glpi','2012-05-15 03:18:28','0','','');
INSERT INTO `glpi_logs` VALUES ('229','Monitor','10','','0','glpi','2012-05-15 03:19:01','5','','DL1A1146451941');
INSERT INTO `glpi_logs` VALUES ('230','Monitor','11','','0','glpi','2012-05-15 03:19:32','5','','HA19H9NP162119A');
INSERT INTO `glpi_logs` VALUES ('231','Monitor','12','0','20','glpi','2012-05-15 03:20:40','0','','');
INSERT INTO `glpi_logs` VALUES ('232','Monitor','13','0','20','glpi','2012-05-15 03:22:31','0','','');
INSERT INTO `glpi_logs` VALUES ('233','User','69','Profile_User','17','glpi','2012-05-15 03:24:28','0','','Self-Service,  , D');
INSERT INTO `glpi_logs` VALUES ('234','User','69','0','20','glpi','2012-05-15 03:24:28','0','','');
INSERT INTO `glpi_logs` VALUES ('235','Monitor','14','0','20','glpi','2012-05-15 03:25:54','0','','');
INSERT INTO `glpi_logs` VALUES ('236','Monitor','15','0','20','glpi','2012-05-15 03:26:54','0','','');
INSERT INTO `glpi_logs` VALUES ('237','User','70','Profile_User','17','glpi','2012-05-15 03:28:20','0','','Self-Service,  , D');
INSERT INTO `glpi_logs` VALUES ('238','User','70','0','20','glpi','2012-05-15 03:28:20','0','','');
INSERT INTO `glpi_logs` VALUES ('239','Monitor','16','0','20','glpi','2012-05-15 03:30:34','0','','');
INSERT INTO `glpi_logs` VALUES ('240','Monitor','17','0','20','glpi','2012-05-15 03:31:49','0','','');
INSERT INTO `glpi_logs` VALUES ('241','Computer','3','','0','glpi','2012-05-15 03:40:37','44','GRDK7-QVGRW-FC7PD-4WPD3-MF9BV','');
INSERT INTO `glpi_logs` VALUES ('242','Computer','5','0','20','glpi','2012-05-15 03:40:46','0','','');
INSERT INTO `glpi_logs` VALUES ('243','Computer','5','DeviceMotherboard','1','glpi','2012-05-15 03:42:59','0','','S1155_GA-H61MA-D3V ');
INSERT INTO `glpi_logs` VALUES ('244','Computer','5','DeviceProcessor','1','glpi','2012-05-15 03:44:05','0','','i5-2310');
INSERT INTO `glpi_logs` VALUES ('245','Computer','5','DeviceMemory','1','glpi','2012-05-15 03:45:19','0','','4GB_DDR3_HYNIX');
INSERT INTO `glpi_logs` VALUES ('246','Computer','5','DeviceMemory','1','glpi','2012-05-15 03:45:26','0','','4GB_DDR3_HYNIX');
INSERT INTO `glpi_logs` VALUES ('247','Computer','5','DeviceGraphicCard','1','glpi','2012-05-15 03:45:44','0','','Integrated');
INSERT INTO `glpi_logs` VALUES ('248','Computer','5','DeviceHardDrive','1','glpi','2012-05-15 03:47:30','0','','SVP200S3120G');
INSERT INTO `glpi_logs` VALUES ('249','Computer','5','NetworkPort','17','glpi','2012-05-15 03:49:37','0','','  : ID 5 (5)');
INSERT INTO `glpi_logs` VALUES ('251','Computer','5','NetworkPort','19','glpi','2012-05-15 03:50:08','0','N/A (5)','');
INSERT INTO `glpi_logs` VALUES ('252','Computer','5','NetworkPort','17','glpi','2012-05-15 03:50:24','0','','  : ID 6 (6)');
INSERT INTO `glpi_logs` VALUES ('253','NetworkPort','6','0','20','glpi','2012-05-15 03:50:24','0','','');
INSERT INTO `glpi_logs` VALUES ('254','Computer','5','Monitor','15','glpi','2012-05-15 03:51:12','0','','MON0010 (10)');
INSERT INTO `glpi_logs` VALUES ('255','Monitor','10','Computer','15','glpi','2012-05-15 03:51:12','0','','PC0005 (5)');
INSERT INTO `glpi_logs` VALUES ('256','Computer','5','Monitor','15','glpi','2012-05-15 03:51:20','0','','MON0011 (11)');
INSERT INTO `glpi_logs` VALUES ('257','Monitor','11','Computer','15','glpi','2012-05-15 03:51:20','0','','PC0005 (5)');
INSERT INTO `glpi_logs` VALUES ('258','Computer','6','0','20','glpi','2012-05-15 03:53:52','0','','');
INSERT INTO `glpi_logs` VALUES ('259','Computer','6','DeviceMotherboard','1','glpi','2012-05-15 04:04:40','0','','S1155_GA-H61M-D2-B3');
INSERT INTO `glpi_logs` VALUES ('260','User','8','','0','Yenin Dmitriy','2012-05-15 04:25:54','11','','0667869910');
INSERT INTO `glpi_logs` VALUES ('261','User','8','UserEmail','17','Yenin Dmitriy','2012-05-15 04:25:54','0','','admin@flexaspect.com');
INSERT INTO `glpi_logs` VALUES ('262','Computer','6','DeviceProcessor','1','glpi','2012-05-15 04:47:27','0','','i5-2500');
INSERT INTO `glpi_logs` VALUES ('263','Computer','6','DeviceMemory','1','glpi','2012-05-15 04:47:47','0','','4GB_DDR3_KINGSTON');
INSERT INTO `glpi_logs` VALUES ('264','Computer','6','DeviceMemory','1','glpi','2012-05-15 04:47:52','0','','4GB_DDR3_KINGSTON');
INSERT INTO `glpi_logs` VALUES ('265','Computer','6','DeviceGraphicCard','1','glpi','2012-05-15 04:48:07','0','','Integrated');
INSERT INTO `glpi_logs` VALUES ('266','Computer','6','DeviceHardDrive','1','glpi','2012-05-15 04:50:12','0','','SVP100ES2128G');
INSERT INTO `glpi_logs` VALUES ('267','Computer','6','NetworkPort','17','glpi','2012-05-15 04:51:26','0','','  : ID 7 (7)');
INSERT INTO `glpi_logs` VALUES ('268','NetworkPort','7','0','20','glpi','2012-05-15 04:51:26','0','','');
INSERT INTO `glpi_logs` VALUES ('269','Computer','6','Monitor','15','glpi','2012-05-15 04:52:07','0','','MON0012 (12)');
INSERT INTO `glpi_logs` VALUES ('270','Monitor','12','Computer','15','glpi','2012-05-15 04:52:07','0','','PC0006 (6)');
INSERT INTO `glpi_logs` VALUES ('271','Monitor','12','','0','glpi','2012-05-15 04:52:25','5','MY19HMDQ500479W','MY19HMDQ500479N');
INSERT INTO `glpi_logs` VALUES ('272','Computer','6','Monitor','15','glpi','2012-05-15 04:52:44','0','','MON0013 (13)');
INSERT INTO `glpi_logs` VALUES ('273','Monitor','13','Computer','15','glpi','2012-05-15 04:52:44','0','','PC0006 (6)');
INSERT INTO `glpi_logs` VALUES ('274','Computer','7','0','20','glpi','2012-05-15 04:55:10','0','','');
INSERT INTO `glpi_logs` VALUES ('275','Computer','7','','0','glpi','2012-05-15 04:56:05','46','&nbsp;','7_HOME_PREMIUM');
INSERT INTO `glpi_logs` VALUES ('276','Computer','7','','0','glpi','2012-05-15 04:56:05','44','','PQ6QV-GDRG6-3RHXV-PPG93-679GR');
INSERT INTO `glpi_logs` VALUES ('277','Computer','7','DeviceProcessor','1','glpi','2012-05-15 04:56:30','0','','i5-2300');
INSERT INTO `glpi_logs` VALUES ('278','Computer','7','DeviceMotherboard','1','glpi','2012-05-15 04:56:49','0','','S1155_GA-H61M-D2-B3');
INSERT INTO `glpi_logs` VALUES ('279','Computer','7','DeviceMemory','1','glpi','2012-05-15 04:57:09','0','','4GB_DDR3_KINGSTON');
INSERT INTO `glpi_logs` VALUES ('280','Computer','7','DeviceMemory','1','glpi','2012-05-15 04:57:14','0','','4GB_DDR3_KINGSTON');
INSERT INTO `glpi_logs` VALUES ('281','Computer','7','DeviceHardDrive','1','glpi','2012-05-15 04:57:43','0','','HD502HJ ');
INSERT INTO `glpi_logs` VALUES ('282','Computer','7','DeviceGraphicCard','1','glpi','2012-05-15 04:58:01','0','','Integrated');
INSERT INTO `glpi_logs` VALUES ('283','Computer','7','NetworkPort','17','glpi','2012-05-15 04:58:28','0','','  : ID 8 (8)');
INSERT INTO `glpi_logs` VALUES ('284','NetworkPort','8','0','20','glpi','2012-05-15 04:58:28','0','','');
INSERT INTO `glpi_logs` VALUES ('285','Computer','7','Monitor','15','glpi','2012-05-15 04:59:30','0','','MON0016 (16)');
INSERT INTO `glpi_logs` VALUES ('286','Monitor','16','Computer','15','glpi','2012-05-15 04:59:30','0','','PC0007 (7)');
INSERT INTO `glpi_logs` VALUES ('287','Computer','7','Monitor','15','glpi','2012-05-15 04:59:57','0','','MON0017 (17)');
INSERT INTO `glpi_logs` VALUES ('288','Monitor','17','Computer','15','glpi','2012-05-15 04:59:57','0','','PC0007 (7)');
INSERT INTO `glpi_logs` VALUES ('289','Computer','8','0','20','glpi','2012-05-15 05:01:50','0','','');
INSERT INTO `glpi_logs` VALUES ('290','Computer','8','DeviceProcessor','1','glpi','2012-05-15 05:02:49','0','','Core 2 Duo E8400');
INSERT INTO `glpi_logs` VALUES ('291','Computer','8','DeviceMotherboard','1','glpi','2012-05-15 05:03:38','0','','S775_P5Q SE');
INSERT INTO `glpi_logs` VALUES ('292','Computer','8','DeviceMemory','1','glpi','2012-05-15 05:06:15','0','','1GB_DDR2_SAMSUNG');
INSERT INTO `glpi_logs` VALUES ('293','Computer','8','DeviceMemory','1','glpi','2012-05-15 05:06:22','0','','1GB_DDR2_SAMSUNG');
INSERT INTO `glpi_logs` VALUES ('294','Computer','8','DeviceMemory','1','glpi','2012-05-15 05:06:22','0','','1GB_DDR2_SAMSUNG');
INSERT INTO `glpi_logs` VALUES ('295','Computer','8','DeviceMemory','1','glpi','2012-05-15 05:06:22','0','','1GB_DDR2_SAMSUNG');
INSERT INTO `glpi_logs` VALUES ('296','Computer','8','DeviceGraphicCard','1','glpi','2012-05-15 05:07:18','0','','EAH4350');
INSERT INTO `glpi_logs` VALUES ('297','Computer','8','DeviceGraphicCard','3','glpi','2012-05-15 05:07:45','0','EAH4350','');
INSERT INTO `glpi_logs` VALUES ('298','Computer','8','DeviceGraphicCard','1','glpi','2012-05-15 05:07:57','0','','HD4350');
INSERT INTO `glpi_logs` VALUES ('299','Computer','8','DeviceHardDrive','1','glpi','2012-05-15 05:09:27','0','','HD322HJ');
INSERT INTO `glpi_logs` VALUES ('300','Computer','8','NetworkPort','17','glpi','2012-05-15 05:09:59','0','','  : ID 9 (9)');
INSERT INTO `glpi_logs` VALUES ('301','NetworkPort','9','0','20','glpi','2012-05-15 05:09:59','0','','');
INSERT INTO `glpi_logs` VALUES ('302','Computer','8','Monitor','15','glpi','2012-05-15 05:10:20','0','','MON0014 (14)');
INSERT INTO `glpi_logs` VALUES ('303','Monitor','14','Computer','15','glpi','2012-05-15 05:10:20','0','','PC0008 (8)');
INSERT INTO `glpi_logs` VALUES ('304','Computer','8','Monitor','15','glpi','2012-05-15 05:10:27','0','','MON0015 (15)');
INSERT INTO `glpi_logs` VALUES ('305','Monitor','15','Computer','15','glpi','2012-05-15 05:10:27','0','','PC0008 (8)');
INSERT INTO `glpi_logs` VALUES ('306','Monitor','18','0','20','glpi','2012-05-15 05:26:45','0','','');
INSERT INTO `glpi_logs` VALUES ('307','Monitor','19','0','20','glpi','2012-05-15 05:27:46','0','','');
INSERT INTO `glpi_logs` VALUES ('308','Monitor','19','','0','glpi','2012-05-15 05:28:43','1','MAN0019','MON0019');
INSERT INTO `glpi_logs` VALUES ('309','Monitor','18','','0','glpi','2012-05-15 05:28:53','1','MAN0018','MON0018');
INSERT INTO `glpi_logs` VALUES ('310','Monitor','20','0','20','glpi','2012-05-15 05:30:53','0','','');
INSERT INTO `glpi_logs` VALUES ('311','Monitor','21','0','20','glpi','2012-05-15 05:32:49','0','','');
INSERT INTO `glpi_logs` VALUES ('312','Monitor','22','0','20','glpi','2012-05-15 05:33:57','0','','');
INSERT INTO `glpi_logs` VALUES ('313','Monitor','23','0','20','glpi','2012-05-15 05:35:05','0','','');
INSERT INTO `glpi_logs` VALUES ('314','Monitor','24','0','20','glpi','2012-05-15 05:36:19','0','','');
INSERT INTO `glpi_logs` VALUES ('315','Monitor','17','','0','glpi','2012-05-15 05:37:06','40','&nbsp;','710N');
INSERT INTO `glpi_logs` VALUES ('316','Computer','9','0','20','glpi','2012-05-15 05:42:58','0','','');
INSERT INTO `glpi_logs` VALUES ('317','Computer','9','DeviceMemory','1','glpi','2012-05-15 05:44:21','0','','4GB_DDR3_SAMSUNG');
INSERT INTO `glpi_logs` VALUES ('318','Computer','9','DeviceProcessor','1','glpi','2012-05-15 05:45:43','0','','i5-2300');
INSERT INTO `glpi_logs` VALUES ('319','Computer','9','DeviceMotherboard','1','glpi','2012-05-15 05:46:11','0','','S1155_GA-H61MA-D3V ');
INSERT INTO `glpi_logs` VALUES ('320','Computer','9','DeviceGraphicCard','1','glpi','2012-05-15 05:46:22','0','','Integrated');
INSERT INTO `glpi_logs` VALUES ('321','Computer','9','DeviceHardDrive','1','glpi','2012-05-15 05:47:07','0','','SH100S3120G ');
INSERT INTO `glpi_logs` VALUES ('322','Computer','9','Monitor','15','glpi','2012-05-15 05:47:47','0','','MON0018 (18)');
INSERT INTO `glpi_logs` VALUES ('323','Monitor','18','Computer','15','glpi','2012-05-15 05:47:47','0','','PC0009 (9)');
INSERT INTO `glpi_logs` VALUES ('324','Computer','9','Monitor','15','glpi','2012-05-15 05:48:17','0','','MON0019 (19)');
INSERT INTO `glpi_logs` VALUES ('325','Monitor','19','Computer','15','glpi','2012-05-15 05:48:17','0','','PC0009 (9)');
INSERT INTO `glpi_logs` VALUES ('326','Computer','9','NetworkPort','17','glpi','2012-05-15 05:48:42','0','','  : ID 10 (10)');
INSERT INTO `glpi_logs` VALUES ('327','NetworkPort','10','0','20','glpi','2012-05-15 05:48:42','0','','');
INSERT INTO `glpi_logs` VALUES ('328','Computer','10','0','20','glpi','2012-05-15 05:55:31','0','','');
INSERT INTO `glpi_logs` VALUES ('329','Computer','10','DeviceMotherboard','1','glpi','2012-05-15 05:56:10','0','','S1155_GA-H61M-D2H-USB3');
INSERT INTO `glpi_logs` VALUES ('330','Computer','10','DeviceProcessor','1','glpi','2012-05-15 05:58:31','0','','i5-2320');
INSERT INTO `glpi_logs` VALUES ('331','Computer','10','DeviceMemory','1','glpi','2012-05-15 06:04:20','0','','4GB_DDR3_HYNIX');
INSERT INTO `glpi_logs` VALUES ('332','Computer','10','DeviceMemory','1','glpi','2012-05-15 06:04:31','0','','4GB_DDR3_HYNIX');
INSERT INTO `glpi_logs` VALUES ('333','Computer','10','DeviceGraphicCard','1','glpi','2012-05-15 06:04:41','0','','Integrated');
INSERT INTO `glpi_logs` VALUES ('334','Computer','10','DeviceHardDrive','1','glpi','2012-05-15 06:06:44','0','','SNVP325S2128GB');
INSERT INTO `glpi_logs` VALUES ('335','Computer','10','Monitor','15','glpi','2012-05-15 06:07:43','0','','MON0020 (20)');
INSERT INTO `glpi_logs` VALUES ('336','Monitor','20','Computer','15','glpi','2012-05-15 06:07:43','0','','PC0010 (10)');
INSERT INTO `glpi_logs` VALUES ('337','Monitor','20','','0','glpi','2012-05-15 06:08:01','5','MB19HVNQ9014MK','MB19HVNQ901485K');
INSERT INTO `glpi_logs` VALUES ('338','Computer','10','Monitor','15','glpi','2012-05-15 06:08:23','0','','MON0021 (21)');
INSERT INTO `glpi_logs` VALUES ('339','Monitor','21','Computer','15','glpi','2012-05-15 06:08:23','0','','PC0010 (10)');
INSERT INTO `glpi_logs` VALUES ('340','Computer','10','NetworkPort','17','glpi','2012-05-15 06:09:23','0','','  : ID 11 (11)');
INSERT INTO `glpi_logs` VALUES ('341','NetworkPort','11','0','20','glpi','2012-05-15 06:09:23','0','','');
INSERT INTO `glpi_logs` VALUES ('342','Computer','11','0','20','glpi','2012-05-15 06:11:24','0','','');
INSERT INTO `glpi_logs` VALUES ('343','Computer','11','DeviceProcessor','1','glpi','2012-05-15 06:11:50','0','','Core 2 Quad Q8300');
INSERT INTO `glpi_logs` VALUES ('344','Computer','11','DeviceMotherboard','1','glpi','2012-05-15 06:13:25','0','','S775_P5G41T-M LE');
INSERT INTO `glpi_logs` VALUES ('345','Computer','11','DeviceMemory','1','glpi','2012-05-15 06:13:57','0','','4GB_DDR3_SAMSUNG');
INSERT INTO `glpi_logs` VALUES ('346','Computer','11','DeviceMemory','1','glpi','2012-05-15 06:14:01','0','','4GB_DDR3_SAMSUNG');
INSERT INTO `glpi_logs` VALUES ('347','Computer','11','DeviceGraphicCard','1','glpi','2012-05-15 06:14:20','0','','Integrated');
INSERT INTO `glpi_logs` VALUES ('348','Computer','11','DeviceHardDrive','1','glpi','2012-05-15 06:16:42','0','','ST3320418AS');
INSERT INTO `glpi_logs` VALUES ('349','Computer','11','NetworkPort','17','glpi','2012-05-15 06:17:18','0','','  : ID 12 (12)');
INSERT INTO `glpi_logs` VALUES ('350','NetworkPort','12','0','20','glpi','2012-05-15 06:17:18','0','','');
INSERT INTO `glpi_logs` VALUES ('351','Computer','11','Monitor','15','glpi','2012-05-15 06:18:36','0','','MON0022 (22)');
INSERT INTO `glpi_logs` VALUES ('352','Monitor','22','Computer','15','glpi','2012-05-15 06:18:36','0','','PC0011 (11)');
INSERT INTO `glpi_logs` VALUES ('353','Computer','12','0','20','glpi','2012-05-15 06:23:40','0','','');
INSERT INTO `glpi_logs` VALUES ('354','Computer','12','DeviceMotherboard','1','glpi','2012-05-15 06:24:49','0','','S775_P5G41T-M LX2/GB');
INSERT INTO `glpi_logs` VALUES ('355','Computer','12','DeviceProcessor','1','glpi','2012-05-15 06:25:34','0','','Core 2 Duo E7500');
INSERT INTO `glpi_logs` VALUES ('356','Computer','12','DeviceMemory','1','glpi','2012-05-15 06:25:48','0','','4GB_DDR3_HYNIX');
INSERT INTO `glpi_logs` VALUES ('357','Computer','12','DeviceMemory','1','glpi','2012-05-15 06:26:01','0','','4GB_DDR3_KINGSTON');
INSERT INTO `glpi_logs` VALUES ('358','Computer','12','DeviceGraphicCard','1','glpi','2012-05-15 06:26:21','0','','HD4350');
INSERT INTO `glpi_logs` VALUES ('359','Computer','12','DeviceHardDrive','1','glpi','2012-05-15 06:28:34','0','','WD5000AADS-00S9B0');
INSERT INTO `glpi_logs` VALUES ('360','Computer','12','NetworkPort','17','glpi','2012-05-15 06:28:56','0','','  : ID 13 (13)');
INSERT INTO `glpi_logs` VALUES ('361','NetworkPort','13','0','20','glpi','2012-05-15 06:28:56','0','','');
INSERT INTO `glpi_logs` VALUES ('362','Computer','12','Monitor','15','glpi','2012-05-15 06:29:25','0','','MON0023 (23)');
INSERT INTO `glpi_logs` VALUES ('363','Monitor','23','Computer','15','glpi','2012-05-15 06:29:25','0','','PC0012 (12)');
INSERT INTO `glpi_logs` VALUES ('364','Computer','12','Monitor','15','glpi','2012-05-15 06:29:30','0','','MON0024 (24)');
INSERT INTO `glpi_logs` VALUES ('365','Monitor','24','Computer','15','glpi','2012-05-15 06:29:30','0','','PC0012 (12)');
INSERT INTO `glpi_logs` VALUES ('366','Monitor','1','','0','glpi','2012-05-15 06:57:23','49','BOSSdev','Ukad');
INSERT INTO `glpi_logs` VALUES ('367','Monitor','1','','0','glpi','2012-05-15 06:57:23','71','BOSSdev','Ukad');
INSERT INTO `glpi_logs` VALUES ('368','Computer','1','','0','glpi','2012-05-15 06:57:31','49','BOSSdev','Ukad');
INSERT INTO `glpi_logs` VALUES ('369','Computer','1','','0','glpi','2012-05-15 06:57:31','71','BOSSdev','Ukad');
INSERT INTO `glpi_logs` VALUES ('370','Monitor','2','','0','glpi','2012-05-15 06:57:31','71','BOSSdev','Ukad');
INSERT INTO `glpi_logs` VALUES ('371','Monitor','2','','0','glpi','2012-05-15 06:57:50','49','BOSSdev','Ukad');
INSERT INTO `glpi_logs` VALUES ('372','Monitor','25','0','20','glpi','2012-05-15 07:01:21','0','','');
INSERT INTO `glpi_logs` VALUES ('373','Monitor','26','0','20','glpi','2012-05-15 07:03:17','0','','');
INSERT INTO `glpi_logs` VALUES ('374','Monitor','27','0','20','glpi','2012-05-15 07:04:52','0','','');
INSERT INTO `glpi_logs` VALUES ('375','Monitor','27','','0','glpi','2012-05-15 07:07:42','23','SAMSUNG','LG');
INSERT INTO `glpi_logs` VALUES ('376','Monitor','28','0','20','glpi','2012-05-15 07:08:57','0','','');
INSERT INTO `glpi_logs` VALUES ('377','Monitor','29','0','20','glpi','2012-05-15 07:10:36','0','','');
INSERT INTO `glpi_logs` VALUES ('378','Monitor','30','0','20','glpi','2012-05-15 07:12:24','0','','');
INSERT INTO `glpi_logs` VALUES ('379','Monitor','31','0','20','glpi','2012-05-15 07:13:23','0','','');
INSERT INTO `glpi_logs` VALUES ('380','Monitor','32','0','20','glpi','2012-05-15 07:14:37','0','','');
INSERT INTO `glpi_logs` VALUES ('381','Computer','13','0','20','glpi','2012-05-15 07:49:57','0','','');
INSERT INTO `glpi_logs` VALUES ('382','Computer','13','DeviceProcessor','1','glpi','2012-05-15 07:51:45','0','','Core 2 Duo E4300');
INSERT INTO `glpi_logs` VALUES ('383','Computer','13','DeviceMotherboard','1','glpi','2012-05-15 07:53:33','0','','S775_P5GZ-MX');
INSERT INTO `glpi_logs` VALUES ('384','Computer','13','DeviceMemory','1','glpi','2012-05-15 07:53:55','0','','2GB_DDR2_KINGSTON');
INSERT INTO `glpi_logs` VALUES ('385','Computer','13','DeviceMemory','1','glpi','2012-05-15 07:54:02','0','','2GB_DDR2_KINGSTON');
INSERT INTO `glpi_logs` VALUES ('386','Computer','13','DeviceGraphicCard','1','glpi','2012-05-15 07:54:20','0','','Integrated');
INSERT INTO `glpi_logs` VALUES ('387','Computer','13','DeviceHardDrive','1','glpi','2012-05-15 07:56:00','0','','HD080HJ');
INSERT INTO `glpi_logs` VALUES ('388','Computer','13','Monitor','15','glpi','2012-05-15 07:56:29','0','','MON0025 (25)');
INSERT INTO `glpi_logs` VALUES ('389','Monitor','25','Computer','15','glpi','2012-05-15 07:56:29','0','','PC0013 (13)');
INSERT INTO `glpi_logs` VALUES ('390','Computer','13','NetworkPort','17','glpi','2012-05-15 07:57:35','0','','  : ID 14 (14)');
INSERT INTO `glpi_logs` VALUES ('391','NetworkPort','14','0','20','glpi','2012-05-15 07:57:35','0','','');
INSERT INTO `glpi_logs` VALUES ('392','Computer','14','0','20','glpi','2012-05-15 08:07:31','0','','');
INSERT INTO `glpi_logs` VALUES ('393','Computer','14','DeviceMotherboard','1','glpi','2012-05-15 08:07:52','0','','S775_P5G-MX');
INSERT INTO `glpi_logs` VALUES ('394','Computer','14','DeviceMemory','1','glpi','2012-05-15 08:08:02','0','','2GB_DDR2_KINGSTON');
INSERT INTO `glpi_logs` VALUES ('395','Computer','14','DeviceMemory','1','glpi','2012-05-15 08:08:07','0','','2GB_DDR2_KINGSTON');
INSERT INTO `glpi_logs` VALUES ('396','Computer','14','DeviceProcessor','1','glpi','2012-05-15 08:08:21','0','','Pentium E2200');
INSERT INTO `glpi_logs` VALUES ('397','Computer','14','DeviceGraphicCard','1','glpi','2012-05-15 08:08:37','0','','Integrated');
INSERT INTO `glpi_logs` VALUES ('398','Computer','14','DeviceHardDrive','1','glpi','2012-05-15 08:10:08','0','','WD1600AAJS-00B4A0');
INSERT INTO `glpi_logs` VALUES ('399','Computer','14','Monitor','15','glpi','2012-05-15 08:10:36','0','','MON0026 (26)');
INSERT INTO `glpi_logs` VALUES ('400','Monitor','26','Computer','15','glpi','2012-05-15 08:10:36','0','','PC0014 (14)');
INSERT INTO `glpi_logs` VALUES ('401','Computer','14','NetworkPort','17','glpi','2012-05-15 08:10:55','0','','  : ID 15 (15)');
INSERT INTO `glpi_logs` VALUES ('402','NetworkPort','15','0','20','glpi','2012-05-15 08:10:55','0','','');
INSERT INTO `glpi_logs` VALUES ('403','Computer','15','0','20','glpi','2012-05-15 08:25:10','0','','');
INSERT INTO `glpi_logs` VALUES ('404','Computer','15','DeviceProcessor','1','glpi','2012-05-15 08:25:37','0','','i5-2300');
INSERT INTO `glpi_logs` VALUES ('405','Computer','15','DeviceMemory','1','glpi','2012-05-15 08:25:59','0','','4GB_DDR3_KINGSTON');
INSERT INTO `glpi_logs` VALUES ('406','Computer','15','DeviceMemory','1','glpi','2012-05-15 08:26:08','0','','4GB_DDR3_KINGSTON');
INSERT INTO `glpi_logs` VALUES ('407','Computer','15','DeviceGraphicCard','1','glpi','2012-05-15 08:26:50','0','','Integrated');
INSERT INTO `glpi_logs` VALUES ('408','Computer','15','DeviceMotherboard','1','glpi','2012-05-15 08:27:06','0','','S1155_GA-H61M-D2-B3');
INSERT INTO `glpi_logs` VALUES ('409','Computer','15','DeviceHardDrive','1','glpi','2012-05-15 08:32:05','0','','HD502HJ ');
INSERT INTO `glpi_logs` VALUES ('410','Computer','15','Monitor','15','glpi','2012-05-15 08:32:54','0','','MON0027 (27)');
INSERT INTO `glpi_logs` VALUES ('411','Monitor','27','Computer','15','glpi','2012-05-15 08:32:54','0','','PC0015 (15)');
INSERT INTO `glpi_logs` VALUES ('412','Computer','15','Monitor','15','glpi','2012-05-15 08:33:06','0','','MON0028 (28)');
INSERT INTO `glpi_logs` VALUES ('413','Monitor','28','Computer','15','glpi','2012-05-15 08:33:06','0','','PC0015 (15)');
INSERT INTO `glpi_logs` VALUES ('414','Computer','15','NetworkPort','17','glpi','2012-05-15 08:33:26','0','','  : ID 16 (16)');
INSERT INTO `glpi_logs` VALUES ('415','NetworkPort','16','0','20','glpi','2012-05-15 08:33:26','0','','');
INSERT INTO `glpi_logs` VALUES ('416','Computer','16','0','20','glpi','2012-05-15 08:36:19','0','','');
INSERT INTO `glpi_logs` VALUES ('417','Computer','16','DeviceProcessor','1','glpi','2012-05-15 08:44:49','0','','Pentium E2200');
INSERT INTO `glpi_logs` VALUES ('418','Computer','16','DeviceMotherboard','1','glpi','2012-05-15 08:45:03','0','','S775_P5G-MX');
INSERT INTO `glpi_logs` VALUES ('419','Computer','16','DeviceMemory','1','glpi','2012-05-15 08:45:15','0','','2GB_DDR2_KINGSTON');
INSERT INTO `glpi_logs` VALUES ('420','Computer','16','DeviceMemory','1','glpi','2012-05-15 08:45:20','0','','2GB_DDR2_KINGSTON');
INSERT INTO `glpi_logs` VALUES ('421','Computer','16','DeviceGraphicCard','1','glpi','2012-05-15 08:45:32','0','','8400GS');
INSERT INTO `glpi_logs` VALUES ('422','Computer','16','DeviceHardDrive','1','glpi','2012-05-15 08:45:58','0','','HD161HJ');
INSERT INTO `glpi_logs` VALUES ('423','Computer','16','Monitor','15','glpi','2012-05-15 08:46:36','0','','MON0029 (29)');
INSERT INTO `glpi_logs` VALUES ('424','Monitor','29','Computer','15','glpi','2012-05-15 08:46:36','0','','PC0016 (16)');
INSERT INTO `glpi_logs` VALUES ('425','Computer','16','Monitor','15','glpi','2012-05-15 08:46:45','0','','MON0030 (30)');
INSERT INTO `glpi_logs` VALUES ('426','Monitor','30','Computer','15','glpi','2012-05-15 08:46:45','0','','PC0016 (16)');
INSERT INTO `glpi_logs` VALUES ('427','Computer','16','NetworkPort','17','glpi','2012-05-15 08:47:06','0','','  : ID 17 (17)');
INSERT INTO `glpi_logs` VALUES ('428','NetworkPort','17','0','20','glpi','2012-05-15 08:47:06','0','','');
INSERT INTO `glpi_logs` VALUES ('429','Computer','17','0','20','glpi','2012-05-15 08:50:06','0','','');
INSERT INTO `glpi_logs` VALUES ('430','Computer','17','DeviceProcessor','1','glpi','2012-05-15 08:50:47','0','','Core 2 Duo E7500');
INSERT INTO `glpi_logs` VALUES ('431','Computer','17','DeviceMotherboard','1','glpi','2012-05-15 08:51:15','0','','S775_P5G41T-M LX2/GB');
INSERT INTO `glpi_logs` VALUES ('432','Computer','17','DeviceGraphicCard','1','glpi','2012-05-15 08:51:43','0','','HD4350');
INSERT INTO `glpi_logs` VALUES ('433','Computer','17','DeviceMemory','1','glpi','2012-05-15 08:52:11','0','','4GB_DDR3_HYNIX');
INSERT INTO `glpi_logs` VALUES ('434','Computer','17','DeviceMemory','1','glpi','2012-05-15 08:52:18','0','','4GB_DDR3_HYNIX');
INSERT INTO `glpi_logs` VALUES ('435','Computer','17','DeviceHardDrive','1','glpi','2012-05-15 08:52:57','0','','HDT721016SLA380');
INSERT INTO `glpi_logs` VALUES ('436','Computer','17','Monitor','15','glpi','2012-05-15 08:53:25','0','','MON0031 (31)');
INSERT INTO `glpi_logs` VALUES ('437','Monitor','31','Computer','15','glpi','2012-05-15 08:53:25','0','','PC0017 (17)');
INSERT INTO `glpi_logs` VALUES ('438','Computer','17','Monitor','15','glpi','2012-05-15 08:53:39','0','','MON0032 (32)');
INSERT INTO `glpi_logs` VALUES ('439','Monitor','32','Computer','15','glpi','2012-05-15 08:53:39','0','','PC0017 (17)');
INSERT INTO `glpi_logs` VALUES ('440','Computer','17','NetworkPort','17','glpi','2012-05-15 08:53:57','0','','  : ID 18 (18)');
INSERT INTO `glpi_logs` VALUES ('441','NetworkPort','18','0','20','glpi','2012-05-15 08:53:57','0','','');
INSERT INTO `glpi_logs` VALUES ('442','Computer','4','','0','glpi','2012-05-15 08:55:52','46','&nbsp;','7_HOME_PREMIUM');
INSERT INTO `glpi_logs` VALUES ('443','NetworkPort','4','','0','glpi','2012-05-15 08:56:34','4','','20-CF-30-0E-8D-16');
INSERT INTO `glpi_logs` VALUES ('444','Monitor','33','0','20','glpi','2012-05-15 09:32:47','0','','');
INSERT INTO `glpi_logs` VALUES ('445','Monitor','34','0','20','glpi','2012-05-15 09:34:54','0','','');
INSERT INTO `glpi_logs` VALUES ('446','Monitor','35','0','20','glpi','2012-05-15 09:36:40','0','','');
INSERT INTO `glpi_logs` VALUES ('447','Monitor','35','','0','glpi','2012-05-15 09:37:10','1','MON0035','MON0036');
INSERT INTO `glpi_logs` VALUES ('448','Monitor','36','0','20','glpi','2012-05-15 09:38:22','0','','');
INSERT INTO `glpi_logs` VALUES ('449','Monitor','37','0','20','glpi','2012-05-15 09:41:45','0','','');
INSERT INTO `glpi_logs` VALUES ('450','Monitor','38','0','20','glpi','2012-05-15 09:43:35','0','','');
INSERT INTO `glpi_logs` VALUES ('451','Monitor','39','0','20','glpi','2012-05-15 09:45:02','0','','');
INSERT INTO `glpi_logs` VALUES ('452','Monitor','40','0','20','glpi','2012-05-15 09:46:17','0','','');
INSERT INTO `glpi_logs` VALUES ('453','Monitor','41','0','20','glpi','2012-05-15 09:48:51','0','','');
INSERT INTO `glpi_logs` VALUES ('454','Computer','18','0','20','glpi','2012-05-16 02:57:19','0','','');
INSERT INTO `glpi_logs` VALUES ('455','Computer','18','DeviceProcessor','1','glpi','2012-05-16 02:57:40','0','','i5-2500');
INSERT INTO `glpi_logs` VALUES ('456','Computer','18','DeviceMotherboard','1','glpi','2012-05-16 02:58:40','0','','S1155_GA-Z68M-D2H');
INSERT INTO `glpi_logs` VALUES ('457','Computer','18','DeviceMemory','1','glpi','2012-05-16 02:58:52','0','','4GB_DDR3_KINGSTON');
INSERT INTO `glpi_logs` VALUES ('458','Computer','18','DeviceMemory','1','glpi','2012-05-16 02:58:57','0','','4GB_DDR3_KINGSTON');
INSERT INTO `glpi_logs` VALUES ('459','Computer','18','DeviceGraphicCard','1','glpi','2012-05-16 02:59:59','0','','HD4300');
INSERT INTO `glpi_logs` VALUES ('460','Computer','18','DeviceHardDrive','1','glpi','2012-05-16 03:00:26','0','','SVP100ES2128G');
INSERT INTO `glpi_logs` VALUES ('461','Computer','18','Monitor','15','glpi','2012-05-16 03:00:37','0','','MON0033 (33)');
INSERT INTO `glpi_logs` VALUES ('462','Monitor','33','Computer','15','glpi','2012-05-16 03:00:37','0','','PC0018 (18)');
INSERT INTO `glpi_logs` VALUES ('463','Computer','18','Monitor','15','glpi','2012-05-16 03:00:48','0','','MON0034 (34)');
INSERT INTO `glpi_logs` VALUES ('464','Monitor','34','Computer','15','glpi','2012-05-16 03:00:48','0','','PC0018 (18)');
INSERT INTO `glpi_logs` VALUES ('465','Computer','18','NetworkPort','17','glpi','2012-05-16 03:01:08','0','','  : ID 19 (19)');
INSERT INTO `glpi_logs` VALUES ('466','NetworkPort','19','0','20','glpi','2012-05-16 03:01:08','0','','');
INSERT INTO `glpi_logs` VALUES ('467','Computer','19','0','20','glpi','2012-05-16 03:02:40','0','','');
INSERT INTO `glpi_logs` VALUES ('468','Computer','19','DeviceProcessor','1','glpi','2012-05-16 03:02:59','0','','Core 2 Duo E8400');
INSERT INTO `glpi_logs` VALUES ('469','Computer','19','DeviceMotherboard','1','glpi','2012-05-16 03:03:41','0','','S775_Topsfield DP43TF');
INSERT INTO `glpi_logs` VALUES ('470','Computer','19','DeviceMemory','1','glpi','2012-05-16 03:04:56','0','','2GB_DDR2_TRANSCEND');
INSERT INTO `glpi_logs` VALUES ('471','Computer','19','DeviceMemory','1','glpi','2012-05-16 03:05:01','0','','2GB_DDR2_TRANSCEND');
INSERT INTO `glpi_logs` VALUES ('472','Computer','19','DeviceGraphicCard','1','glpi','2012-05-16 03:06:12','0','','9400GT');
INSERT INTO `glpi_logs` VALUES ('473','Computer','19','DeviceHardDrive','1','glpi','2012-05-16 03:07:09','0','','HD252HJ');
INSERT INTO `glpi_logs` VALUES ('474','Computer','19','NetworkPort','17','glpi','2012-05-16 03:07:38','0','','  : ID 20 (20)');
INSERT INTO `glpi_logs` VALUES ('475','NetworkPort','20','0','20','glpi','2012-05-16 03:07:38','0','','');
INSERT INTO `glpi_logs` VALUES ('476','Computer','19','Monitor','15','glpi','2012-05-16 03:08:17','0','','MON0035 (36)');
INSERT INTO `glpi_logs` VALUES ('477','Monitor','36','Computer','15','glpi','2012-05-16 03:08:17','0','','PC0019 (19)');
INSERT INTO `glpi_logs` VALUES ('478','Computer','20','0','20','glpi','2012-05-16 03:09:24','0','','');
INSERT INTO `glpi_logs` VALUES ('479','Computer','20','DeviceProcessor','1','glpi','2012-05-16 03:09:44','0','','Core 2 Duo E4300');
INSERT INTO `glpi_logs` VALUES ('480','Computer','20','DeviceMotherboard','1','glpi','2012-05-16 03:09:55','0','','S775_P5GZ-MX');
INSERT INTO `glpi_logs` VALUES ('481','Computer','20','DeviceMemory','1','glpi','2012-05-16 03:11:07','0','','2GB_DDR2_HYNIX');
INSERT INTO `glpi_logs` VALUES ('482','Computer','20','DeviceMemory','1','glpi','2012-05-16 03:11:14','0','','2GB_DDR2_HYNIX');
INSERT INTO `glpi_logs` VALUES ('483','Computer','20','DeviceGraphicCard','1','glpi','2012-05-16 03:11:24','0','','Integrated');
INSERT INTO `glpi_logs` VALUES ('484','Computer','20','NetworkPort','17','glpi','2012-05-16 03:12:03','0','','  : ID 21 (21)');
INSERT INTO `glpi_logs` VALUES ('485','NetworkPort','21','0','20','glpi','2012-05-16 03:12:03','0','','');
INSERT INTO `glpi_logs` VALUES ('486','Computer','20','Monitor','15','glpi','2012-05-16 03:12:25','0','','MON0036 (35)');
INSERT INTO `glpi_logs` VALUES ('487','Monitor','35','Computer','15','glpi','2012-05-16 03:12:25','0','','PC0020 (20)');
INSERT INTO `glpi_logs` VALUES ('488','Computer','21','0','20','glpi','2012-05-16 03:14:00','0','','');
INSERT INTO `glpi_logs` VALUES ('489','Computer','21','DeviceProcessor','1','glpi','2012-05-16 03:16:02','0','','Core 2 Quad Q9300');
INSERT INTO `glpi_logs` VALUES ('490','Computer','21','DeviceMotherboard','1','glpi','2012-05-16 03:16:19','0','','S775_G41C-VS');
INSERT INTO `glpi_logs` VALUES ('491','Computer','21','DeviceGraphicCard','1','glpi','2012-05-16 03:16:27','0','','Integrated');
INSERT INTO `glpi_logs` VALUES ('492','Computer','21','DeviceMemory','1','glpi','2012-05-16 03:16:35','0','','4GB_DDR3_HYNIX');
INSERT INTO `glpi_logs` VALUES ('493','Computer','21','DeviceMemory','1','glpi','2012-05-16 03:17:03','0','','4GB_DDR3_HYNIX');
INSERT INTO `glpi_logs` VALUES ('494','Computer','21','DeviceGraphicCard','3','glpi','2012-05-16 03:17:13','0','Integrated','');
INSERT INTO `glpi_logs` VALUES ('495','Computer','21','DeviceGraphicCard','1','glpi','2012-05-16 03:17:25','0','','HD4300');
INSERT INTO `glpi_logs` VALUES ('496','Computer','21','DeviceHardDrive','1','glpi','2012-05-16 03:17:56','0','','WD5000AADS-00S9B0');
INSERT INTO `glpi_logs` VALUES ('497','Computer','21','NetworkPort','17','glpi','2012-05-16 03:18:26','0','','  : ID 22 (22)');
INSERT INTO `glpi_logs` VALUES ('498','NetworkPort','22','0','20','glpi','2012-05-16 03:18:26','0','','');
INSERT INTO `glpi_logs` VALUES ('499','Computer','22','0','20','glpi','2012-05-16 03:19:55','0','','');
INSERT INTO `glpi_logs` VALUES ('500','Computer','22','DeviceProcessor','1','glpi','2012-05-16 03:20:32','0','','i5-2310');
INSERT INTO `glpi_logs` VALUES ('501','Computer','22','DeviceMotherboard','1','glpi','2012-05-16 03:20:44','0','','S1155_GA-H61M-D2-B3');
INSERT INTO `glpi_logs` VALUES ('502','Computer','22','DeviceMemory','1','glpi','2012-05-16 03:21:04','0','','4GB_DDR3_HYNIX');
INSERT INTO `glpi_logs` VALUES ('503','Computer','22','DeviceMemory','1','glpi','2012-05-16 03:21:09','0','','4GB_DDR3_HYNIX');
INSERT INTO `glpi_logs` VALUES ('504','Computer','22','DeviceGraphicCard','1','glpi','2012-05-16 03:21:18','0','','Integrated');
INSERT INTO `glpi_logs` VALUES ('505','Computer','22','DeviceHardDrive','1','glpi','2012-05-16 03:21:53','0','','SVP100ES2128G');
INSERT INTO `glpi_logs` VALUES ('506','Computer','22','NetworkPort','17','glpi','2012-05-16 03:22:21','0','','  : ID 23 (23)');
INSERT INTO `glpi_logs` VALUES ('507','NetworkPort','23','0','20','glpi','2012-05-16 03:22:21','0','','');
INSERT INTO `glpi_logs` VALUES ('508','Computer','22','Monitor','15','glpi','2012-05-16 03:23:01','0','','MON0038 (39)');
INSERT INTO `glpi_logs` VALUES ('509','Monitor','39','Computer','15','glpi','2012-05-16 03:23:01','0','','PC0022 (22)');
INSERT INTO `glpi_logs` VALUES ('510','Computer','22','Monitor','15','glpi','2012-05-16 03:23:10','0','','MON0039 (40)');
INSERT INTO `glpi_logs` VALUES ('511','Monitor','40','Computer','15','glpi','2012-05-16 03:23:10','0','','PC0022 (22)');
INSERT INTO `glpi_logs` VALUES ('512','Computer','21','Monitor','15','glpi','2012-05-16 03:23:45','0','','MON0036 (37)');
INSERT INTO `glpi_logs` VALUES ('513','Monitor','37','Computer','15','glpi','2012-05-16 03:23:45','0','','PC0021 (21)');
INSERT INTO `glpi_logs` VALUES ('514','Computer','21','Monitor','15','glpi','2012-05-16 03:23:51','0','','MON0037 (38)');
INSERT INTO `glpi_logs` VALUES ('515','Monitor','38','Computer','15','glpi','2012-05-16 03:23:51','0','','PC0021 (21)');
INSERT INTO `glpi_logs` VALUES ('516','Computer','23','0','20','glpi','2012-05-16 03:24:51','0','','');
INSERT INTO `glpi_logs` VALUES ('517','Monitor','41','','0','glpi','2012-05-16 03:25:04','71','Ukad','&nbsp;');
INSERT INTO `glpi_logs` VALUES ('518','Computer','23','Monitor','15','glpi','2012-05-16 03:25:04','0','','MON0040 (41)');
INSERT INTO `glpi_logs` VALUES ('519','Monitor','41','Computer','15','glpi','2012-05-16 03:25:04','0','','PC0023 (23)');
INSERT INTO `glpi_logs` VALUES ('520','Peripheral','1','0','13','glpi','2012-05-16 03:26:27','0','','');
INSERT INTO `glpi_logs` VALUES ('521','Computer','24','0','20','glpi','2012-05-16 03:27:29','0','','');
INSERT INTO `glpi_logs` VALUES ('522','Computer','25','0','20','glpi','2012-05-16 03:28:47','0','','');
INSERT INTO `glpi_logs` VALUES ('523','Monitor','42','0','20','glpi','2012-05-16 03:30:28','0','','');
INSERT INTO `glpi_logs` VALUES ('524','Computer','25','Monitor','15','glpi','2012-05-16 03:30:40','0','','MON0041 (42)');
INSERT INTO `glpi_logs` VALUES ('525','Monitor','42','Computer','15','glpi','2012-05-16 03:30:40','0','','MACMINI0002 (25)');
INSERT INTO `glpi_logs` VALUES ('526','Computer','26','0','20','glpi','2012-05-16 03:32:56','0','','');
INSERT INTO `glpi_logs` VALUES ('527','Monitor','43','0','20','glpi','2012-05-16 03:34:52','0','','');
INSERT INTO `glpi_logs` VALUES ('528','Computer','26','DeviceProcessor','1','glpi','2012-05-16 03:37:30','0','','Sempron');
INSERT INTO `glpi_logs` VALUES ('529','Computer','26','DeviceMotherboard','1','glpi','2012-05-16 03:37:43','0','','S754_6100K8MB-RS(H)');
INSERT INTO `glpi_logs` VALUES ('530','Computer','26','DeviceMemory','1','glpi','2012-05-16 03:38:31','0','','1GB_DDR1_NONAME');
INSERT INTO `glpi_logs` VALUES ('531','Computer','26','DeviceMemory','1','glpi','2012-05-16 03:38:36','0','','1GB_DDR1_NONAME');
INSERT INTO `glpi_logs` VALUES ('532','Computer','26','DeviceHardDrive','1','glpi','2012-05-16 03:38:55','0','','HD080HJ');
INSERT INTO `glpi_logs` VALUES ('533','Computer','26','DeviceGraphicCard','1','glpi','2012-05-16 03:39:17','0','','Integrated');
INSERT INTO `glpi_logs` VALUES ('534','Computer','26','NetworkPort','17','glpi','2012-05-16 03:39:41','0','','  : ID 24 (24)');
INSERT INTO `glpi_logs` VALUES ('535','NetworkPort','24','0','20','glpi','2012-05-16 03:39:41','0','','');
INSERT INTO `glpi_logs` VALUES ('536','Computer','26','Monitor','15','glpi','2012-05-16 03:40:03','0','','MON0042 (43)');
INSERT INTO `glpi_logs` VALUES ('537','Monitor','43','Computer','15','glpi','2012-05-16 03:40:03','0','','PC0024 (26)');
INSERT INTO `glpi_logs` VALUES ('538','Monitor','44','0','20','glpi','2012-05-16 03:42:16','0','','');
INSERT INTO `glpi_logs` VALUES ('539','Computer','27','0','20','glpi','2012-05-16 03:43:28','0','','');
INSERT INTO `glpi_logs` VALUES ('540','Computer','27','DeviceProcessor','1','glpi','2012-05-16 03:43:47','0','','Sempron');
INSERT INTO `glpi_logs` VALUES ('541','Computer','27','Monitor','15','glpi','2012-05-16 03:45:19','0','','MON0043 (44)');
INSERT INTO `glpi_logs` VALUES ('542','Monitor','44','Computer','15','glpi','2012-05-16 03:45:19','0','','PC0025 (27)');
INSERT INTO `glpi_logs` VALUES ('543','Monitor','45','0','20','glpi','2012-05-16 03:46:35','0','','');
INSERT INTO `glpi_logs` VALUES ('544','Computer','28','0','20','glpi','2012-05-16 03:47:17','0','','');
INSERT INTO `glpi_logs` VALUES ('545','Computer','28','DeviceProcessor','1','glpi','2012-05-16 03:48:07','0','','i5-2300');
INSERT INTO `glpi_logs` VALUES ('546','Computer','28','DeviceMotherboard','1','glpi','2012-05-16 03:48:36','0','','S1155_GA-H61M-D2-B3');
INSERT INTO `glpi_logs` VALUES ('547','Computer','27','DeviceMotherboard','1','glpi','2012-05-16 03:50:17','0','','S754_K8NF6G-VSTA');
INSERT INTO `glpi_logs` VALUES ('548','Computer','28','DeviceHardDrive','1','glpi','2012-05-16 03:52:31','0','','HD502HJ ');
INSERT INTO `glpi_logs` VALUES ('549','Computer','28','','0','glpi','2012-05-16 03:53:53','46','&nbsp;','Ubuntu 10.04');
INSERT INTO `glpi_logs` VALUES ('550','Computer','28','DeviceGraphicCard','1','glpi','2012-05-16 03:54:06','0','','Integrated');
INSERT INTO `glpi_logs` VALUES ('551','Computer','28','Monitor','15','glpi','2012-05-16 03:55:11','0','','MON0044 (45)');
INSERT INTO `glpi_logs` VALUES ('552','Monitor','45','Computer','15','glpi','2012-05-16 03:55:11','0','','PC0026 (28)');
INSERT INTO `glpi_logs` VALUES ('553','Computer','27','','0','glpi','2012-05-16 03:57:17','46','&nbsp;','11.04');
INSERT INTO `glpi_logs` VALUES ('554','Computer','27','DeviceHardDrive','1','glpi','2012-05-16 03:57:54','0','','HD080HJ');
INSERT INTO `glpi_logs` VALUES ('555','Computer','27','DeviceGraphicCard','1','glpi','2012-05-16 03:58:37','0','','Integrated');
INSERT INTO `glpi_logs` VALUES ('556','Monitor','46','0','20','glpi','2012-05-16 04:13:08','0','','');
INSERT INTO `glpi_logs` VALUES ('557','Computer','29','0','20','glpi','2012-05-16 04:14:30','0','','');
INSERT INTO `glpi_logs` VALUES ('558','Computer','29','','0','glpi','2012-05-16 04:15:02','70','alexander.sidorov','dmitry.seredinov');
INSERT INTO `glpi_logs` VALUES ('559','Computer','29','Monitor','15','glpi','2012-05-16 04:15:32','0','','MON0045 (46)');
INSERT INTO `glpi_logs` VALUES ('560','Monitor','46','Computer','15','glpi','2012-05-16 04:15:32','0','','MACMINI0003 (29)');
INSERT INTO `glpi_logs` VALUES ('561','Computer','30','0','20','glpi','2012-05-16 04:17:27','0','','');
INSERT INTO `glpi_logs` VALUES ('562','Monitor','47','0','20','glpi','2012-05-16 04:19:07','0','','');
INSERT INTO `glpi_logs` VALUES ('563','Monitor','48','0','20','glpi','2012-05-16 04:20:01','0','','');
INSERT INTO `glpi_logs` VALUES ('564','Computer','31','0','20','glpi','2012-05-16 04:21:06','0','','');
INSERT INTO `glpi_logs` VALUES ('565','Computer','31','Monitor','15','glpi','2012-05-16 04:21:18','0','','MON0046 (47)');
INSERT INTO `glpi_logs` VALUES ('566','Monitor','47','Computer','15','glpi','2012-05-16 04:21:18','0','','PC0027 (31)');
INSERT INTO `glpi_logs` VALUES ('567','Computer','31','Monitor','15','glpi','2012-05-16 04:21:22','0','','MON0047 (48)');
INSERT INTO `glpi_logs` VALUES ('568','Monitor','48','Computer','15','glpi','2012-05-16 04:21:22','0','','PC0027 (31)');
INSERT INTO `glpi_logs` VALUES ('569','Computer','31','DeviceMotherboard','1','glpi','2012-05-16 04:22:02','0','','S775_P5Q SE');
INSERT INTO `glpi_logs` VALUES ('570','Computer','31','DeviceProcessor','1','glpi','2012-05-16 04:23:21','0','','Core 2 Duo E7600');
INSERT INTO `glpi_logs` VALUES ('571','Computer','31','DeviceHardDrive','1','glpi','2012-05-16 04:24:45','0','','ST3320418AS');
INSERT INTO `glpi_logs` VALUES ('572','Monitor','49','0','20','glpi','2012-05-16 04:28:31','0','','');
INSERT INTO `glpi_logs` VALUES ('573','Monitor','50','0','20','glpi','2012-05-16 04:29:19','0','','');
INSERT INTO `glpi_logs` VALUES ('574','Computer','32','0','20','glpi','2012-05-16 04:31:05','0','','');
INSERT INTO `glpi_logs` VALUES ('575','Computer','32','DeviceMotherboard','1','glpi','2012-05-16 04:32:31','0','','S775_P5QL');
INSERT INTO `glpi_logs` VALUES ('576','Computer','32','DeviceProcessor','1','glpi','2012-05-16 04:33:31','0','','Dual-Core E5300');
INSERT INTO `glpi_logs` VALUES ('577','Computer','32','DeviceHardDrive','1','glpi','2012-05-16 04:34:37','0','','ST3320418AS');
INSERT INTO `glpi_logs` VALUES ('578','Computer','32','Monitor','15','glpi','2012-05-16 04:36:59','0','','MON0048 (49)');
INSERT INTO `glpi_logs` VALUES ('579','Monitor','49','Computer','15','glpi','2012-05-16 04:36:59','0','','PC0028 (32)');
INSERT INTO `glpi_logs` VALUES ('580','Computer','32','Monitor','15','glpi','2012-05-16 04:37:03','0','','MON0049 (50)');
INSERT INTO `glpi_logs` VALUES ('581','Monitor','50','Computer','15','glpi','2012-05-16 04:37:03','0','','PC0028 (32)');
INSERT INTO `glpi_logs` VALUES ('582','Computer','6','Monitor','16','glpi','2012-05-16 05:22:54','0','MON0012 (12)','');
INSERT INTO `glpi_logs` VALUES ('583','Monitor','12','Computer','16','glpi','2012-05-16 05:22:54','0','PC0006 (6)','');
INSERT INTO `glpi_logs` VALUES ('584','Computer','6','Monitor','16','glpi','2012-05-16 05:22:57','0','MON0013 (13)','');
INSERT INTO `glpi_logs` VALUES ('585','Monitor','13','Computer','16','glpi','2012-05-16 05:22:57','0','PC0006 (6)','');
INSERT INTO `glpi_logs` VALUES ('586','Monitor','12','','0','glpi','2012-05-16 05:23:26','70','vadim.matsukatov','nadejda.lyabik');
INSERT INTO `glpi_logs` VALUES ('587','Computer','7','Monitor','15','glpi','2012-05-16 05:23:26','0','','MON0012 (12)');
INSERT INTO `glpi_logs` VALUES ('588','Monitor','12','Computer','15','glpi','2012-05-16 05:23:26','0','','PC0007 (7)');
INSERT INTO `glpi_logs` VALUES ('589','Monitor','13','','0','glpi','2012-05-16 05:23:42','3','202','205');
INSERT INTO `glpi_logs` VALUES ('590','Monitor','13','','0','glpi','2012-05-16 05:23:42','70','vadim.matsukatov','oleg.plitnik');
INSERT INTO `glpi_logs` VALUES ('591','Computer','18','Monitor','15','glpi','2012-05-16 05:23:42','0','','MON0013 (13)');
INSERT INTO `glpi_logs` VALUES ('592','Monitor','13','Computer','15','glpi','2012-05-16 05:23:42','0','','PC0018 (18)');
INSERT INTO `glpi_logs` VALUES ('593','Computer','18','Monitor','16','glpi','2012-05-16 05:24:57','0','MON0034 (34)','');
INSERT INTO `glpi_logs` VALUES ('594','Monitor','34','Computer','16','glpi','2012-05-16 05:24:57','0','PC0018 (18)','');
INSERT INTO `glpi_logs` VALUES ('595','Computer','7','Monitor','16','glpi','2012-05-16 05:25:36','0','MON0017 (17)','');
INSERT INTO `glpi_logs` VALUES ('596','Monitor','17','Computer','16','glpi','2012-05-16 05:25:36','0','PC0007 (7)','');
INSERT INTO `glpi_logs` VALUES ('597','Monitor','17','','0','glpi','2012-05-16 05:26:09','70','nadejda.lyabik','&nbsp;');
INSERT INTO `glpi_logs` VALUES ('598','Monitor','34','','0','glpi','2012-05-16 05:26:51','70','oleg.plitnik','&nbsp;');
INSERT INTO `glpi_logs` VALUES ('599','Computer','6','','0','glpi','2012-05-16 05:27:28','70','vadim.matsukatov','alexander.skripnik');
INSERT INTO `glpi_logs` VALUES ('600','Computer','21','Monitor','16','glpi','2012-05-16 05:28:03','0','MON0036 (37)','');
INSERT INTO `glpi_logs` VALUES ('601','Monitor','37','Computer','16','glpi','2012-05-16 05:28:03','0','PC0021 (21)','');
INSERT INTO `glpi_logs` VALUES ('602','Computer','21','Monitor','16','glpi','2012-05-16 05:28:05','0','MON0037 (38)','');
INSERT INTO `glpi_logs` VALUES ('603','Monitor','38','Computer','16','glpi','2012-05-16 05:28:05','0','PC0021 (21)','');
INSERT INTO `glpi_logs` VALUES ('604','Monitor','37','','0','glpi','2012-05-16 05:28:16','3','205','202');
INSERT INTO `glpi_logs` VALUES ('605','Computer','6','Monitor','15','glpi','2012-05-16 05:28:16','0','','MON0036 (37)');
INSERT INTO `glpi_logs` VALUES ('606','Monitor','37','Computer','15','glpi','2012-05-16 05:28:16','0','','PC0006 (6)');
INSERT INTO `glpi_logs` VALUES ('607','Monitor','38','','0','glpi','2012-05-16 05:28:21','3','205','202');
INSERT INTO `glpi_logs` VALUES ('608','Computer','6','Monitor','15','glpi','2012-05-16 05:28:21','0','','MON0037 (38)');
INSERT INTO `glpi_logs` VALUES ('609','Monitor','38','Computer','15','glpi','2012-05-16 05:28:21','0','','PC0006 (6)');
INSERT INTO `glpi_logs` VALUES ('610','Computer','21','','0','glpi','2012-05-16 05:28:55','70','alexander.skripnik','valeriy.matsukatov');
INSERT INTO `glpi_logs` VALUES ('611','Computer','1','Monitor','16','glpi','2012-05-16 05:29:16','0','MON0001 (1)','');
INSERT INTO `glpi_logs` VALUES ('612','Monitor','1','Computer','16','glpi','2012-05-16 05:29:16','0','PC0001 (1)','');
INSERT INTO `glpi_logs` VALUES ('613','Computer','1','Monitor','16','glpi','2012-05-16 05:29:18','0','MON0002 (2)','');
INSERT INTO `glpi_logs` VALUES ('614','Monitor','2','Computer','16','glpi','2012-05-16 05:29:18','0','PC0001 (1)','');
INSERT INTO `glpi_logs` VALUES ('615','Monitor','1','','0','glpi','2012-05-16 05:29:30','3','201','205');
INSERT INTO `glpi_logs` VALUES ('616','Computer','21','Monitor','15','glpi','2012-05-16 05:29:30','0','','MON0001 (1)');
INSERT INTO `glpi_logs` VALUES ('617','Monitor','1','Computer','15','glpi','2012-05-16 05:29:30','0','','PC0021 (21)');
INSERT INTO `glpi_logs` VALUES ('618','Monitor','2','','0','glpi','2012-05-16 05:29:35','3','201','205');
INSERT INTO `glpi_logs` VALUES ('619','Computer','21','Monitor','15','glpi','2012-05-16 05:29:35','0','','MON0002 (2)');
INSERT INTO `glpi_logs` VALUES ('620','Monitor','2','Computer','15','glpi','2012-05-16 05:29:35','0','','PC0021 (21)');
INSERT INTO `glpi_logs` VALUES ('621','Computer','1','','0','glpi','2012-05-16 05:30:16','70','valeriy.matsukatov','&nbsp;');
INSERT INTO `glpi_logs` VALUES ('622','User','47','','0','glpi','2012-05-16 05:34:50','3','&nbsp;','205');
INSERT INTO `glpi_logs` VALUES ('623','User','16','','0','glpi','2012-05-16 05:36:01','3','&nbsp;','205');
INSERT INTO `glpi_logs` VALUES ('624','Computer','6','','0','glpi','2012-05-16 05:36:16','3','202','205');
INSERT INTO `glpi_logs` VALUES ('625','Monitor','38','','0','glpi','2012-05-16 05:36:16','3','202','205');
INSERT INTO `glpi_logs` VALUES ('626','Monitor','37','','0','glpi','2012-05-16 05:36:16','3','202','205');
INSERT INTO `glpi_logs` VALUES ('627','Computer','21','','0','glpi','2012-05-16 05:37:00','3','205','201');
INSERT INTO `glpi_logs` VALUES ('628','Monitor','2','','0','glpi','2012-05-16 05:37:00','3','205','201');
INSERT INTO `glpi_logs` VALUES ('629','Monitor','1','','0','glpi','2012-05-16 05:37:00','3','205','201');
INSERT INTO `glpi_logs` VALUES ('630','User','71','Profile_User','17','glpi','2012-05-16 05:41:58','0','','Self-Service,  , D');
INSERT INTO `glpi_logs` VALUES ('631','User','71','0','20','glpi','2012-05-16 05:41:58','0','','');
INSERT INTO `glpi_logs` VALUES ('632','Computer','1','','0','glpi','2012-05-16 05:42:24','70','&nbsp;','Rezerv');
INSERT INTO `glpi_logs` VALUES ('633','Monitor','41','','0','glpi','2012-05-16 05:42:49','71','&nbsp;','Ukad');
INSERT INTO `glpi_logs` VALUES ('634','Monitor','17','','0','glpi','2012-05-16 05:43:11','70','&nbsp;','Rezerv');
INSERT INTO `glpi_logs` VALUES ('635','Monitor','34','','0','glpi','2012-05-16 05:43:11','70','&nbsp;','Rezerv');
INSERT INTO `glpi_logs` VALUES ('636','Computer','20','DeviceHardDrive','1','glpi','2012-05-16 05:46:24','0','','HD080HJ');
INSERT INTO `glpi_logs` VALUES ('637','Computer','23','','0','glpi','2012-05-16 05:47:09','71','&nbsp;','Ukad');
INSERT INTO `glpi_logs` VALUES ('638','Computer','2','','0','glpi','2012-05-16 05:48:05','44','QMFMB-F6GJ9-FX8JW-KHT7H-373B6','');
INSERT INTO `glpi_logs` VALUES ('639','Monitor','47','','0','glpi','2012-05-16 05:50:05','23','&nbsp;','SAMSUNG');
INSERT INTO `glpi_logs` VALUES ('640','Computer','2','','0','glpi','2012-05-16 09:51:26','44','','TV6CX-J7DYC-33VXK-9V6GY-Q9CD8');
INSERT INTO `glpi_logs` VALUES ('641','NetworkPort','1','','0','glpi','2012-05-16 09:53:31','4','','50-E5-49-21-31-50');
INSERT INTO `glpi_logs` VALUES ('642','Computer','4','','0','glpi','2012-05-16 09:54:42','44','','D897F-4C4Y8-HFVXG-MG7R3-KMDVX');
INSERT INTO `glpi_logs` VALUES ('643','Computer','3','','0','glpi','2012-05-16 09:55:40','44','','TFYHH-442GJ-7VDH6-YRX6H-79V4D');
INSERT INTO `glpi_logs` VALUES ('644','NetworkPort','3','','0','glpi','2012-05-16 09:56:13','4','','1C-6F-65-3E-05-DA');
INSERT INTO `glpi_logs` VALUES ('645','Computer','26','DeviceMemory','2','glpi','2012-05-16 09:57:08','0','0','1024');
INSERT INTO `glpi_logs` VALUES ('646','Computer','27','DeviceMemory','1','glpi','2012-05-16 09:57:43','0','','1GB_DDR1_NONAME');
INSERT INTO `glpi_logs` VALUES ('647','Computer','27','DeviceMemory','1','glpi','2012-05-16 09:57:50','0','','1GB_DDR1_NONAME');
INSERT INTO `glpi_logs` VALUES ('648','Computer','27','NetworkPort','17','glpi','2012-05-16 09:58:33','0','','  : ID 25 (25)');
INSERT INTO `glpi_logs` VALUES ('649','NetworkPort','25','0','20','glpi','2012-05-16 09:58:33','0','','');
INSERT INTO `glpi_logs` VALUES ('650','Computer','28','NetworkPort','17','glpi','2012-05-16 09:59:14','0','','  : ID 26 (26)');
INSERT INTO `glpi_logs` VALUES ('651','NetworkPort','26','0','20','glpi','2012-05-16 09:59:14','0','','');
INSERT INTO `glpi_logs` VALUES ('652','Computer','28','DeviceMemory','1','glpi','2012-05-16 09:59:39','0','','4GB_DDR3_KINGSTON');
INSERT INTO `glpi_logs` VALUES ('653','User','6','','0','Maksymenko Denis','2012-05-16 11:13:16','17','','ru_RU');
INSERT INTO `glpi_logs` VALUES ('654','NetworkEquipment','1','0','20','glpi','2012-05-17 04:21:43','0','','');
INSERT INTO `glpi_logs` VALUES ('655','NetworkEquipment','2','0','20','glpi','2012-05-17 04:23:17','0','','');
INSERT INTO `glpi_logs` VALUES ('656','NetworkEquipment','3','0','20','glpi','2012-05-17 04:24:16','0','','');
INSERT INTO `glpi_logs` VALUES ('657','Monitor','17','','0','glpi','2012-05-17 11:11:52','3','202','201');
INSERT INTO `glpi_logs` VALUES ('658','Monitor','17','','0','glpi','2012-05-17 11:11:52','70','Rezerv','nickolay.chizhikov');
INSERT INTO `glpi_logs` VALUES ('659','Computer','4','Monitor','15','glpi','2012-05-17 11:11:52','0','','MON0017 (17)');
INSERT INTO `glpi_logs` VALUES ('660','Monitor','17','Computer','15','glpi','2012-05-17 11:11:52','0','','PC0004 (4)');
INSERT INTO `glpi_logs` VALUES ('661','Computer','4','Monitor','16','glpi','2012-05-17 11:11:58','0','MON0017 (17)','');
INSERT INTO `glpi_logs` VALUES ('662','Monitor','17','Computer','16','glpi','2012-05-17 11:11:58','0','PC0004 (4)','');
INSERT INTO `glpi_logs` VALUES ('663','Computer','4','Monitor','16','glpi','2012-05-17 11:13:45','0','MON0009 (9)','');
INSERT INTO `glpi_logs` VALUES ('664','Monitor','9','Computer','16','glpi','2012-05-17 11:13:45','0','PC0004 (4)','');
INSERT INTO `glpi_logs` VALUES ('665','Computer','4','Monitor','15','glpi','2012-05-17 11:13:57','0','','MON0009 (9)');
INSERT INTO `glpi_logs` VALUES ('666','Monitor','9','Computer','15','glpi','2012-05-17 11:13:57','0','','PC0004 (4)');
INSERT INTO `glpi_logs` VALUES ('667','Computer','2','DeviceMotherboard','1','glpi','2012-05-17 11:14:33','0','','S775_P5G41TD-M Pro');
INSERT INTO `glpi_logs` VALUES ('668','Computer','2','DeviceMotherboard','3','glpi','2012-05-17 11:14:49','0','S775_P5G41TD-M Pro','');
INSERT INTO `glpi_logs` VALUES ('669','User','9','Profile_User','19','glpi','2012-05-18 02:38:16','0','Admin,  ','');
INSERT INTO `glpi_logs` VALUES ('670','User','9','Profile_User','17','glpi','2012-05-18 02:38:22','0','','Self-Service,  ');
INSERT INTO `glpi_logs` VALUES ('671','User','9','Profile_User','19','glpi','2012-05-18 02:39:42','0','Self-Service,  ','');
INSERT INTO `glpi_logs` VALUES ('672','User','9','Profile_User','17','glpi','2012-05-18 02:39:47','0','','Super-Admin,  ');
INSERT INTO `glpi_logs` VALUES ('673','User','9','Profile_User','19','glpi','2012-05-18 02:39:54','0','Super-Admin,  ','');
INSERT INTO `glpi_logs` VALUES ('674','User','9','Profile_User','17','glpi','2012-05-18 02:40:00','0','','Super-Admin,  , R');
INSERT INTO `glpi_logs` VALUES ('675','User','9','','0','Vilkhivskiy Dmitry','2012-05-18 02:40:23','17','','ru_RU');
INSERT INTO `glpi_logs` VALUES ('676','User','2','','0','Vilkhivskiy Dmitry','2012-05-18 02:40:56','8','1','0');
INSERT INTO `glpi_logs` VALUES ('677','Monitor','34','','0','Vilkhivskiy Dmitry','2012-05-18 02:44:18','11','0','23');
INSERT INTO `glpi_logs` VALUES ('678','Monitor','17','','0','Vilkhivskiy Dmitry','2012-05-18 02:47:10','70','nickolay.chizhikov','Rezerv');
INSERT INTO `glpi_logs` VALUES ('679','Monitor','34','','0','Vilkhivskiy Dmitry','2012-05-18 02:48:30','70','Rezerv','valeriy.matsukatov');
INSERT INTO `glpi_logs` VALUES ('680','Monitor','34','','0','Vilkhivskiy Dmitry','2012-05-18 02:49:04','3','205','201');
INSERT INTO `glpi_logs` VALUES ('681','Computer','21','Monitor','15','Vilkhivskiy Dmitry','2012-05-18 02:49:04','0','','MON0034 (34)');
INSERT INTO `glpi_logs` VALUES ('682','Monitor','34','Computer','15','Vilkhivskiy Dmitry','2012-05-18 02:49:04','0','','PC0021 (21)');
INSERT INTO `glpi_logs` VALUES ('683','Computer','21','Monitor','16','Vilkhivskiy Dmitry','2012-05-18 02:49:38','0','MON0002 (2)','');
INSERT INTO `glpi_logs` VALUES ('684','Monitor','2','Computer','16','Vilkhivskiy Dmitry','2012-05-18 02:49:38','0','PC0021 (21)','');
INSERT INTO `glpi_logs` VALUES ('685','Monitor','2','','0','Vilkhivskiy Dmitry','2012-05-18 05:01:00','3','201','207');
INSERT INTO `glpi_logs` VALUES ('686','Monitor','2','','0','Vilkhivskiy Dmitry','2012-05-18 05:01:00','70','valeriy.matsukatov','yuriy.zisin');
INSERT INTO `glpi_logs` VALUES ('687','Computer','30','Monitor','15','Vilkhivskiy Dmitry','2012-05-18 05:01:00','0','','MON0002 (2)');
INSERT INTO `glpi_logs` VALUES ('688','Monitor','2','Computer','15','Vilkhivskiy Dmitry','2012-05-18 05:01:00','0','','IMAC0001 (30)');
INSERT INTO `glpi_logs` VALUES ('689','Computer','30','Monitor','16','Vilkhivskiy Dmitry','2012-05-18 05:01:06','0','MON0002 (2)','');
INSERT INTO `glpi_logs` VALUES ('690','Monitor','2','Computer','16','Vilkhivskiy Dmitry','2012-05-18 05:01:06','0','IMAC0001 (30)','');
INSERT INTO `glpi_logs` VALUES ('691','Monitor','2','','0','Vilkhivskiy Dmitry','2012-05-18 05:04:42','3','207','201');
INSERT INTO `glpi_logs` VALUES ('692','Monitor','2','','0','Vilkhivskiy Dmitry','2012-05-18 05:04:42','70','yuriy.zisin','nickolay.chizhikov');
INSERT INTO `glpi_logs` VALUES ('693','Computer','4','Monitor','15','Vilkhivskiy Dmitry','2012-05-18 05:04:42','0','','MON0002 (2)');
INSERT INTO `glpi_logs` VALUES ('694','Monitor','2','Computer','15','Vilkhivskiy Dmitry','2012-05-18 05:04:42','0','','PC0004 (4)');
INSERT INTO `glpi_logs` VALUES ('695','Computer','4','Monitor','16','Vilkhivskiy Dmitry','2012-05-18 05:05:09','0','MON0009 (9)','');
INSERT INTO `glpi_logs` VALUES ('696','Monitor','9','Computer','16','Vilkhivskiy Dmitry','2012-05-18 05:05:09','0','PC0004 (4)','');
INSERT INTO `glpi_logs` VALUES ('697','User','8','Profile_User','19','Vilkhivskiy Dmitry','2012-05-29 07:53:55','0','Admin,  ','');
INSERT INTO `glpi_logs` VALUES ('698','User','8','Profile_User','17','Vilkhivskiy Dmitry','2012-05-29 07:54:01','0','','Super-Admin,  , R');
INSERT INTO `glpi_logs` VALUES ('794','PluginGenericobjectType','10','','0','Vilkhivskiy Dmitry','2012-05-30 07:53:34','9','0','1');
INSERT INTO `glpi_logs` VALUES ('793','PluginGenericobjectType','10','','0','Vilkhivskiy Dmitry','2012-05-30 07:53:34','6','0','1');
INSERT INTO `glpi_logs` VALUES ('775','PluginGenericobjectMotherboard','1','','0','Vilkhivskiy Dmitry','2012-05-30 07:15:36','21','&nbsp;','2 Slots');
INSERT INTO `glpi_logs` VALUES ('776','PluginGenericobjectMotherboard','2','0','20','Vilkhivskiy Dmitry','2012-05-30 07:20:36','0','','');
INSERT INTO `glpi_logs` VALUES ('777','PluginGenericobjectMotherboard','1','','0','Vilkhivskiy Dmitry','2012-05-30 07:27:47','17','&nbsp;','775');
INSERT INTO `glpi_logs` VALUES ('778','PluginGenericobjectMotherboard','1','','0','Vilkhivskiy Dmitry','2012-05-30 07:27:47','18','&nbsp;','video integrated');
INSERT INTO `glpi_logs` VALUES ('779','PluginGenericobjectMotherboard','2','','0','Vilkhivskiy Dmitry','2012-05-30 07:28:59','17','&nbsp;','1155');
INSERT INTO `glpi_logs` VALUES ('713','User','9','','0','Vilkhivskiy Dmitry','2012-05-29 09:46:32','17','ru_RU','NULL');
INSERT INTO `glpi_logs` VALUES ('714','User','9','','0','Vilkhivskiy Dmitry','2012-05-29 09:47:11','17','','ru_RU');
INSERT INTO `glpi_logs` VALUES ('715','User','62','Group','15','Vilkhivskiy Dmitry','2012-05-29 10:18:54','0','','Ukad (3)');
INSERT INTO `glpi_logs` VALUES ('792','PluginGenericobjectType','10','','0','Vilkhivskiy Dmitry','2012-05-30 07:53:34','5','0','1');
INSERT INTO `glpi_logs` VALUES ('791','PluginGenericobjectType','10','0','20','Vilkhivskiy Dmitry','2012-05-30 07:53:05','0','','');
INSERT INTO `glpi_logs` VALUES ('790','PluginGenericobjectMemory','2','0','20','Vilkhivskiy Dmitry','2012-05-30 07:49:11','0','','');
INSERT INTO `glpi_logs` VALUES ('789','PluginGenericobjectMemory','1','0','20','Vilkhivskiy Dmitry','2012-05-30 07:47:34','0','','');
INSERT INTO `glpi_logs` VALUES ('788','PluginGenericobjectType','9','','0','Vilkhivskiy Dmitry','2012-05-30 07:36:54','17','0','1');
INSERT INTO `glpi_logs` VALUES ('787','PluginGenericobjectType','9','','0','Vilkhivskiy Dmitry','2012-05-30 07:36:54','15','0','1');
INSERT INTO `glpi_logs` VALUES ('774','PluginGenericobjectMotherboard','1','0','20','Vilkhivskiy Dmitry','2012-05-30 07:14:43','0','','');
INSERT INTO `glpi_logs` VALUES ('773','PluginGenericobjectType','8','','0','Vilkhivskiy Dmitry','2012-05-30 07:08:34','17','0','1');
INSERT INTO `glpi_logs` VALUES ('772','PluginGenericobjectType','8','','0','Vilkhivskiy Dmitry','2012-05-30 07:08:34','15','0','1');
INSERT INTO `glpi_logs` VALUES ('771','PluginGenericobjectType','8','','0','Vilkhivskiy Dmitry','2012-05-30 07:08:34','14','0','1');
INSERT INTO `glpi_logs` VALUES ('770','PluginGenericobjectType','8','','0','Vilkhivskiy Dmitry','2012-05-30 07:08:34','13','0','1');
INSERT INTO `glpi_logs` VALUES ('766','PluginGenericobjectType','8','0','20','Vilkhivskiy Dmitry','2012-05-30 07:08:12','0','','');
INSERT INTO `glpi_logs` VALUES ('767','PluginGenericobjectType','8','','0','Vilkhivskiy Dmitry','2012-05-30 07:08:34','5','0','1');
INSERT INTO `glpi_logs` VALUES ('768','PluginGenericobjectType','8','','0','Vilkhivskiy Dmitry','2012-05-30 07:08:34','6','0','1');
INSERT INTO `glpi_logs` VALUES ('769','PluginGenericobjectType','8','','0','Vilkhivskiy Dmitry','2012-05-30 07:08:34','9','0','1');
INSERT INTO `glpi_logs` VALUES ('786','PluginGenericobjectType','9','','0','Vilkhivskiy Dmitry','2012-05-30 07:36:54','14','0','1');
INSERT INTO `glpi_logs` VALUES ('785','PluginGenericobjectType','9','','0','Vilkhivskiy Dmitry','2012-05-30 07:36:54','13','0','1');
INSERT INTO `glpi_logs` VALUES ('784','PluginGenericobjectType','9','','0','Vilkhivskiy Dmitry','2012-05-30 07:36:54','9','0','1');
INSERT INTO `glpi_logs` VALUES ('783','PluginGenericobjectType','9','','0','Vilkhivskiy Dmitry','2012-05-30 07:36:54','6','0','1');
INSERT INTO `glpi_logs` VALUES ('782','PluginGenericobjectType','9','','0','Vilkhivskiy Dmitry','2012-05-30 07:36:54','5','0','1');
INSERT INTO `glpi_logs` VALUES ('781','PluginGenericobjectType','9','0','20','Vilkhivskiy Dmitry','2012-05-30 07:36:38','0','','');
INSERT INTO `glpi_logs` VALUES ('780','PluginGenericobjectMotherboard','2','','0','Vilkhivskiy Dmitry','2012-05-30 07:28:59','18','&nbsp;','video integrated');
INSERT INTO `glpi_logs` VALUES ('740','PluginGenericobjectRam','48','','0','Vilkhivskiy Dmitry','2012-05-29 10:39:20','13','alex.devyatkin','&nbsp;');
INSERT INTO `glpi_logs` VALUES ('741','User','62','Group','16','Vilkhivskiy Dmitry','2012-05-30 02:06:56','0','Ukad (3)','');
INSERT INTO `glpi_logs` VALUES ('742','PluginGenericobjectRam','7','','0','Vilkhivskiy Dmitry','2012-05-30 02:09:32','13','&nbsp;','artem.loboda');
INSERT INTO `glpi_logs` VALUES ('743','PluginGenericobjectRam','8','','0','Vilkhivskiy Dmitry','2012-05-30 02:10:36','13','&nbsp;','artem.loboda');
INSERT INTO `glpi_logs` VALUES ('744','PluginGenericobjectRam','9','','0','Vilkhivskiy Dmitry','2012-05-30 02:10:51','13','&nbsp;','artem.loboda');
INSERT INTO `glpi_logs` VALUES ('745','PluginGenericobjectRam','10','','0','Vilkhivskiy Dmitry','2012-05-30 02:11:01','13','&nbsp;','artem.loboda');
INSERT INTO `glpi_logs` VALUES ('746','PluginGenericobjectProcessor','3','','0','Vilkhivskiy Dmitry','2012-05-30 02:11:49','13','&nbsp;','artem.loboda');
INSERT INTO `glpi_logs` VALUES ('747','PluginGenericobjectMotherboard','3','','0','Vilkhivskiy Dmitry','2012-05-30 02:12:40','13','&nbsp;','artem.loboda');
INSERT INTO `glpi_logs` VALUES ('748','PluginGenericobjectOperationsystem','3','','0','Vilkhivskiy Dmitry','2012-05-30 02:16:23','13','&nbsp;','artem.loboda');
INSERT INTO `glpi_logs` VALUES ('749','User','72','Profile_User','17','Vilkhivskiy Dmitry','2012-05-30 02:22:36','0','','Self-Service,  , D');
INSERT INTO `glpi_logs` VALUES ('750','User','72','0','20','Vilkhivskiy Dmitry','2012-05-30 02:22:36','0','','');
INSERT INTO `glpi_logs` VALUES ('751','User','72','Profile_User','19','Vilkhivskiy Dmitry','2012-05-30 02:22:59','0','Self-Service,  , D','');
INSERT INTO `glpi_logs` VALUES ('752','User','72','Profile_User','17','Vilkhivskiy Dmitry','2012-05-30 02:23:09','0','','Technician,  , R');
INSERT INTO `glpi_logs` VALUES ('753','PluginGenericobjectRam','48','','0','Vilkhivskiy Dmitry','2012-05-30 02:27:22','1','1GB_DDR1_NONAME','RAM1');
INSERT INTO `glpi_logs` VALUES ('754','PluginGenericobjectRam','48','','0','Vilkhivskiy Dmitry','2012-05-30 02:27:22','16','','0000123445515');
INSERT INTO `glpi_logs` VALUES ('755','PluginGenericobjectRam','48','','0','Vilkhivskiy Dmitry','2012-05-30 02:27:22','17','&nbsp;','DDR3');
INSERT INTO `glpi_logs` VALUES ('756','PluginGenericobjectRam','48','','0','Vilkhivskiy Dmitry','2012-05-30 02:27:22','18','&nbsp;','KINGSTON');
INSERT INTO `glpi_logs` VALUES ('757','PluginGenericobjectRam','49','','0','Vilkhivskiy Dmitry','2012-05-30 05:00:41','1','1GB_DDR1_NONAME','');
INSERT INTO `glpi_logs` VALUES ('758','PluginGenericobjectProcessor','12','','0','Vilkhivskiy Dmitry','2012-05-30 05:04:53','13','&nbsp;','nickolay.chizhikov');
INSERT INTO `glpi_logs` VALUES ('760','PluginGenericobjectProcessor','12','','0','Yenin Dmitriy','2012-05-30 06:22:46','16','','SN291837--2334');
INSERT INTO `glpi_logs` VALUES ('761','PluginGenericobjectProcessor','12','','0','Yenin Dmitriy','2012-05-30 06:22:46','17','&nbsp;','INTEL');
INSERT INTO `glpi_logs` VALUES ('762','PluginGenericobjectProcessor','12','','0','Yenin Dmitriy','2012-05-30 06:22:46','18','','2012-05-17');
INSERT INTO `glpi_logs` VALUES ('763','PluginGenericobjectProcessor','12','','0','Yenin Dmitriy','2012-05-30 06:22:46','19','&nbsp;','Ukad');
INSERT INTO `glpi_logs` VALUES ('764','User','9','','0','Vilkhivskiy Dmitry','2012-05-30 06:58:49','17','ru_RU','NULL');
INSERT INTO `glpi_logs` VALUES ('765','User','9','','0','Vilkhivskiy Dmitry','2012-05-30 06:59:21','17','','ru_RU');
INSERT INTO `glpi_logs` VALUES ('795','PluginGenericobjectType','10','','0','Vilkhivskiy Dmitry','2012-05-30 07:53:34','13','0','1');
INSERT INTO `glpi_logs` VALUES ('796','PluginGenericobjectType','10','','0','Vilkhivskiy Dmitry','2012-05-30 07:53:34','14','0','1');
INSERT INTO `glpi_logs` VALUES ('797','PluginGenericobjectType','10','','0','Vilkhivskiy Dmitry','2012-05-30 07:53:34','15','0','1');
INSERT INTO `glpi_logs` VALUES ('798','PluginGenericobjectType','10','','0','Vilkhivskiy Dmitry','2012-05-30 07:53:34','17','0','1');
INSERT INTO `glpi_logs` VALUES ('799','PluginGenericobjectProcessor','1','0','20','Vilkhivskiy Dmitry','2012-05-30 07:57:54','0','','');
INSERT INTO `glpi_logs` VALUES ('800','PluginGenericobjectProcessor','1','','0','Vilkhivskiy Dmitry','2012-05-30 08:01:26','21','&nbsp;','vitaliy.orehov');
INSERT INTO `glpi_logs` VALUES ('801','PluginGenericobjectType','11','0','20','Vilkhivskiy Dmitry','2012-05-30 08:03:11','0','','');
INSERT INTO `glpi_logs` VALUES ('802','PluginGenericobjectType','11','','0','Vilkhivskiy Dmitry','2012-05-30 08:03:30','5','0','1');
INSERT INTO `glpi_logs` VALUES ('803','PluginGenericobjectType','11','','0','Vilkhivskiy Dmitry','2012-05-30 08:03:30','6','0','1');
INSERT INTO `glpi_logs` VALUES ('804','PluginGenericobjectType','11','','0','Vilkhivskiy Dmitry','2012-05-30 08:03:30','9','0','1');
INSERT INTO `glpi_logs` VALUES ('805','PluginGenericobjectType','11','','0','Vilkhivskiy Dmitry','2012-05-30 08:03:30','13','0','1');
INSERT INTO `glpi_logs` VALUES ('806','PluginGenericobjectType','11','','0','Vilkhivskiy Dmitry','2012-05-30 08:03:30','14','0','1');
INSERT INTO `glpi_logs` VALUES ('807','PluginGenericobjectType','11','','0','Vilkhivskiy Dmitry','2012-05-30 08:03:30','15','0','1');
INSERT INTO `glpi_logs` VALUES ('808','PluginGenericobjectType','11','','0','Vilkhivskiy Dmitry','2012-05-30 08:03:30','17','0','1');
INSERT INTO `glpi_logs` VALUES ('809','PluginGenericobjectHdd','1','0','20','Vilkhivskiy Dmitry','2012-05-30 08:15:53','0','','');
INSERT INTO `glpi_logs` VALUES ('810','PluginGenericobjectHdd','1','','0','Vilkhivskiy Dmitry','2012-05-30 08:22:43','22','&nbsp;','160GB');
INSERT INTO `glpi_logs` VALUES ('814','PluginGenericobjectType','15','0','20','Vilkhivskiy Dmitry','2012-05-30 08:31:56','0','','');
INSERT INTO `glpi_logs` VALUES ('815','PluginGenericobjectType','15','','0','Vilkhivskiy Dmitry','2012-05-30 08:32:12','5','0','1');
INSERT INTO `glpi_logs` VALUES ('816','PluginGenericobjectType','15','','0','Vilkhivskiy Dmitry','2012-05-30 08:32:12','6','0','1');
INSERT INTO `glpi_logs` VALUES ('817','PluginGenericobjectType','15','','0','Vilkhivskiy Dmitry','2012-05-30 08:32:12','9','0','1');
INSERT INTO `glpi_logs` VALUES ('818','PluginGenericobjectType','15','','0','Vilkhivskiy Dmitry','2012-05-30 08:32:12','13','0','1');
INSERT INTO `glpi_logs` VALUES ('819','PluginGenericobjectType','15','','0','Vilkhivskiy Dmitry','2012-05-30 08:32:12','14','0','1');
INSERT INTO `glpi_logs` VALUES ('820','PluginGenericobjectType','15','','0','Vilkhivskiy Dmitry','2012-05-30 08:32:12','15','0','1');
INSERT INTO `glpi_logs` VALUES ('821','PluginGenericobjectType','15','','0','Vilkhivskiy Dmitry','2012-05-30 08:32:12','17','0','1');
INSERT INTO `glpi_logs` VALUES ('822','PluginGenericobjectPower','1','0','20','Vilkhivskiy Dmitry','2012-05-30 08:36:12','0','','');
INSERT INTO `glpi_logs` VALUES ('838','PluginGenericobjectType','17','','0','Vilkhivskiy Dmitry','2012-05-30 08:47:34','17','0','1');
INSERT INTO `glpi_logs` VALUES ('837','PluginGenericobjectType','17','','0','Vilkhivskiy Dmitry','2012-05-30 08:47:34','15','0','1');
INSERT INTO `glpi_logs` VALUES ('836','PluginGenericobjectType','17','','0','Vilkhivskiy Dmitry','2012-05-30 08:47:34','14','0','1');
INSERT INTO `glpi_logs` VALUES ('835','PluginGenericobjectType','17','','0','Vilkhivskiy Dmitry','2012-05-30 08:47:34','13','0','1');
INSERT INTO `glpi_logs` VALUES ('834','PluginGenericobjectType','17','','0','Vilkhivskiy Dmitry','2012-05-30 08:47:34','9','0','1');
INSERT INTO `glpi_logs` VALUES ('833','PluginGenericobjectType','17','','0','Vilkhivskiy Dmitry','2012-05-30 08:47:34','6','0','1');
INSERT INTO `glpi_logs` VALUES ('832','PluginGenericobjectType','17','','0','Vilkhivskiy Dmitry','2012-05-30 08:47:34','5','0','1');
INSERT INTO `glpi_logs` VALUES ('831','PluginGenericobjectType','17','0','20','Vilkhivskiy Dmitry','2012-05-30 08:46:40','0','','');
INSERT INTO `glpi_logs` VALUES ('839','PluginGenericobjectOperationsystem','1','0','20','Vilkhivskiy Dmitry','2012-05-30 08:48:51','0','','');
INSERT INTO `glpi_logs` VALUES ('840','PluginGenericobjectOperationsystem','1','','0','Vilkhivskiy Dmitry','2012-05-30 08:50:50','16','&nbsp;','vitaliy.orehov');
INSERT INTO `glpi_logs` VALUES ('841','PluginGenericobjectOperationsystem','1','','0','Vilkhivskiy Dmitry','2012-05-30 08:50:50','17','&nbsp;','Ukad');
INSERT INTO `glpi_logs` VALUES ('842','PluginGenericobjectMotherboard','3','0','20','Vilkhivskiy Dmitry','2012-05-30 08:55:41','0','','');
INSERT INTO `glpi_logs` VALUES ('843','PluginGenericobjectMotherboard','4','0','20','Vilkhivskiy Dmitry','2012-05-30 08:57:50','0','','');
INSERT INTO `glpi_logs` VALUES ('844','PluginGenericobjectMotherboard','5','0','20','Vilkhivskiy Dmitry','2012-05-30 08:59:26','0','','');
INSERT INTO `glpi_logs` VALUES ('845','PluginGenericobjectMotherboard','6','0','20','Vilkhivskiy Dmitry','2012-05-30 09:01:30','0','','');
INSERT INTO `glpi_logs` VALUES ('846','PluginGenericobjectMotherboard','7','0','20','Vilkhivskiy Dmitry','2012-05-30 09:02:51','0','','');
INSERT INTO `glpi_logs` VALUES ('847','PluginGenericobjectMotherboard','8','0','20','Vilkhivskiy Dmitry','2012-05-30 09:04:42','0','','');
INSERT INTO `glpi_logs` VALUES ('848','PluginGenericobjectMotherboard','9','0','20','Vilkhivskiy Dmitry','2012-05-30 09:06:06','0','','');
INSERT INTO `glpi_logs` VALUES ('849','PluginGenericobjectMotherboard','10','0','20','Vilkhivskiy Dmitry','2012-05-30 09:07:45','0','','');
INSERT INTO `glpi_logs` VALUES ('850','PluginGenericobjectMotherboard','11','0','20','Vilkhivskiy Dmitry','2012-05-30 09:09:20','0','','');
INSERT INTO `glpi_logs` VALUES ('851','PluginGenericobjectMotherboard','12','0','20','Vilkhivskiy Dmitry','2012-05-30 09:10:43','0','','');
INSERT INTO `glpi_logs` VALUES ('852','PluginGenericobjectMotherboard','13','0','20','Vilkhivskiy Dmitry','2012-05-30 09:12:15','0','','');
INSERT INTO `glpi_logs` VALUES ('853','PluginGenericobjectMotherboard','14','0','20','Vilkhivskiy Dmitry','2012-05-30 09:13:17','0','','');
INSERT INTO `glpi_logs` VALUES ('854','PluginGenericobjectMotherboard','15','0','20','Vilkhivskiy Dmitry','2012-05-30 09:14:43','0','','');
INSERT INTO `glpi_logs` VALUES ('855','PluginGenericobjectMotherboard','16','0','20','Vilkhivskiy Dmitry','2012-05-30 09:16:17','0','','');
INSERT INTO `glpi_logs` VALUES ('856','PluginGenericobjectMotherboard','17','0','20','Vilkhivskiy Dmitry','2012-05-30 09:17:52','0','','');
INSERT INTO `glpi_logs` VALUES ('857','PluginGenericobjectMotherboard','18','0','20','Vilkhivskiy Dmitry','2012-05-30 09:20:45','0','','');
INSERT INTO `glpi_logs` VALUES ('858','PluginGenericobjectMotherboard','19','0','20','Vilkhivskiy Dmitry','2012-05-30 09:22:17','0','','');
INSERT INTO `glpi_logs` VALUES ('859','PluginGenericobjectMotherboard','20','0','20','Vilkhivskiy Dmitry','2012-05-30 09:23:34','0','','');
INSERT INTO `glpi_logs` VALUES ('860','PluginGenericobjectMotherboard','21','0','20','Vilkhivskiy Dmitry','2012-05-30 09:25:26','0','','');
INSERT INTO `glpi_logs` VALUES ('861','PluginGenericobjectMotherboard','22','0','20','Vilkhivskiy Dmitry','2012-05-30 09:26:11','0','','');
INSERT INTO `glpi_logs` VALUES ('862','PluginGenericobjectMotherboard','23','0','20','Vilkhivskiy Dmitry','2012-05-30 09:28:03','0','','');
INSERT INTO `glpi_logs` VALUES ('863','PluginGenericobjectMotherboard','24','0','20','Vilkhivskiy Dmitry','2012-05-30 09:29:02','0','','');
INSERT INTO `glpi_logs` VALUES ('864','PluginGenericobjectMotherboard','25','0','20','Vilkhivskiy Dmitry','2012-05-30 09:30:17','0','','');
INSERT INTO `glpi_logs` VALUES ('865','PluginGenericobjectMotherboard','26','0','20','Vilkhivskiy Dmitry','2012-05-30 09:31:39','0','','');
INSERT INTO `glpi_logs` VALUES ('866','PluginGenericobjectMotherboard','27','0','20','Vilkhivskiy Dmitry','2012-05-30 09:32:40','0','','');
INSERT INTO `glpi_logs` VALUES ('867','PluginGenericobjectMotherboard','22','','0','Vilkhivskiy Dmitry','2012-05-30 09:36:38','14','GA-H61M-D2-B3','0000');
INSERT INTO `glpi_logs` VALUES ('868','PluginGenericobjectMotherboard','22','','0','Vilkhivskiy Dmitry','2012-05-30 09:36:38','15','','0000');
INSERT INTO `glpi_logs` VALUES ('869','PluginGenericobjectMemory','3','0','20','Vilkhivskiy Dmitry','2012-05-30 09:40:05','0','','');
INSERT INTO `glpi_logs` VALUES ('870','PluginGenericobjectMemory','4','0','20','Vilkhivskiy Dmitry','2012-05-30 09:42:13','0','','');
INSERT INTO `glpi_logs` VALUES ('871','PluginGenericobjectMemory','5','0','20','Vilkhivskiy Dmitry','2012-05-30 09:43:01','0','','');
INSERT INTO `glpi_logs` VALUES ('872','PluginGenericobjectMemory','3','','0','Vilkhivskiy Dmitry','2012-05-30 09:43:14','17','1333','800');
INSERT INTO `glpi_logs` VALUES ('873','PluginGenericobjectMemory','6','0','20','Vilkhivskiy Dmitry','2012-05-30 09:44:22','0','','');
INSERT INTO `glpi_logs` VALUES ('874','PluginGenericobjectMemory','7','0','20','Vilkhivskiy Dmitry','2012-05-30 09:44:37','0','','');
INSERT INTO `glpi_logs` VALUES ('875','PluginGenericobjectMemory','8','0','20','Vilkhivskiy Dmitry','2012-05-30 09:44:53','0','','');
INSERT INTO `glpi_logs` VALUES ('876','PluginGenericobjectMemory','9','0','20','Vilkhivskiy Dmitry','2012-05-30 09:45:08','0','','');
INSERT INTO `glpi_logs` VALUES ('877','PluginGenericobjectMemory','7','','0','Vilkhivskiy Dmitry','2012-05-30 09:45:28','21','&nbsp;','Ukad');
INSERT INTO `glpi_logs` VALUES ('878','PluginGenericobjectMemory','10','0','20','Vilkhivskiy Dmitry','2012-05-30 09:47:08','0','','');
INSERT INTO `glpi_logs` VALUES ('879','PluginGenericobjectMemory','11','0','20','Vilkhivskiy Dmitry','2012-05-30 09:47:22','0','','');
INSERT INTO `glpi_logs` VALUES ('880','PluginGenericobjectMemory','12','0','20','Vilkhivskiy Dmitry','2012-05-30 09:47:51','0','','');
INSERT INTO `glpi_logs` VALUES ('881','PluginGenericobjectMemory','13','0','20','Vilkhivskiy Dmitry','2012-05-30 09:48:09','0','','');
INSERT INTO `glpi_logs` VALUES ('882','PluginGenericobjectMemory','14','0','20','Vilkhivskiy Dmitry','2012-05-30 09:48:29','0','','');
INSERT INTO `glpi_logs` VALUES ('883','PluginGenericobjectMemory','15','0','20','Vilkhivskiy Dmitry','2012-05-30 09:49:14','0','','');
INSERT INTO `glpi_logs` VALUES ('884','PluginGenericobjectMemory','16','0','20','Vilkhivskiy Dmitry','2012-05-30 09:49:29','0','','');
INSERT INTO `glpi_logs` VALUES ('885','PluginGenericobjectMemory','17','0','20','Vilkhivskiy Dmitry','2012-05-30 09:49:34','0','','');
INSERT INTO `glpi_logs` VALUES ('886','PluginGenericobjectMemory','18','0','20','Vilkhivskiy Dmitry','2012-05-30 09:50:19','0','','');
INSERT INTO `glpi_logs` VALUES ('887','PluginGenericobjectMemory','19','0','20','Vilkhivskiy Dmitry','2012-05-30 09:50:38','0','','');
INSERT INTO `glpi_logs` VALUES ('888','PluginGenericobjectMemory','20','0','20','Vilkhivskiy Dmitry','2012-05-30 09:51:00','0','','');
INSERT INTO `glpi_logs` VALUES ('889','PluginGenericobjectMemory','21','0','20','Vilkhivskiy Dmitry','2012-05-30 09:51:17','0','','');
INSERT INTO `glpi_logs` VALUES ('890','PluginGenericobjectMemory','22','0','20','Vilkhivskiy Dmitry','2012-05-30 09:52:01','0','','');
INSERT INTO `glpi_logs` VALUES ('891','PluginGenericobjectMemory','23','0','20','Vilkhivskiy Dmitry','2012-05-30 09:52:38','0','','');
INSERT INTO `glpi_logs` VALUES ('892','PluginGenericobjectMemory','24','0','20','Vilkhivskiy Dmitry','2012-05-30 09:53:05','0','','');
INSERT INTO `glpi_logs` VALUES ('893','PluginGenericobjectMemory','25','0','20','Vilkhivskiy Dmitry','2012-05-30 09:53:48','0','','');
INSERT INTO `glpi_logs` VALUES ('894','PluginGenericobjectMemory','26','0','20','Vilkhivskiy Dmitry','2012-05-30 09:54:10','0','','');
INSERT INTO `glpi_logs` VALUES ('895','PluginGenericobjectMemory','27','0','20','Vilkhivskiy Dmitry','2012-05-30 09:54:32','0','','');
INSERT INTO `glpi_logs` VALUES ('896','PluginGenericobjectMemory','28','0','20','Vilkhivskiy Dmitry','2012-05-30 09:54:40','0','','');
INSERT INTO `glpi_logs` VALUES ('897','PluginGenericobjectMemory','29','0','20','Vilkhivskiy Dmitry','2012-05-30 09:55:21','0','','');
INSERT INTO `glpi_logs` VALUES ('898','PluginGenericobjectMemory','30','0','20','Vilkhivskiy Dmitry','2012-05-30 09:55:39','0','','');
INSERT INTO `glpi_logs` VALUES ('899','PluginGenericobjectMemory','29','','0','Vilkhivskiy Dmitry','2012-05-30 09:55:59','17','1333','800');
INSERT INTO `glpi_logs` VALUES ('900','PluginGenericobjectMemory','31','0','20','Vilkhivskiy Dmitry','2012-05-30 09:56:37','0','','');
INSERT INTO `glpi_logs` VALUES ('901','PluginGenericobjectMemory','32','0','20','Vilkhivskiy Dmitry','2012-05-30 09:56:53','0','','');
INSERT INTO `glpi_logs` VALUES ('902','PluginGenericobjectMemory','33','0','20','Vilkhivskiy Dmitry','2012-05-30 09:57:29','0','','');
INSERT INTO `glpi_logs` VALUES ('903','PluginGenericobjectMemory','34','0','20','Vilkhivskiy Dmitry','2012-05-30 09:57:35','0','','');
INSERT INTO `glpi_logs` VALUES ('904','PluginGenericobjectMemory','35','0','20','Vilkhivskiy Dmitry','2012-05-30 09:58:07','0','','');
INSERT INTO `glpi_logs` VALUES ('905','PluginGenericobjectMemory','36','0','20','Vilkhivskiy Dmitry','2012-05-30 09:58:28','0','','');
INSERT INTO `glpi_logs` VALUES ('906','PluginGenericobjectMemory','37','0','20','Vilkhivskiy Dmitry','2012-05-30 09:58:57','0','','');
INSERT INTO `glpi_logs` VALUES ('907','PluginGenericobjectMemory','38','0','20','Vilkhivskiy Dmitry','2012-05-30 09:59:15','0','','');
INSERT INTO `glpi_logs` VALUES ('908','PluginGenericobjectMemory','39','0','20','Vilkhivskiy Dmitry','2012-05-30 10:00:56','0','','');
INSERT INTO `glpi_logs` VALUES ('909','PluginGenericobjectMemory','40','0','20','Vilkhivskiy Dmitry','2012-05-30 10:01:03','0','','');
INSERT INTO `glpi_logs` VALUES ('910','PluginGenericobjectMemory','41','0','20','Vilkhivskiy Dmitry','2012-05-30 10:01:50','0','','');
INSERT INTO `glpi_logs` VALUES ('911','PluginGenericobjectMemory','42','0','20','Vilkhivskiy Dmitry','2012-05-30 10:02:09','0','','');
INSERT INTO `glpi_logs` VALUES ('912','PluginGenericobjectMemory','43','0','20','Vilkhivskiy Dmitry','2012-05-30 10:02:48','0','','');
INSERT INTO `glpi_logs` VALUES ('913','PluginGenericobjectMemory','44','0','20','Vilkhivskiy Dmitry','2012-05-30 10:03:38','0','','');
INSERT INTO `glpi_logs` VALUES ('914','PluginGenericobjectMemory','45','0','20','Vilkhivskiy Dmitry','2012-05-30 10:04:40','0','','');
INSERT INTO `glpi_logs` VALUES ('915','PluginGenericobjectMemory','46','0','20','Vilkhivskiy Dmitry','2012-05-30 10:04:58','0','','');
INSERT INTO `glpi_logs` VALUES ('916','PluginGenericobjectMemory','47','0','20','Vilkhivskiy Dmitry','2012-05-30 10:05:50','0','','');
INSERT INTO `glpi_logs` VALUES ('917','PluginGenericobjectMemory','48','0','20','Vilkhivskiy Dmitry','2012-05-30 10:05:59','0','','');
INSERT INTO `glpi_logs` VALUES ('918','PluginGenericobjectMemory','49','0','20','Vilkhivskiy Dmitry','2012-05-30 10:06:19','0','','');
INSERT INTO `glpi_logs` VALUES ('919','PluginGenericobjectMemory','46','','0','Vilkhivskiy Dmitry','2012-05-30 10:07:13','21','&nbsp;','Ukad');
INSERT INTO `glpi_logs` VALUES ('920','PluginGenericobjectProcessor','2','0','20','Vilkhivskiy Dmitry','2012-05-30 10:11:16','0','','');
INSERT INTO `glpi_logs` VALUES ('921','PluginGenericobjectProcessor','3','0','20','Vilkhivskiy Dmitry','2012-05-30 10:12:27','0','','');
INSERT INTO `glpi_logs` VALUES ('922','PluginGenericobjectProcessor','4','0','20','Vilkhivskiy Dmitry','2012-05-30 10:14:04','0','','');
INSERT INTO `glpi_logs` VALUES ('923','PluginGenericobjectProcessor','5','0','20','Vilkhivskiy Dmitry','2012-05-31 02:24:50','0','','');
INSERT INTO `glpi_logs` VALUES ('924','PluginGenericobjectProcessor','6','0','20','Vilkhivskiy Dmitry','2012-05-31 02:26:06','0','','');
INSERT INTO `glpi_logs` VALUES ('925','PluginGenericobjectProcessor','6','','0','Vilkhivskiy Dmitry','2012-05-31 02:26:28','18','i5-2300','i5-2310');
INSERT INTO `glpi_logs` VALUES ('926','PluginGenericobjectProcessor','7','0','20','Vilkhivskiy Dmitry','2012-05-31 02:27:47','0','','');
INSERT INTO `glpi_logs` VALUES ('927','PluginGenericobjectProcessor','8','0','20','Vilkhivskiy Dmitry','2012-05-31 02:28:17','0','','');
INSERT INTO `glpi_logs` VALUES ('928','PluginGenericobjectProcessor','9','0','20','Vilkhivskiy Dmitry','2012-05-31 02:29:02','0','','');
INSERT INTO `glpi_logs` VALUES ('929','PluginGenericobjectProcessor','10','0','20','Vilkhivskiy Dmitry','2012-05-31 02:29:40','0','','');
INSERT INTO `glpi_logs` VALUES ('930','PluginGenericobjectProcessor','11','0','20','Vilkhivskiy Dmitry','2012-05-31 02:30:36','0','','');
INSERT INTO `glpi_logs` VALUES ('931','PluginGenericobjectProcessor','12','0','20','Vilkhivskiy Dmitry','2012-05-31 02:31:54','0','','');
INSERT INTO `glpi_logs` VALUES ('932','PluginGenericobjectProcessor','13','0','20','Vilkhivskiy Dmitry','2012-05-31 02:33:17','0','','');
INSERT INTO `glpi_logs` VALUES ('933','PluginGenericobjectProcessor','14','0','20','Vilkhivskiy Dmitry','2012-05-31 02:34:27','0','','');
INSERT INTO `glpi_logs` VALUES ('934','PluginGenericobjectProcessor','15','0','20','Vilkhivskiy Dmitry','2012-05-31 02:35:05','0','','');
INSERT INTO `glpi_logs` VALUES ('935','PluginGenericobjectProcessor','16','0','20','Vilkhivskiy Dmitry','2012-05-31 02:35:49','0','','');
INSERT INTO `glpi_logs` VALUES ('936','PluginGenericobjectProcessor','15','','0','Vilkhivskiy Dmitry','2012-05-31 02:37:16','21','&nbsp;','dmitriy.ovsyannikov');
INSERT INTO `glpi_logs` VALUES ('937','PluginGenericobjectProcessor','17','0','20','Vilkhivskiy Dmitry','2012-05-31 02:39:05','0','','');
INSERT INTO `glpi_logs` VALUES ('938','PluginGenericobjectProcessor','18','0','20','Vilkhivskiy Dmitry','2012-05-31 02:40:32','0','','');
INSERT INTO `glpi_logs` VALUES ('939','PluginGenericobjectProcessor','19','0','20','Vilkhivskiy Dmitry','2012-05-31 02:41:22','0','','');
INSERT INTO `glpi_logs` VALUES ('940','PluginGenericobjectProcessor','20','0','20','Vilkhivskiy Dmitry','2012-05-31 02:42:01','0','','');
INSERT INTO `glpi_logs` VALUES ('941','PluginGenericobjectProcessor','20','','0','Vilkhivskiy Dmitry','2012-05-31 02:42:10','16','1155','775');
INSERT INTO `glpi_logs` VALUES ('942','PluginGenericobjectProcessor','21','0','20','Vilkhivskiy Dmitry','2012-05-31 02:42:59','0','','');
INSERT INTO `glpi_logs` VALUES ('943','PluginGenericobjectProcessor','22','0','20','Vilkhivskiy Dmitry','2012-05-31 02:43:37','0','','');
INSERT INTO `glpi_logs` VALUES ('944','PluginGenericobjectProcessor','23','0','20','Vilkhivskiy Dmitry','2012-05-31 02:44:14','0','','');
INSERT INTO `glpi_logs` VALUES ('945','PluginGenericobjectProcessor','23','Infocom','17','Vilkhivskiy Dmitry','2012-05-31 02:44:26','0','','N/A (1)');
INSERT INTO `glpi_logs` VALUES ('947','PluginGenericobjectProcessor','23','Infocom','19','Vilkhivskiy Dmitry','2012-05-31 02:45:28','0','N/A (1)','');
INSERT INTO `glpi_logs` VALUES ('948','PluginGenericobjectProcessor','24','0','20','Vilkhivskiy Dmitry','2012-05-31 02:47:44','0','','');
INSERT INTO `glpi_logs` VALUES ('949','PluginGenericobjectProcessor','25','0','20','Vilkhivskiy Dmitry','2012-05-31 02:48:54','0','','');
INSERT INTO `glpi_logs` VALUES ('950','PluginGenericobjectProcessor','26','0','20','Vilkhivskiy Dmitry','2012-05-31 02:52:09','0','','');
INSERT INTO `glpi_logs` VALUES ('951','PluginGenericobjectProcessor','25','','0','Vilkhivskiy Dmitry','2012-05-31 02:54:26','18','Dual-Core E5300','Pentium E5300');
INSERT INTO `glpi_logs` VALUES ('952','PluginGenericobjectProcessor','27','0','20','Vilkhivskiy Dmitry','2012-05-31 02:56:53','0','','');
INSERT INTO `glpi_logs` VALUES ('953','PluginGenericobjectProcessor','28','0','20','Vilkhivskiy Dmitry','2012-05-31 02:58:27','0','','');
INSERT INTO `glpi_logs` VALUES ('1291','PluginGenericobjectMotherboard','7','','0','Vilkhivskiy Dmitry','2012-06-06 05:57:10','15','000000','50E549213026');
INSERT INTO `glpi_logs` VALUES ('1290','PluginGenericobjectHdd','4','','0','Vilkhivskiy Dmitry','2012-06-06 05:55:29','17','0000','S20BJ9AB311609');
INSERT INTO `glpi_logs` VALUES ('1289','PluginGenericobjectMemory','17','','0','Vilkhivskiy Dmitry','2012-06-06 05:54:51','15','0000','932EE3EAh (3940757139)');
INSERT INTO `glpi_logs` VALUES ('1288','PluginGenericobjectMemory','16','','0','Vilkhivskiy Dmitry','2012-06-06 05:54:40','15','0000','912E91EAh (3935383185)');
INSERT INTO `glpi_logs` VALUES ('962','PluginGenericobjectHdd','2','0','20','Vilkhivskiy Dmitry','2012-05-31 03:09:26','0','','');
INSERT INTO `glpi_logs` VALUES ('963','PluginGenericobjectHdd','2','','0','Vilkhivskiy Dmitry','2012-05-31 03:09:45','15','&nbsp;','Ukad');
INSERT INTO `glpi_logs` VALUES ('964','PluginGenericobjectSdd','1','0','20','Vilkhivskiy Dmitry','2012-05-31 03:14:07','0','','');
INSERT INTO `glpi_logs` VALUES ('965','PluginGenericobjectSdd','1','','0','Vilkhivskiy Dmitry','2012-05-31 03:15:16','21','&nbsp;','120GB');
INSERT INTO `glpi_logs` VALUES ('1287','PluginGenericobjectPower','6','0','20','Vilkhivskiy Dmitry','2012-06-06 05:48:58','0','','');
INSERT INTO `glpi_logs` VALUES ('974','PluginGenericobjectSsd','1','0','20','Vilkhivskiy Dmitry','2012-05-31 03:20:40','0','','');
INSERT INTO `glpi_logs` VALUES ('975','PluginGenericobjectHdd','3','0','20','Vilkhivskiy Dmitry','2012-05-31 03:25:20','0','','');
INSERT INTO `glpi_logs` VALUES ('976','PluginGenericobjectSsd','2','0','20','Vilkhivskiy Dmitry','2012-05-31 03:27:17','0','','');
INSERT INTO `glpi_logs` VALUES ('977','PluginGenericobjectSsd','3','0','20','Vilkhivskiy Dmitry','2012-05-31 03:29:23','0','','');
INSERT INTO `glpi_logs` VALUES ('978','PluginGenericobjectHdd','4','0','20','Vilkhivskiy Dmitry','2012-05-31 03:31:07','0','','');
INSERT INTO `glpi_logs` VALUES ('979','PluginGenericobjectHdd','5','0','20','Vilkhivskiy Dmitry','2012-05-31 03:33:01','0','','');
INSERT INTO `glpi_logs` VALUES ('980','PluginGenericobjectSsd','4','0','20','Vilkhivskiy Dmitry','2012-05-31 03:34:34','0','','');
INSERT INTO `glpi_logs` VALUES ('981','PluginGenericobjectSsd','5','0','20','Vilkhivskiy Dmitry','2012-05-31 03:36:27','0','','');
INSERT INTO `glpi_logs` VALUES ('982','PluginGenericobjectHdd','6','0','20','Vilkhivskiy Dmitry','2012-05-31 03:37:59','0','','');
INSERT INTO `glpi_logs` VALUES ('983','PluginGenericobjectHdd','7','0','20','Vilkhivskiy Dmitry','2012-05-31 03:39:49','0','','');
INSERT INTO `glpi_logs` VALUES ('984','PluginGenericobjectHdd','8','0','20','Vilkhivskiy Dmitry','2012-05-31 03:41:17','0','','');
INSERT INTO `glpi_logs` VALUES ('985','PluginGenericobjectHdd','9','0','20','Vilkhivskiy Dmitry','2012-05-31 03:42:19','0','','');
INSERT INTO `glpi_logs` VALUES ('986','PluginGenericobjectHdd','10','0','20','Vilkhivskiy Dmitry','2012-05-31 03:43:35','0','','');
INSERT INTO `glpi_logs` VALUES ('987','PluginGenericobjectHdd','11','0','20','Vilkhivskiy Dmitry','2012-05-31 03:44:27','0','','');
INSERT INTO `glpi_logs` VALUES ('988','PluginGenericobjectHdd','12','0','20','Vilkhivskiy Dmitry','2012-05-31 03:45:32','0','','');
INSERT INTO `glpi_logs` VALUES ('989','PluginGenericobjectSsd','6','0','20','Vilkhivskiy Dmitry','2012-05-31 03:46:35','0','','');
INSERT INTO `glpi_logs` VALUES ('990','PluginGenericobjectHdd','13','0','20','Vilkhivskiy Dmitry','2012-05-31 03:48:08','0','','');
INSERT INTO `glpi_logs` VALUES ('991','PluginGenericobjectHdd','14','0','20','Vilkhivskiy Dmitry','2012-05-31 03:49:06','0','','');
INSERT INTO `glpi_logs` VALUES ('992','PluginGenericobjectHdd','15','0','20','Vilkhivskiy Dmitry','2012-05-31 03:50:24','0','','');
INSERT INTO `glpi_logs` VALUES ('993','PluginGenericobjectSsd','7','0','20','Vilkhivskiy Dmitry','2012-05-31 03:51:25','0','','');
INSERT INTO `glpi_logs` VALUES ('994','PluginGenericobjectHdd','16','0','20','Vilkhivskiy Dmitry','2012-05-31 03:52:43','0','','');
INSERT INTO `glpi_logs` VALUES ('995','PluginGenericobjectHdd','17','0','20','Vilkhivskiy Dmitry','2012-05-31 03:53:52','0','','');
INSERT INTO `glpi_logs` VALUES ('996','PluginGenericobjectHdd','18','0','20','Vilkhivskiy Dmitry','2012-05-31 03:55:37','0','','');
INSERT INTO `glpi_logs` VALUES ('997','PluginGenericobjectHdd','19','0','20','Vilkhivskiy Dmitry','2012-05-31 03:56:40','0','','');
INSERT INTO `glpi_logs` VALUES ('998','PluginGenericobjectHdd','20','0','20','Vilkhivskiy Dmitry','2012-05-31 03:58:14','0','','');
INSERT INTO `glpi_logs` VALUES ('999','PluginGenericobjectHdd','17','','0','Vilkhivskiy Dmitry','2012-05-31 03:58:38','15','&nbsp;','Ukad');
INSERT INTO `glpi_logs` VALUES ('1000','Monitor','1','','0','Vilkhivskiy Dmitry','2012-05-31 04:02:39','1','MON0001','LG1730P');
INSERT INTO `glpi_logs` VALUES ('1001','Monitor','2','','0','Vilkhivskiy Dmitry','2012-05-31 04:02:58','1','MON0002','SAMSUNG923NW');
INSERT INTO `glpi_logs` VALUES ('1002','Monitor','3','','0','Vilkhivskiy Dmitry','2012-05-31 04:03:15','1','MON0003','SAMSUNG943N');
INSERT INTO `glpi_logs` VALUES ('1003','Monitor','4','','0','Vilkhivskiy Dmitry','2012-05-31 04:03:30','1','MON0004','LGW2346T');
INSERT INTO `glpi_logs` VALUES ('1004','Monitor','5','','0','Vilkhivskiy Dmitry','2012-05-31 04:03:44','1','MON0005','LGW2346S');
INSERT INTO `glpi_logs` VALUES ('1005','Monitor','6','','0','Vilkhivskiy Dmitry','2012-05-31 04:03:56','1','MON0006','SAMSUNG943N');
INSERT INTO `glpi_logs` VALUES ('1006','Monitor','7','','0','Vilkhivskiy Dmitry','2012-05-31 04:04:09','1','MON0007','LGW2346T');
INSERT INTO `glpi_logs` VALUES ('1007','Monitor','8','','0','Vilkhivskiy Dmitry','2012-05-31 04:04:21','1','MON0008','LGW2346');
INSERT INTO `glpi_logs` VALUES ('1008','Monitor','9','','0','Vilkhivskiy Dmitry','2012-05-31 04:04:34','1','MON0009','PHILIPS190S');
INSERT INTO `glpi_logs` VALUES ('1009','Monitor','10','','0','Vilkhivskiy Dmitry','2012-05-31 04:04:48','1','MON0010','PHILIPS241SL');
INSERT INTO `glpi_logs` VALUES ('1010','Monitor','11','','0','Vilkhivskiy Dmitry','2012-05-31 04:05:01','1','MON0011','SAMSUNG943N');
INSERT INTO `glpi_logs` VALUES ('1011','Monitor','12','','0','Vilkhivskiy Dmitry','2012-05-31 04:05:14','1','MON0012','SAMSUNG943N');
INSERT INTO `glpi_logs` VALUES ('1012','Monitor','13','','0','Vilkhivskiy Dmitry','2012-05-31 04:05:51','1','MON0013','SAMSUNGE2320');
INSERT INTO `glpi_logs` VALUES ('1013','Monitor','14','','0','Vilkhivskiy Dmitry','2012-05-31 04:06:04','1','MON0014','SAMSUNG943');
INSERT INTO `glpi_logs` VALUES ('1014','Monitor','15','','0','Vilkhivskiy Dmitry','2012-05-31 04:06:19','1','MON0015','LGW2346S');
INSERT INTO `glpi_logs` VALUES ('1015','Monitor','16','','0','Vilkhivskiy Dmitry','2012-05-31 04:06:29','1','MON0016','LGW2346T');
INSERT INTO `glpi_logs` VALUES ('1016','Monitor','17','','0','Vilkhivskiy Dmitry','2012-05-31 04:06:43','1','MON0017','SAMSUNG710N');
INSERT INTO `glpi_logs` VALUES ('1017','Monitor','18','','0','Vilkhivskiy Dmitry','2012-05-31 04:06:59','1','MON0018','SAMSUNG940N');
INSERT INTO `glpi_logs` VALUES ('1018','Monitor','19','','0','Vilkhivskiy Dmitry','2012-05-31 04:07:10','1','MON0019','SAMSUNG241SL');
INSERT INTO `glpi_logs` VALUES ('1019','Monitor','20','','0','Vilkhivskiy Dmitry','2012-05-31 04:07:36','1','MON0020','SAMSUNG971P');
INSERT INTO `glpi_logs` VALUES ('1020','Monitor','21','','0','Vilkhivskiy Dmitry','2012-05-31 04:07:50','1','MON0021','LGW2346');
INSERT INTO `glpi_logs` VALUES ('1021','Monitor','22','','0','Vilkhivskiy Dmitry','2012-05-31 04:08:06','1','MON0022','SAMSUNG923NW');
INSERT INTO `glpi_logs` VALUES ('1022','Monitor','23','','0','Vilkhivskiy Dmitry','2012-05-31 04:08:22','1','MON0023','SAMSUNG940N');
INSERT INTO `glpi_logs` VALUES ('1023','Monitor','24','','0','Vilkhivskiy Dmitry','2012-05-31 04:08:32','1','MON0024','LGW2346');
INSERT INTO `glpi_logs` VALUES ('1024','Monitor','25','','0','Vilkhivskiy Dmitry','2012-05-31 04:08:44','1','MON0025','PHILIPS241SL');
INSERT INTO `glpi_logs` VALUES ('1025','Monitor','26','','0','Vilkhivskiy Dmitry','2012-05-31 04:08:59','1','MON0026','LGW2346S');
INSERT INTO `glpi_logs` VALUES ('1026','Monitor','27','','0','Vilkhivskiy Dmitry','2012-05-31 04:09:20','1','MON0027','LGW2346T');
INSERT INTO `glpi_logs` VALUES ('1027','Monitor','28','','0','Vilkhivskiy Dmitry','2012-05-31 04:09:30','1','MON0028','LGW2346');
INSERT INTO `glpi_logs` VALUES ('1028','Monitor','29','','0','Vilkhivskiy Dmitry','2012-05-31 04:09:40','1','MON0029','SAMSUNG943');
INSERT INTO `glpi_logs` VALUES ('1029','Monitor','30','','0','Vilkhivskiy Dmitry','2012-05-31 04:09:55','1','MON0030','SAMSUNG943N');
INSERT INTO `glpi_logs` VALUES ('1030','Monitor','31','','0','Vilkhivskiy Dmitry','2012-05-31 04:10:11','1','MON0031','LGW2346S');
INSERT INTO `glpi_logs` VALUES ('1031','Monitor','32','','0','Vilkhivskiy Dmitry','2012-05-31 04:10:21','1','MON0032','SAMSUNG943');
INSERT INTO `glpi_logs` VALUES ('1032','Monitor','33','','0','Vilkhivskiy Dmitry','2012-05-31 04:10:33','1','MON0033','SAMSUNG940N');
INSERT INTO `glpi_logs` VALUES ('1033','Monitor','34','','0','Vilkhivskiy Dmitry','2012-05-31 04:10:45','1','MON0034','LGW2346');
INSERT INTO `glpi_logs` VALUES ('1034','Monitor','36','','0','Vilkhivskiy Dmitry','2012-05-31 04:10:54','1','MON0035','LGW2346');
INSERT INTO `glpi_logs` VALUES ('1035','Monitor','35','','0','Vilkhivskiy Dmitry','2012-05-31 04:11:07','1','MON0036','LGW2346S');
INSERT INTO `glpi_logs` VALUES ('1036','Monitor','37','','0','Vilkhivskiy Dmitry','2012-05-31 04:11:20','1','MON0036','LGW2346');
INSERT INTO `glpi_logs` VALUES ('1037','Monitor','38','','0','Vilkhivskiy Dmitry','2012-05-31 04:11:41','1','MON0037','OPTIQUEST-Q9');
INSERT INTO `glpi_logs` VALUES ('1038','Monitor','39','','0','Vilkhivskiy Dmitry','2012-05-31 04:11:56','1','MON0038','PHILIPS241SL');
INSERT INTO `glpi_logs` VALUES ('1039','Monitor','40','','0','Vilkhivskiy Dmitry','2012-05-31 04:12:09','1','MON0039','SAMSUNG940N');
INSERT INTO `glpi_logs` VALUES ('1040','Monitor','41','','0','Vilkhivskiy Dmitry','2012-05-31 04:12:34','1','MON0040','PHILIPS246ELH');
INSERT INTO `glpi_logs` VALUES ('1041','Monitor','42','','0','Vilkhivskiy Dmitry','2012-05-31 04:12:50','1','MON0041','SAMSUNG2494');
INSERT INTO `glpi_logs` VALUES ('1042','Monitor','43','','0','Vilkhivskiy Dmitry','2012-05-31 04:13:06','1','MON0042','SAMSUNG940N');
INSERT INTO `glpi_logs` VALUES ('1043','Monitor','44','','0','Vilkhivskiy Dmitry','2012-05-31 04:13:46','1','MON0043','SAMSUNG943N');
INSERT INTO `glpi_logs` VALUES ('1044','Monitor','45','','0','Vilkhivskiy Dmitry','2012-05-31 04:14:00','1','MON0044','LGW2346S');
INSERT INTO `glpi_logs` VALUES ('1045','Monitor','46','','0','Vilkhivskiy Dmitry','2012-05-31 04:14:23','1','MON0045','PHILIPS241SL');
INSERT INTO `glpi_logs` VALUES ('1046','Monitor','47','','0','Vilkhivskiy Dmitry','2012-05-31 04:14:34','1','MON0046','SAMSUNG943N');
INSERT INTO `glpi_logs` VALUES ('1047','Monitor','48','','0','Vilkhivskiy Dmitry','2012-05-31 04:14:45','1','MON0047','SAMSUNG943N');
INSERT INTO `glpi_logs` VALUES ('1048','Monitor','49','','0','Vilkhivskiy Dmitry','2012-05-31 04:14:56','1','MON0048','SAMSUNG940N');
INSERT INTO `glpi_logs` VALUES ('1049','Monitor','50','','0','Vilkhivskiy Dmitry','2012-05-31 04:15:03','1','MON0049','SAMSUNG940N');
INSERT INTO `glpi_logs` VALUES ('1050','PluginGenericobjectOperationsystem','2','0','20','Vilkhivskiy Dmitry','2012-05-31 04:19:04','0','','');
INSERT INTO `glpi_logs` VALUES ('1051','PluginGenericobjectOperationsystem','3','0','20','Vilkhivskiy Dmitry','2012-05-31 04:19:39','0','','');
INSERT INTO `glpi_logs` VALUES ('1052','PluginGenericobjectOperationsystem','4','0','20','Vilkhivskiy Dmitry','2012-05-31 04:20:22','0','','');
INSERT INTO `glpi_logs` VALUES ('1053','PluginGenericobjectOperationsystem','5','0','20','Vilkhivskiy Dmitry','2012-05-31 04:20:50','0','','');
INSERT INTO `glpi_logs` VALUES ('1054','PluginGenericobjectOperationsystem','6','0','20','Vilkhivskiy Dmitry','2012-05-31 04:21:03','0','','');
INSERT INTO `glpi_logs` VALUES ('1055','PluginGenericobjectOperationsystem','7','0','20','Vilkhivskiy Dmitry','2012-05-31 04:21:21','0','','');
INSERT INTO `glpi_logs` VALUES ('1056','PluginGenericobjectOperationsystem','8','0','20','Vilkhivskiy Dmitry','2012-05-31 04:21:37','0','','');
INSERT INTO `glpi_logs` VALUES ('1057','PluginGenericobjectOperationsystem','9','0','20','Vilkhivskiy Dmitry','2012-05-31 04:22:07','0','','');
INSERT INTO `glpi_logs` VALUES ('1058','PluginGenericobjectOperationsystem','10','0','20','Vilkhivskiy Dmitry','2012-05-31 04:22:23','0','','');
INSERT INTO `glpi_logs` VALUES ('1059','PluginGenericobjectOperationsystem','11','0','20','Vilkhivskiy Dmitry','2012-05-31 04:22:35','0','','');
INSERT INTO `glpi_logs` VALUES ('1060','PluginGenericobjectOperationsystem','12','0','20','Vilkhivskiy Dmitry','2012-05-31 04:23:02','0','','');
INSERT INTO `glpi_logs` VALUES ('1061','PluginGenericobjectOperationsystem','13','0','20','Vilkhivskiy Dmitry','2012-05-31 04:23:26','0','','');
INSERT INTO `glpi_logs` VALUES ('1062','PluginGenericobjectOperationsystem','14','0','20','Vilkhivskiy Dmitry','2012-05-31 04:23:40','0','','');
INSERT INTO `glpi_logs` VALUES ('1063','PluginGenericobjectOperationsystem','15','0','20','Vilkhivskiy Dmitry','2012-05-31 04:24:01','0','','');
INSERT INTO `glpi_logs` VALUES ('1064','PluginGenericobjectOperationsystem','16','0','20','Vilkhivskiy Dmitry','2012-05-31 04:24:14','0','','');
INSERT INTO `glpi_logs` VALUES ('1065','PluginGenericobjectOperationsystem','17','0','20','Vilkhivskiy Dmitry','2012-05-31 04:24:40','0','','');
INSERT INTO `glpi_logs` VALUES ('1066','PluginGenericobjectOperationsystem','18','0','20','Vilkhivskiy Dmitry','2012-05-31 04:25:07','0','','');
INSERT INTO `glpi_logs` VALUES ('1067','PluginGenericobjectOperationsystem','19','0','20','Vilkhivskiy Dmitry','2012-05-31 04:25:19','0','','');
INSERT INTO `glpi_logs` VALUES ('1068','PluginGenericobjectOperationsystem','20','0','20','Vilkhivskiy Dmitry','2012-05-31 04:25:31','0','','');
INSERT INTO `glpi_logs` VALUES ('1069','PluginGenericobjectOperationsystem','21','0','20','Vilkhivskiy Dmitry','2012-05-31 04:25:49','0','','');
INSERT INTO `glpi_logs` VALUES ('1070','PluginGenericobjectOperationsystem','22','0','20','Vilkhivskiy Dmitry','2012-05-31 04:26:09','0','','');
INSERT INTO `glpi_logs` VALUES ('1071','PluginGenericobjectOperationsystem','23','0','20','Vilkhivskiy Dmitry','2012-05-31 04:26:19','0','','');
INSERT INTO `glpi_logs` VALUES ('1072','PluginGenericobjectOperationsystem','24','0','20','Vilkhivskiy Dmitry','2012-05-31 04:26:47','0','','');
INSERT INTO `glpi_logs` VALUES ('1073','PluginGenericobjectOperationsystem','25','0','20','Vilkhivskiy Dmitry','2012-05-31 04:28:13','0','','');
INSERT INTO `glpi_logs` VALUES ('1096','PluginGenericobjectType','21','','0','Vilkhivskiy Dmitry','2012-05-31 04:45:04','17','0','1');
INSERT INTO `glpi_logs` VALUES ('1095','PluginGenericobjectType','21','','0','Vilkhivskiy Dmitry','2012-05-31 04:45:04','15','0','1');
INSERT INTO `glpi_logs` VALUES ('1094','PluginGenericobjectType','21','','0','Vilkhivskiy Dmitry','2012-05-31 04:45:04','14','0','1');
INSERT INTO `glpi_logs` VALUES ('1093','PluginGenericobjectType','21','','0','Vilkhivskiy Dmitry','2012-05-31 04:45:04','13','0','1');
INSERT INTO `glpi_logs` VALUES ('1092','PluginGenericobjectType','21','','0','Vilkhivskiy Dmitry','2012-05-31 04:45:04','9','0','1');
INSERT INTO `glpi_logs` VALUES ('1091','PluginGenericobjectType','21','','0','Vilkhivskiy Dmitry','2012-05-31 04:45:04','6','0','1');
INSERT INTO `glpi_logs` VALUES ('1090','PluginGenericobjectType','21','','0','Vilkhivskiy Dmitry','2012-05-31 04:45:04','5','0','1');
INSERT INTO `glpi_logs` VALUES ('1089','PluginGenericobjectType','21','0','20','Vilkhivskiy Dmitry','2012-05-31 04:44:52','0','','');
INSERT INTO `glpi_logs` VALUES ('1082','PluginGenericobjectVideocards','1','0','20','Vilkhivskiy Dmitry','2012-05-31 04:36:13','0','','');
INSERT INTO `glpi_logs` VALUES ('1083','PluginGenericobjectVideocards','2','0','20','Vilkhivskiy Dmitry','2012-05-31 04:37:07','0','','');
INSERT INTO `glpi_logs` VALUES ('1084','PluginGenericobjectVideocards','3','0','20','Vilkhivskiy Dmitry','2012-05-31 04:40:06','0','','');
INSERT INTO `glpi_logs` VALUES ('1085','PluginGenericobjectVideocards','4','0','20','Vilkhivskiy Dmitry','2012-05-31 04:40:31','0','','');
INSERT INTO `glpi_logs` VALUES ('1086','PluginGenericobjectVideocards','5','0','20','Vilkhivskiy Dmitry','2012-05-31 04:40:55','0','','');
INSERT INTO `glpi_logs` VALUES ('1087','PluginGenericobjectVideocards','6','0','20','Vilkhivskiy Dmitry','2012-05-31 04:41:50','0','','');
INSERT INTO `glpi_logs` VALUES ('1088','PluginGenericobjectVideocards','7','0','20','Vilkhivskiy Dmitry','2012-05-31 04:42:28','0','','');
INSERT INTO `glpi_logs` VALUES ('1097','PluginGenericobjectVideocard','1','0','20','Vilkhivskiy Dmitry','2012-05-31 04:47:59','0','','');
INSERT INTO `glpi_logs` VALUES ('1098','PluginGenericobjectVideocard','1','','0','Vilkhivskiy Dmitry','2012-05-31 04:48:28','19','&nbsp;','8400GS');
INSERT INTO `glpi_logs` VALUES ('1099','PluginGenericobjectVideocard','2','0','20','Vilkhivskiy Dmitry','2012-05-31 04:49:10','0','','');
INSERT INTO `glpi_logs` VALUES ('1100','PluginGenericobjectVideocard','3','0','20','Vilkhivskiy Dmitry','2012-05-31 04:50:03','0','','');
INSERT INTO `glpi_logs` VALUES ('1101','PluginGenericobjectVideocard','4','0','20','Vilkhivskiy Dmitry','2012-05-31 04:50:49','0','','');
INSERT INTO `glpi_logs` VALUES ('1102','PluginGenericobjectVideocard','5','0','20','Vilkhivskiy Dmitry','2012-05-31 04:52:21','0','','');
INSERT INTO `glpi_logs` VALUES ('1103','PluginGenericobjectVideocard','6','0','20','Vilkhivskiy Dmitry','2012-05-31 04:54:10','0','','');
INSERT INTO `glpi_logs` VALUES ('1104','PluginGenericobjectVideocard','7','0','20','Vilkhivskiy Dmitry','2012-05-31 04:55:00','0','','');
INSERT INTO `glpi_logs` VALUES ('1105','PluginGenericobjectVideocard','8','0','20','Vilkhivskiy Dmitry','2012-05-31 04:55:49','0','','');
INSERT INTO `glpi_logs` VALUES ('1202','PluginGenericobjectPower','1','','0','Vilkhivskiy Dmitry','2012-05-31 09:30:09','1','chiftek????','Cooler Master');
INSERT INTO `glpi_logs` VALUES ('1201','PluginGenericobjectMotherboard','2','','0','Vilkhivskiy Dmitry','2012-05-31 09:29:06','15','0000','50E549213150');
INSERT INTO `glpi_logs` VALUES ('1200','PluginGenericobjectMemory','4','','0','Vilkhivskiy Dmitry','2012-05-31 09:27:35','15','0000','9C34317Ah (2050045084)');
INSERT INTO `glpi_logs` VALUES ('1199','PluginGenericobjectMemory','2','','0','Vilkhivskiy Dmitry','2012-05-31 09:27:04','15','0000','B33C8714h (344407219)');
INSERT INTO `glpi_logs` VALUES ('1198','PluginGenericobjectHdd','1','','0','Vilkhivskiy Dmitry','2012-05-31 09:17:22','17','0000','STA1L7MA3HDGKB');
INSERT INTO `glpi_logs` VALUES ('1114','PluginGenericobjectMacmini','1','0','20','Vilkhivskiy Dmitry','2012-05-31 05:04:34','0','','');
INSERT INTO `glpi_logs` VALUES ('1115','PluginGenericobjectMacmini','2','0','20','Vilkhivskiy Dmitry','2012-05-31 05:05:25','0','','');
INSERT INTO `glpi_logs` VALUES ('1116','PluginGenericobjectMacmini','3','0','20','Vilkhivskiy Dmitry','2012-05-31 05:05:59','0','','');
INSERT INTO `glpi_logs` VALUES ('1117','PluginGenericobjectHdd','21','0','20','Vilkhivskiy Dmitry','2012-05-31 05:11:29','0','','');
INSERT INTO `glpi_logs` VALUES ('1207','PluginGenericobjectMemory','7','','0','Vilkhivskiy Dmitry','2012-05-31 09:44:18','15','0000','470C0E85h (2232290375)');
INSERT INTO `glpi_logs` VALUES ('1206','PluginGenericobjectMemory','6','','0','Vilkhivskiy Dmitry','2012-05-31 09:43:45','17','1333','2133');
INSERT INTO `glpi_logs` VALUES ('1205','PluginGenericobjectMemory','6','','0','Vilkhivskiy Dmitry','2012-05-31 09:43:45','15','0000','590C3983h (2201554009)');
INSERT INTO `glpi_logs` VALUES ('1204','PluginGenericobjectPower','1','','0','Vilkhivskiy Dmitry','2012-05-31 09:33:01','16','0000','RS460PCAPJ31104250476');
INSERT INTO `glpi_logs` VALUES ('1203','PluginGenericobjectPower','1','','0','Vilkhivskiy Dmitry','2012-05-31 09:33:01','14','500W','460W');
INSERT INTO `glpi_logs` VALUES ('1126','PluginGenericobjectImac','1','0','20','Vilkhivskiy Dmitry','2012-05-31 05:16:18','0','','');
INSERT INTO `glpi_logs` VALUES ('1127','Computer','23','0','13','Vilkhivskiy Dmitry','2012-05-31 05:20:49','0','','');
INSERT INTO `glpi_logs` VALUES ('1128','Computer','24','0','13','Vilkhivskiy Dmitry','2012-05-31 05:20:49','0','','');
INSERT INTO `glpi_logs` VALUES ('1129','Computer','25','0','13','Vilkhivskiy Dmitry','2012-05-31 05:20:49','0','','');
INSERT INTO `glpi_logs` VALUES ('1130','Computer','29','0','13','Vilkhivskiy Dmitry','2012-05-31 05:20:49','0','','');
INSERT INTO `glpi_logs` VALUES ('1131','Computer','30','0','13','Vilkhivskiy Dmitry','2012-05-31 05:20:49','0','','');
INSERT INTO `glpi_logs` VALUES ('1132','Computer','31','0','13','Vilkhivskiy Dmitry','2012-05-31 05:20:49','0','','');
INSERT INTO `glpi_logs` VALUES ('1133','Computer','32','0','13','Vilkhivskiy Dmitry','2012-05-31 05:20:49','0','','');
INSERT INTO `glpi_logs` VALUES ('1134','Computer','16','0','13','Vilkhivskiy Dmitry','2012-05-31 05:20:49','0','','');
INSERT INTO `glpi_logs` VALUES ('1135','Computer','3','0','13','Vilkhivskiy Dmitry','2012-05-31 05:20:49','0','','');
INSERT INTO `glpi_logs` VALUES ('1136','Computer','19','0','13','Vilkhivskiy Dmitry','2012-05-31 05:20:49','0','','');
INSERT INTO `glpi_logs` VALUES ('1137','Computer','1','0','13','Vilkhivskiy Dmitry','2012-05-31 05:20:49','0','','');
INSERT INTO `glpi_logs` VALUES ('1138','Computer','18','0','13','Vilkhivskiy Dmitry','2012-05-31 05:20:49','0','','');
INSERT INTO `glpi_logs` VALUES ('1139','Computer','21','0','13','Vilkhivskiy Dmitry','2012-05-31 05:20:49','0','','');
INSERT INTO `glpi_logs` VALUES ('1140','Computer','8','0','13','Vilkhivskiy Dmitry','2012-05-31 05:20:49','0','','');
INSERT INTO `glpi_logs` VALUES ('1141','Computer','12','0','13','Vilkhivskiy Dmitry','2012-05-31 05:20:49','0','','');
INSERT INTO `glpi_logs` VALUES ('1142','Computer','17','0','13','Vilkhivskiy Dmitry','2012-05-31 05:20:49','0','','');
INSERT INTO `glpi_logs` VALUES ('1143','Computer','2','0','13','Vilkhivskiy Dmitry','2012-05-31 05:20:49','0','','');
INSERT INTO `glpi_logs` VALUES ('1144','Computer','4','0','13','Vilkhivskiy Dmitry','2012-05-31 05:20:49','0','','');
INSERT INTO `glpi_logs` VALUES ('1145','Computer','5','0','13','Vilkhivskiy Dmitry','2012-05-31 05:20:49','0','','');
INSERT INTO `glpi_logs` VALUES ('1146','Computer','6','0','13','Vilkhivskiy Dmitry','2012-05-31 05:20:49','0','','');
INSERT INTO `glpi_logs` VALUES ('1147','Computer','7','0','13','Vilkhivskiy Dmitry','2012-05-31 05:20:49','0','','');
INSERT INTO `glpi_logs` VALUES ('1148','Computer','9','0','13','Vilkhivskiy Dmitry','2012-05-31 05:20:49','0','','');
INSERT INTO `glpi_logs` VALUES ('1149','Computer','10','0','13','Vilkhivskiy Dmitry','2012-05-31 05:20:49','0','','');
INSERT INTO `glpi_logs` VALUES ('1150','Computer','11','0','13','Vilkhivskiy Dmitry','2012-05-31 05:20:49','0','','');
INSERT INTO `glpi_logs` VALUES ('1151','Computer','13','0','13','Vilkhivskiy Dmitry','2012-05-31 05:20:49','0','','');
INSERT INTO `glpi_logs` VALUES ('1152','Computer','14','0','13','Vilkhivskiy Dmitry','2012-05-31 05:20:49','0','','');
INSERT INTO `glpi_logs` VALUES ('1153','Computer','15','0','13','Vilkhivskiy Dmitry','2012-05-31 05:20:49','0','','');
INSERT INTO `glpi_logs` VALUES ('1154','Computer','20','0','13','Vilkhivskiy Dmitry','2012-05-31 05:20:49','0','','');
INSERT INTO `glpi_logs` VALUES ('1155','Computer','22','0','13','Vilkhivskiy Dmitry','2012-05-31 05:20:49','0','','');
INSERT INTO `glpi_logs` VALUES ('1156','Computer','26','0','13','Vilkhivskiy Dmitry','2012-05-31 05:20:49','0','','');
INSERT INTO `glpi_logs` VALUES ('1157','Computer','27','0','13','Vilkhivskiy Dmitry','2012-05-31 05:20:49','0','','');
INSERT INTO `glpi_logs` VALUES ('1158','Computer','28','0','13','Vilkhivskiy Dmitry','2012-05-31 05:20:49','0','','');
INSERT INTO `glpi_logs` VALUES ('1159','User','67','','0','Vilkhivskiy Dmitry','2012-05-31 05:30:26','3','&nbsp;','207');
INSERT INTO `glpi_logs` VALUES ('1160','User','22','','0','Vilkhivskiy Dmitry','2012-05-31 05:31:05','3','&nbsp;','201');
INSERT INTO `glpi_logs` VALUES ('1161','User','15','','0','Vilkhivskiy Dmitry','2012-05-31 05:31:33','3','&nbsp;','206');
INSERT INTO `glpi_logs` VALUES ('1162','User','31','','0','Vilkhivskiy Dmitry','2012-05-31 05:32:04','3','&nbsp;','207');
INSERT INTO `glpi_logs` VALUES ('1163','User','62','','0','Vilkhivskiy Dmitry','2012-05-31 05:32:32','3','&nbsp;','201');
INSERT INTO `glpi_logs` VALUES ('1164','User','45','','0','Vilkhivskiy Dmitry','2012-05-31 05:32:52','3','&nbsp;','201');
INSERT INTO `glpi_logs` VALUES ('1165','User','17','','0','Vilkhivskiy Dmitry','2012-05-31 05:34:24','3','&nbsp;','203');
INSERT INTO `glpi_logs` VALUES ('1166','User','43','','0','Vilkhivskiy Dmitry','2012-05-31 05:34:45','3','&nbsp;','203');
INSERT INTO `glpi_logs` VALUES ('1167','User','24','','0','Vilkhivskiy Dmitry','2012-05-31 05:35:44','3','&nbsp;','203');
INSERT INTO `glpi_logs` VALUES ('1168','User','39','','0','Vilkhivskiy Dmitry','2012-05-31 05:37:08','3','&nbsp;','203');
INSERT INTO `glpi_logs` VALUES ('1169','User','50','','0','Vilkhivskiy Dmitry','2012-05-31 05:37:59','3','&nbsp;','204');
INSERT INTO `glpi_logs` VALUES ('1170','User','54','','0','Vilkhivskiy Dmitry','2012-05-31 05:38:52','3','&nbsp;','204');
INSERT INTO `glpi_logs` VALUES ('1171','User','25','','0','Vilkhivskiy Dmitry','2012-05-31 05:39:28','3','&nbsp;','204');
INSERT INTO `glpi_logs` VALUES ('1172','User','28','','0','Vilkhivskiy Dmitry','2012-05-31 05:40:15','3','&nbsp;','204');
INSERT INTO `glpi_logs` VALUES ('1173','User','64','','0','Vilkhivskiy Dmitry','2012-05-31 05:40:52','3','&nbsp;','204');
INSERT INTO `glpi_logs` VALUES ('1174','User','58','','0','Vilkhivskiy Dmitry','2012-05-31 05:41:35','3','&nbsp;','205');
INSERT INTO `glpi_logs` VALUES ('1175','User','12','','0','Vilkhivskiy Dmitry','2012-05-31 05:41:59','3','&nbsp;','205');
INSERT INTO `glpi_logs` VALUES ('1176','User','60','','0','Vilkhivskiy Dmitry','2012-05-31 05:42:44','3','&nbsp;','202');
INSERT INTO `glpi_logs` VALUES ('1177','User','37','','0','Vilkhivskiy Dmitry','2012-05-31 05:43:52','3','&nbsp;','205');
INSERT INTO `glpi_logs` VALUES ('1178','User','21','','0','Vilkhivskiy Dmitry','2012-05-31 05:44:25','3','&nbsp;','206');
INSERT INTO `glpi_logs` VALUES ('1179','User','38','','0','Vilkhivskiy Dmitry','2012-05-31 05:44:42','3','&nbsp;','206');
INSERT INTO `glpi_logs` VALUES ('1180','User','33','','0','Vilkhivskiy Dmitry','2012-05-31 05:45:36','3','&nbsp;','207');
INSERT INTO `glpi_logs` VALUES ('1181','User','48','','0','Vilkhivskiy Dmitry','2012-05-31 05:46:11','3','&nbsp;','207');
INSERT INTO `glpi_logs` VALUES ('1182','User','6','','0','Vilkhivskiy Dmitry','2012-05-31 05:47:03','3','&nbsp;','205');
INSERT INTO `glpi_logs` VALUES ('1183','User','36','','0','Vilkhivskiy Dmitry','2012-05-31 05:47:44','3','&nbsp;','206');
INSERT INTO `glpi_logs` VALUES ('1184','PluginGenericobjectType','24','0','20','Vilkhivskiy Dmitry','2012-05-31 06:57:09','0','','');
INSERT INTO `glpi_logs` VALUES ('1185','PluginGenericobjectType','24','','0','Vilkhivskiy Dmitry','2012-05-31 06:57:24','5','0','1');
INSERT INTO `glpi_logs` VALUES ('1186','PluginGenericobjectType','24','','0','Vilkhivskiy Dmitry','2012-05-31 06:57:24','6','0','1');
INSERT INTO `glpi_logs` VALUES ('1187','PluginGenericobjectType','24','','0','Vilkhivskiy Dmitry','2012-05-31 06:57:24','9','0','1');
INSERT INTO `glpi_logs` VALUES ('1188','PluginGenericobjectType','24','','0','Vilkhivskiy Dmitry','2012-05-31 06:57:24','13','0','1');
INSERT INTO `glpi_logs` VALUES ('1189','PluginGenericobjectType','24','','0','Vilkhivskiy Dmitry','2012-05-31 06:57:24','14','0','1');
INSERT INTO `glpi_logs` VALUES ('1190','PluginGenericobjectType','24','','0','Vilkhivskiy Dmitry','2012-05-31 06:57:24','15','0','1');
INSERT INTO `glpi_logs` VALUES ('1191','PluginGenericobjectType','24','','0','Vilkhivskiy Dmitry','2012-05-31 06:57:24','17','0','1');
INSERT INTO `glpi_logs` VALUES ('1192','PluginGenericobjectApple','1','0','20','Vilkhivskiy Dmitry','2012-05-31 07:01:07','0','','');
INSERT INTO `glpi_logs` VALUES ('1193','PluginGenericobjectApple','2','0','20','Vilkhivskiy Dmitry','2012-05-31 07:01:52','0','','');
INSERT INTO `glpi_logs` VALUES ('1194','PluginGenericobjectApple','3','0','20','Vilkhivskiy Dmitry','2012-05-31 07:02:14','0','','');
INSERT INTO `glpi_logs` VALUES ('1195','PluginGenericobjectApple','4','0','20','Vilkhivskiy Dmitry','2012-05-31 07:02:46','0','','');
INSERT INTO `glpi_logs` VALUES ('1196','PluginGenericobjectApple','4','','0','Vilkhivskiy Dmitry','2012-05-31 07:03:53','15','','C07GD4YFDJDO');
INSERT INTO `glpi_logs` VALUES ('1197','PluginGenericobjectApple','4','','0','Vilkhivskiy Dmitry','2012-05-31 07:03:53','16','C07GD4YFDJDO','');
INSERT INTO `glpi_logs` VALUES ('1208','PluginGenericobjectMemory','7','','0','Vilkhivskiy Dmitry','2012-05-31 09:44:18','17','1333','2133');
INSERT INTO `glpi_logs` VALUES ('1209','PluginGenericobjectMemory','8','','0','Vilkhivskiy Dmitry','2012-05-31 09:44:35','15','0000','570CF282h (2196900951)');
INSERT INTO `glpi_logs` VALUES ('1210','PluginGenericobjectMemory','8','','0','Vilkhivskiy Dmitry','2012-05-31 09:44:35','17','1333','2133');
INSERT INTO `glpi_logs` VALUES ('1211','PluginGenericobjectMemory','9','','0','Vilkhivskiy Dmitry','2012-05-31 09:45:03','15','0000','870C4784h (2219248775)');
INSERT INTO `glpi_logs` VALUES ('1212','PluginGenericobjectMemory','9','','0','Vilkhivskiy Dmitry','2012-05-31 09:45:03','17','1333','2133');
INSERT INTO `glpi_logs` VALUES ('1213','PluginGenericobjectSsd','1','','0','Vilkhivskiy Dmitry','2012-05-31 09:46:14','18','0000','50026B721B220969');
INSERT INTO `glpi_logs` VALUES ('1214','PluginGenericobjectPower','2','0','20','Vilkhivskiy Dmitry','2012-05-31 09:51:45','0','','');
INSERT INTO `glpi_logs` VALUES ('1215','PluginGenericobjectMotherboard','3','','0','Vilkhivskiy Dmitry','2012-05-31 09:53:21','15','00000000','1C6F653E05DA');
INSERT INTO `glpi_logs` VALUES ('1216','PluginGenericobjectVideocard','3','','0','Vilkhivskiy Dmitry','2012-05-31 09:54:46','17','0000','T1110105035');
INSERT INTO `glpi_logs` VALUES ('1217','PluginGenericobjectVideocard','2','','0','Vilkhivskiy Dmitry','2012-05-31 09:56:41','17','0000','A7COYZ088850');
INSERT INTO `glpi_logs` VALUES ('1218','PluginGenericobjectMotherboard','4','','0','Vilkhivskiy Dmitry','2012-06-01 02:35:17','15','0000','105859960000710');
INSERT INTO `glpi_logs` VALUES ('1219','PluginGenericobjectMemory','10','','0','Vilkhivskiy Dmitry','2012-06-01 02:35:46','15','0000','8D2E11EBh (3943771789)');
INSERT INTO `glpi_logs` VALUES ('1220','PluginGenericobjectMemory','11','','0','Vilkhivskiy Dmitry','2012-06-01 02:36:10','15','0000','682E6E36h (913190504)');
INSERT INTO `glpi_logs` VALUES ('1221','PluginGenericobjectHdd','3','','0','Vilkhivskiy Dmitry','2012-06-01 02:36:53','17','0000','S20BJ90B366761');
INSERT INTO `glpi_logs` VALUES ('1222','PluginGenericobjectPower','3','0','20','Vilkhivskiy Dmitry','2012-06-01 02:40:01','0','','');
INSERT INTO `glpi_logs` VALUES ('1223','PluginGenericobjectPower','3','','0','Vilkhivskiy Dmitry','2012-06-01 02:40:30','14','','460W');
INSERT INTO `glpi_logs` VALUES ('1224','PluginGenericobjectPower','3','','0','Vilkhivskiy Dmitry','2012-06-01 02:40:30','17','&nbsp;','Ukad');
INSERT INTO `glpi_logs` VALUES ('1225','PluginGenericobjectMotherboard','8','','0','Vilkhivskiy Dmitry','2012-06-01 02:44:48','15','0000','MS1C88BSCP01286');
INSERT INTO `glpi_logs` VALUES ('1226','PluginGenericobjectMemory','18','','0','Vilkhivskiy Dmitry','2012-06-01 02:45:18','15','0000','462C6274h (1952590918)');
INSERT INTO `glpi_logs` VALUES ('1227','PluginGenericobjectMemory','19','','0','Vilkhivskiy Dmitry','2012-06-01 02:45:34','15','0000','873A25E3h (3810867847)');
INSERT INTO `glpi_logs` VALUES ('1228','PluginGenericobjectMemory','21','','0','Vilkhivskiy Dmitry','2012-06-01 02:45:56','15','0000','490DA267h (1738673481)');
INSERT INTO `glpi_logs` VALUES ('1229','PluginGenericobjectMemory','20','','0','Vilkhivskiy Dmitry','2012-06-01 02:46:19','15','0000','873A25D6h (3592764039)');
INSERT INTO `glpi_logs` VALUES ('1230','PluginGenericobjectHdd','5','','0','Vilkhivskiy Dmitry','2012-06-01 02:46:53','17','0000','S17AJ9CS618427');
INSERT INTO `glpi_logs` VALUES ('1231','PluginGenericobjectPower','4','0','20','Vilkhivskiy Dmitry','2012-06-01 02:49:52','0','','');
INSERT INTO `glpi_logs` VALUES ('1232','PluginGenericobjectVideocard','6','','0','Vilkhivskiy Dmitry','2012-06-01 02:52:23','17','0000','CRPH000139587760');
INSERT INTO `glpi_logs` VALUES ('1233','PluginGenericobjectType','15','','0','Vilkhivskiy Dmitry','2012-06-01 04:00:56','5','1','0');
INSERT INTO `glpi_logs` VALUES ('1234','PluginGenericobjectType','15','','0','Vilkhivskiy Dmitry','2012-06-01 04:01:01','5','0','1');
INSERT INTO `glpi_logs` VALUES ('1235','User','9','','0','Vilkhivskiy Dmitry','2012-06-01 04:20:46','17','ru_RU','NULL');
INSERT INTO `glpi_logs` VALUES ('1236','Computer','33','0','20','Vilkhivskiy Dmitry','2012-06-01 04:21:40','0','','');
INSERT INTO `glpi_logs` VALUES ('1237','Computer','33','0','13','Vilkhivskiy Dmitry','2012-06-01 04:23:34','0','','');
INSERT INTO `glpi_logs` VALUES ('1238','Computer','33','0','13','Vilkhivskiy Dmitry','2012-06-01 04:23:34','0','','');
INSERT INTO `glpi_logs` VALUES ('1239','Phone','1','0','20','Dmitriy Yenin','2012-06-01 04:24:50','0','','');
INSERT INTO `glpi_logs` VALUES ('1240','Computer','34','0','20','Vilkhivskiy Dmitry','2012-06-01 04:27:56','0','','');
INSERT INTO `glpi_logs` VALUES ('1241','Computer','34','0','13','Vilkhivskiy Dmitry','2012-06-01 04:38:45','0','','');
INSERT INTO `glpi_logs` VALUES ('1242','User','9','','0','Vilkhivskiy Dmitry','2012-06-01 04:38:57','17','','ru_RU');
INSERT INTO `glpi_logs` VALUES ('1243','User','8','','0','Dmitriy Yenin','2012-06-01 05:30:41','17','','ru_RU');
INSERT INTO `glpi_logs` VALUES ('1244','User','8','','0','Dmitriy Yenin','2012-06-01 05:37:33','17','ru_RU','NULL');
INSERT INTO `glpi_logs` VALUES ('1245','User','8','','0','Dmitriy Yenin','2012-06-01 05:49:10','17','','ru_RU');
INSERT INTO `glpi_logs` VALUES ('1246','User','8','','0','Dmitriy Yenin','2012-06-01 05:58:53','17','ru_RU','NULL');
INSERT INTO `glpi_logs` VALUES ('1247','User','8','','0','Dmitriy Yenin','2012-06-01 06:04:33','17','','ru_RU');
INSERT INTO `glpi_logs` VALUES ('1248','User','8','','0','Dmitriy Yenin','2012-06-01 06:06:44','17','ru_RU','NULL');
INSERT INTO `glpi_logs` VALUES ('1249','User','8','','0','Dmitriy Yenin','2012-06-01 06:12:16','17','','ru_RU');
INSERT INTO `glpi_logs` VALUES ('1250','PluginGenericobjectHdd','22','0','20','Vilkhivskiy Dmitry','2012-06-01 06:30:02','0','','');
INSERT INTO `glpi_logs` VALUES ('1251','PluginGenericobjectHdd','22','','0','Vilkhivskiy Dmitry','2012-06-01 06:30:40','19','&nbsp;','SH100S3120G');
INSERT INTO `glpi_logs` VALUES ('1252','PluginGenericobjectSsd','1','0','13','Vilkhivskiy Dmitry','2012-06-01 06:30:47','0','','');
INSERT INTO `glpi_logs` VALUES ('1253','PluginGenericobjectHdd','23','0','20','Vilkhivskiy Dmitry','2012-06-01 06:31:54','0','','');
INSERT INTO `glpi_logs` VALUES ('1254','PluginGenericobjectSsd','2','0','13','Vilkhivskiy Dmitry','2012-06-01 06:32:03','0','','');
INSERT INTO `glpi_logs` VALUES ('1255','PluginGenericobjectHdd','24','0','20','Vilkhivskiy Dmitry','2012-06-01 06:32:56','0','','');
INSERT INTO `glpi_logs` VALUES ('1256','PluginGenericobjectHdd','23','','0','Vilkhivskiy Dmitry','2012-06-01 06:33:31','16','','0000');
INSERT INTO `glpi_logs` VALUES ('1257','PluginGenericobjectHdd','23','','0','Vilkhivskiy Dmitry','2012-06-01 06:33:31','17','','0000');
INSERT INTO `glpi_logs` VALUES ('1258','PluginGenericobjectSsd','3','0','13','Vilkhivskiy Dmitry','2012-06-01 06:34:02','0','','');
INSERT INTO `glpi_logs` VALUES ('1259','PluginGenericobjectHdd','25','0','20','Vilkhivskiy Dmitry','2012-06-01 06:35:08','0','','');
INSERT INTO `glpi_logs` VALUES ('1260','PluginGenericobjectSsd','4','0','13','Vilkhivskiy Dmitry','2012-06-01 06:35:18','0','','');
INSERT INTO `glpi_logs` VALUES ('1261','PluginGenericobjectHdd','26','0','20','Vilkhivskiy Dmitry','2012-06-01 06:36:48','0','','');
INSERT INTO `glpi_logs` VALUES ('1262','PluginGenericobjectSsd','5','0','13','Vilkhivskiy Dmitry','2012-06-01 06:37:00','0','','');
INSERT INTO `glpi_logs` VALUES ('1263','PluginGenericobjectHdd','27','0','20','Vilkhivskiy Dmitry','2012-06-01 06:37:47','0','','');
INSERT INTO `glpi_logs` VALUES ('1264','PluginGenericobjectSsd','6','0','13','Vilkhivskiy Dmitry','2012-06-01 06:38:05','0','','');
INSERT INTO `glpi_logs` VALUES ('1265','PluginGenericobjectHdd','28','0','20','Vilkhivskiy Dmitry','2012-06-01 06:38:50','0','','');
INSERT INTO `glpi_logs` VALUES ('1275','PluginGenericobjectSamsungs','1','0','20','Vilkhivskiy Dmitry','2012-06-01 07:04:48','0','','');
INSERT INTO `glpi_logs` VALUES ('1276','User','9','','0','Vilkhivskiy Dmitry','2012-06-01 07:05:27','17','ru_RU','NULL');
INSERT INTO `glpi_logs` VALUES ('1277','User','9','','0','Dmitriy Yenin','2012-06-04 07:34:02','17','','ru_RU');
INSERT INTO `glpi_logs` VALUES ('1278','PluginGenericobjectMemory','12','','0','Vilkhivskiy Dmitry','2012-06-06 05:31:13','15','0000','035A14A5h (2769574403)');
INSERT INTO `glpi_logs` VALUES ('1279','PluginGenericobjectMemory','13','','0','Vilkhivskiy Dmitry','2012-06-06 05:31:22','15','0000','038A27D8h (3626469891)');
INSERT INTO `glpi_logs` VALUES ('1280','PluginGenericobjectHdd','23','','0','Vilkhivskiy Dmitry','2012-06-06 05:32:13','17','0000','50026B7221030757');
INSERT INTO `glpi_logs` VALUES ('1281','PluginGenericobjectMotherboard','5','','0','Vilkhivskiy Dmitry','2012-06-06 05:34:35','15','000000000','50E549CA7627');
INSERT INTO `glpi_logs` VALUES ('1282','PluginGenericobjectPower','5','0','20','Vilkhivskiy Dmitry','2012-06-06 05:37:11','0','','');
INSERT INTO `glpi_logs` VALUES ('1283','PluginGenericobjectMemory','45','','0','Vilkhivskiy Dmitry','2012-06-06 05:42:32','15','0000','3058CFA4h (2765051952)');
INSERT INTO `glpi_logs` VALUES ('1284','PluginGenericobjectMemory','46','','0','Vilkhivskiy Dmitry','2012-06-06 05:42:57','15','0000','0E5DB7C5h (3317128462)');
INSERT INTO `glpi_logs` VALUES ('1285','PluginGenericobjectHdd','15','','0','Vilkhivskiy Dmitry','2012-06-06 05:43:34','17','0000','WD-WCAV96501998');
INSERT INTO `glpi_logs` VALUES ('1286','PluginGenericobjectMotherboard','21','','0','Vilkhivskiy Dmitry','2012-06-06 05:46:09','15','0000','9BMOX1082944');
INSERT INTO `glpi_logs` VALUES ('1292','PluginGenericobjectPower','7','0','20','Vilkhivskiy Dmitry','2012-06-06 05:59:31','0','','');
INSERT INTO `glpi_logs` VALUES ('1293','PluginGenericobjectPower','7','','0','Vilkhivskiy Dmitry','2012-06-06 06:00:09','17','&nbsp;','Ukad');
INSERT INTO `glpi_logs` VALUES ('1294','PluginGenericobjectPower','7','','0','Vilkhivskiy Dmitry','2012-06-06 06:00:09','18','&nbsp;','nadejda.lyabik');
INSERT INTO `glpi_logs` VALUES ('1295','User','62','Group','15','Dmitriy Yenin','2012-06-06 06:15:42','0','','Ukad (3)');
INSERT INTO `glpi_logs` VALUES ('1296','User','62','Group','16','Dmitriy Yenin','2012-06-06 06:17:12','0','Ukad (3)','');
INSERT INTO `glpi_logs` VALUES ('1297','User','62','','0','Dmitriy Yenin','2012-06-06 06:17:46','9','Vitaliy ','Vitaliy');
INSERT INTO `glpi_logs` VALUES ('1298','User','73','Profile_User','17','Vilkhivskiy Dmitry','2012-06-12 01:49:34','0','','Self-Service,  , D');
INSERT INTO `glpi_logs` VALUES ('1299','User','73','0','20','Vilkhivskiy Dmitry','2012-06-12 01:49:34','0','','');
INSERT INTO `glpi_logs` VALUES ('1300','PluginGenericobjectMotherboard','1','','0','Vilkhivskiy Dmitry','2012-06-12 01:50:01','18','Rezerv','olga.goncharova');
INSERT INTO `glpi_logs` VALUES ('1301','PluginGenericobjectMemory','5','','0','Vilkhivskiy Dmitry','2012-06-12 01:50:33','22','Rezerv','olga.goncharova');
INSERT INTO `glpi_logs` VALUES ('1302','PluginGenericobjectMemory','3','','0','Vilkhivskiy Dmitry','2012-06-12 01:50:43','22','Rezerv','olga.goncharova');
INSERT INTO `glpi_logs` VALUES ('1303','PluginGenericobjectProcessor','3','','0','Vilkhivskiy Dmitry','2012-06-12 01:51:13','21','Rezerv','olga.goncharova');
INSERT INTO `glpi_logs` VALUES ('1304','PluginGenericobjectHdd','2','','0','Vilkhivskiy Dmitry','2012-06-12 01:51:52','18','Rezerv','olga.goncharova');
INSERT INTO `glpi_logs` VALUES ('1305','PluginGenericobjectOperationsystem','3','','0','Vilkhivskiy Dmitry','2012-06-12 01:52:08','16','Rezerv','olga.goncharova');
INSERT INTO `glpi_logs` VALUES ('1306','PluginGenericobjectMotherboard','12','','0','Vilkhivskiy Dmitry','2012-06-12 02:09:54','15','0000','MT121321456465454');
INSERT INTO `glpi_logs` VALUES ('1307','PluginGenericobjectMemory','27','','0','Vilkhivskiy Dmitry','2012-06-12 02:10:34','15','0000','3183294Ch (1277788977)');
INSERT INTO `glpi_logs` VALUES ('1308','PluginGenericobjectMemory','28','','0','Vilkhivskiy Dmitry','2012-06-12 02:11:04','15','0000','932E00EBh (3942657683)');
INSERT INTO `glpi_logs` VALUES ('1309','PluginGenericobjectHdd','7','','0','Vilkhivskiy Dmitry','2012-06-12 02:11:36','17','0000','WD-WCAV9C087107');
INSERT INTO `glpi_logs` VALUES ('1310','PluginGenericobjectPower','8','0','20','Vilkhivskiy Dmitry','2012-06-12 02:15:10','0','','');
INSERT INTO `glpi_logs` VALUES ('1311','PluginGenericobjectMotherboard','11','','0','Vilkhivskiy Dmitry','2012-06-12 02:17:54','15','0000','106561700000532');
INSERT INTO `glpi_logs` VALUES ('1312','PluginGenericobjectMemory','25','','0','Vilkhivskiy Dmitry','2012-06-12 02:18:20','15','0000','7633A996h (2527671158)');
INSERT INTO `glpi_logs` VALUES ('1313','PluginGenericobjectMemory','26','','0','Vilkhivskiy Dmitry','2012-06-12 02:18:33','15','0000','63EDA33Dh (1034153315)');
INSERT INTO `glpi_logs` VALUES ('1314','PluginGenericobjectHdd','6','','0','Vilkhivskiy Dmitry','2012-06-12 02:18:53','17','0000','9VMJMZ5D');
INSERT INTO `glpi_logs` VALUES ('1315','PluginGenericobjectPower','9','0','20','Vilkhivskiy Dmitry','2012-06-12 02:21:20','0','','');
INSERT INTO `glpi_logs` VALUES ('1316','PluginGenericobjectMemory','23','','0','Vilkhivskiy Dmitry','2012-06-12 02:24:32','15','0000','31A3294Dh (1294574385)');
INSERT INTO `glpi_logs` VALUES ('1317','PluginGenericobjectMemory','24','','0','Vilkhivskiy Dmitry','2012-06-12 02:24:49','15','0000','3123294Eh (1311318833)');
INSERT INTO `glpi_logs` VALUES ('1318','PluginGenericobjectHdd','26','','0','Vilkhivskiy Dmitry','2012-06-12 02:25:09','17','0000','30QS11GTT73Z');
INSERT INTO `glpi_logs` VALUES ('1319','PluginGenericobjectPower','10','0','20','Vilkhivskiy Dmitry','2012-06-12 02:28:23','0','','');
INSERT INTO `glpi_logs` VALUES ('1320','PluginGenericobjectMotherboard','10','','0','Vilkhivskiy Dmitry','2012-06-12 02:29:22','15','0000','50E549D3FD86');
INSERT INTO `glpi_logs` VALUES ('1321','PluginGenericobjectMemory','22','','0','Vilkhivskiy Dmitry','2012-06-12 02:32:26','15','0000','956B52B3h (3008523157)');
INSERT INTO `glpi_logs` VALUES ('1322','PluginGenericobjectMemory','50','0','20','Vilkhivskiy Dmitry','2012-06-12 02:33:19','0','','');
INSERT INTO `glpi_logs` VALUES ('1323','PluginGenericobjectHdd','25','','0','Vilkhivskiy Dmitry','2012-06-12 02:33:50','17','0000','50026B721B222866');
INSERT INTO `glpi_logs` VALUES ('1324','PluginGenericobjectMotherboard','9','','0','Vilkhivskiy Dmitry','2012-06-12 02:36:13','15','0000','50E549CA78D0');
INSERT INTO `glpi_logs` VALUES ('1325','PluginGenericobjectPower','11','0','20','Vilkhivskiy Dmitry','2012-06-12 02:38:37','0','','');
INSERT INTO `glpi_logs` VALUES ('1326','PluginGenericobjectMotherboard','13','','0','Vilkhivskiy Dmitry','2012-06-12 02:44:14','15','0000','MB-1234567890');
INSERT INTO `glpi_logs` VALUES ('1327','PluginGenericobjectMemory','29','','0','Vilkhivskiy Dmitry','2012-06-12 02:44:40','15','0000','9CCCCC0Fh (265079964)');
INSERT INTO `glpi_logs` VALUES ('1328','PluginGenericobjectMemory','30','','0','Vilkhivskiy Dmitry','2012-06-12 02:44:56','15','0000','9CCCCB0Fh (265014428)');
INSERT INTO `glpi_logs` VALUES ('1329','PluginGenericobjectHdd','8','','0','Vilkhivskiy Dmitry','2012-06-12 02:45:29','17','0000','S0ZCJDSP401780');
INSERT INTO `glpi_logs` VALUES ('1330','PluginGenericobjectPower','12','0','20','Vilkhivskiy Dmitry','2012-06-12 02:49:35','0','','');
INSERT INTO `glpi_logs` VALUES ('1331','PluginGenericobjectMotherboard','17','','0','Vilkhivskiy Dmitry','2012-06-12 02:52:46','15','0000','MT121321456465454');
INSERT INTO `glpi_logs` VALUES ('1332','PluginGenericobjectMemory','37','','0','Vilkhivskiy Dmitry','2012-06-12 02:53:05','15','0000','0ECDB7C3h (3283602702)');
INSERT INTO `glpi_logs` VALUES ('1333','PluginGenericobjectMemory','38','','0','Vilkhivskiy Dmitry','2012-06-12 02:53:21','15','0000','30C8CF84h (2228209712)');
INSERT INTO `glpi_logs` VALUES ('1334','PluginGenericobjectHdd','12','','0','Vilkhivskiy Dmitry','2012-06-12 02:53:45','17','0000','STA1L7MA3DBGBB');
INSERT INTO `glpi_logs` VALUES ('1335','PluginGenericobjectPower','13','0','20','Vilkhivskiy Dmitry','2012-06-12 02:57:32','0','','');
INSERT INTO `glpi_logs` VALUES ('1336','PluginGenericobjectVideocard','8','','0','Vilkhivskiy Dmitry','2012-06-12 02:58:42','17','0000','NG1006056774');
INSERT INTO `glpi_logs` VALUES ('1337','PluginGenericobjectMotherboard','16','','0','Vilkhivskiy Dmitry','2012-06-12 03:02:48','15','0000','MF707AG01111350');
INSERT INTO `glpi_logs` VALUES ('1338','PluginGenericobjectMemory','35','','0','Vilkhivskiy Dmitry','2012-06-12 03:03:07','15','0000','9ECCD50Fh (265669790)');
INSERT INTO `glpi_logs` VALUES ('1339','PluginGenericobjectMemory','36','','0','Vilkhivskiy Dmitry','2012-06-12 03:03:23','15','0000','9ECCAC0Fh (262982814)');
INSERT INTO `glpi_logs` VALUES ('1340','PluginGenericobjectHdd','11','','0','Vilkhivskiy Dmitry','2012-06-12 03:03:55','17','0000','S0V3J9CQ582569');
INSERT INTO `glpi_logs` VALUES ('1341','PluginGenericobjectPower','14','0','20','Vilkhivskiy Dmitry','2012-06-12 03:07:18','0','','');
INSERT INTO `glpi_logs` VALUES ('1342','PluginGenericobjectVideocard','1','','0','Vilkhivskiy Dmitry','2012-06-12 03:08:26','17','0000','A7C0Y2088835');
INSERT INTO `glpi_logs` VALUES ('1343','PluginGenericobjectMotherboard','14','','0','Vilkhivskiy Dmitry','2012-06-12 03:10:56','15','0000','MF7079G04701945');
INSERT INTO `glpi_logs` VALUES ('1344','PluginGenericobjectMemory','31','','0','Vilkhivskiy Dmitry','2012-06-12 03:11:12','15','0000','9ECCA50Fh (262524062)');
INSERT INTO `glpi_logs` VALUES ('1345','PluginGenericobjectMemory','32','','0','Vilkhivskiy Dmitry','2012-06-12 03:11:27','15','0000','9DCCEB0Fh (267111581)');
INSERT INTO `glpi_logs` VALUES ('1346','PluginGenericobjectHdd','9','','0','Vilkhivskiy Dmitry','2012-06-12 03:11:47','17','0000','WD-WMAT30083943');
INSERT INTO `glpi_logs` VALUES ('1347','PluginGenericobjectPower','15','0','20','Vilkhivskiy Dmitry','2012-06-12 03:15:11','0','','');
INSERT INTO `glpi_logs` VALUES ('1348','PluginGenericobjectMemory','33','','0','Vilkhivskiy Dmitry','2012-06-12 03:18:29','15','0000','B53C8814h (344472757)');
INSERT INTO `glpi_logs` VALUES ('1349','PluginGenericobjectMemory','34','','0','Vilkhivskiy Dmitry','2012-06-12 03:18:48','15','0000','B43C8A14h (344603828)');
INSERT INTO `glpi_logs` VALUES ('1350','PluginGenericobjectHdd','10','','0','Vilkhivskiy Dmitry','2012-06-12 03:19:19','17','0000','S20BJ9AB311610');
INSERT INTO `glpi_logs` VALUES ('1351','PluginGenericobjectMotherboard','15','','0','Vilkhivskiy Dmitry','2012-06-12 03:24:22','15','0000','1C6F65DFE669');
INSERT INTO `glpi_logs` VALUES ('1352','PluginGenericobjectPower','16','0','20','Vilkhivskiy Dmitry','2012-06-12 03:25:56','0','','');
INSERT INTO `glpi_logs` VALUES ('1353','PluginGenericobjectPower','9','','0','Vilkhivskiy Dmitry','2012-06-12 03:42:05','14','','460W');
INSERT INTO `glpi_logs` VALUES ('1354','PluginGenericobjectPower','10','','0','Vilkhivskiy Dmitry','2012-06-12 03:42:15','14','','460W');
INSERT INTO `glpi_logs` VALUES ('1355','PluginGenericobjectPower','1','','0','Vilkhivskiy Dmitry','2012-06-12 03:42:31','20','460','RS-460-PCAP-J3');
INSERT INTO `glpi_logs` VALUES ('1356','PluginGenericobjectMemory','14','','0','Vilkhivskiy Dmitry','2012-06-12 04:30:10','15','0000','6A20B997h (2545492074)');
INSERT INTO `glpi_logs` VALUES ('1357','PluginGenericobjectMemory','15','','0','Vilkhivskiy Dmitry','2012-06-12 04:30:30','15','0000','70202204h (69345392)');
INSERT INTO `glpi_logs` VALUES ('1358','PluginGenericobjectHdd','24','','0','Vilkhivskiy Dmitry','2012-06-12 04:30:54','17','0000','807Y10I0Y1JK');
INSERT INTO `glpi_logs` VALUES ('1359','PluginGenericobjectMotherboard','6','','0','Vilkhivskiy Dmitry','2012-06-12 04:32:58','15','0000','50E549226833');
INSERT INTO `glpi_logs` VALUES ('1360','PluginGenericobjectPower','17','0','20','Vilkhivskiy Dmitry','2012-06-12 04:34:15','0','','');
INSERT INTO `glpi_logs` VALUES ('1361','PluginGenericobjectMotherboard','20','','0','Vilkhivskiy Dmitry','2012-06-12 04:37:43','15','0000','MB-1234567890');
INSERT INTO `glpi_logs` VALUES ('1362','PluginGenericobjectMemory','43','','0','Vilkhivskiy Dmitry','2012-06-12 04:38:10','15','0000','0000400Ch (205520896)');
INSERT INTO `glpi_logs` VALUES ('1363','PluginGenericobjectMemory','44','','0','Vilkhivskiy Dmitry','2012-06-12 04:38:24','15','0000','0000200Ch (203423744)');
INSERT INTO `glpi_logs` VALUES ('1364','PluginGenericobjectHdd','14','','0','Vilkhivskiy Dmitry','2012-06-12 04:38:50','17','0000','S08EJ1MP101923');
INSERT INTO `glpi_logs` VALUES ('1365','PluginGenericobjectPower','18','0','20','Vilkhivskiy Dmitry','2012-06-12 04:42:42','0','','');
INSERT INTO `glpi_logs` VALUES ('1366','PluginGenericobjectMotherboard','19','','0','Vilkhivskiy Dmitry','2012-06-12 04:47:19','15','0000','USTF834008UU');
INSERT INTO `glpi_logs` VALUES ('1367','PluginGenericobjectMemory','41','','0','Vilkhivskiy Dmitry','2012-06-12 04:47:42','15','0000','0007E820h (552077056)');
INSERT INTO `glpi_logs` VALUES ('1368','PluginGenericobjectMemory','42','','0','Vilkhivskiy Dmitry','2012-06-12 04:47:55','15','0000','0007E820h (552077056)');
INSERT INTO `glpi_logs` VALUES ('1369','PluginGenericobjectHdd','13','','0','Vilkhivskiy Dmitry','2012-06-12 04:48:10','17','0000','S17HJ9CQB01250');
INSERT INTO `glpi_logs` VALUES ('1370','PluginGenericobjectPower','19','0','20','Vilkhivskiy Dmitry','2012-06-12 04:50:45','0','','');
INSERT INTO `glpi_logs` VALUES ('1371','PluginGenericobjectVideocard','4','','0','Vilkhivskiy Dmitry','2012-06-12 04:51:37','17','0000','89CDA1585733');
INSERT INTO `glpi_logs` VALUES ('1372','PluginGenericobjectMemory','39','','0','Vilkhivskiy Dmitry','2012-06-12 04:54:50','15','0000','691AD8F5h (4124580457)');
INSERT INTO `glpi_logs` VALUES ('1373','PluginGenericobjectMemory','40','','0','Vilkhivskiy Dmitry','2012-06-12 04:55:03','15','0000','691A01F6h (4127267433)');
INSERT INTO `glpi_logs` VALUES ('1374','PluginGenericobjectHdd','27','','0','Vilkhivskiy Dmitry','2012-06-12 04:55:32','17','0000','813Y107CY9PK');
INSERT INTO `glpi_logs` VALUES ('1375','PluginGenericobjectMotherboard','18','','0','Vilkhivskiy Dmitry','2012-06-12 04:58:10','15','0000','50E549597FFA');
INSERT INTO `glpi_logs` VALUES ('1376','PluginGenericobjectVideocard','5','','0','Vilkhivskiy Dmitry','2012-06-12 04:59:57','17','0000','01007CRPH000140029407');
INSERT INTO `glpi_logs` VALUES ('1377','PluginGenericobjectPower','20','0','20','Vilkhivskiy Dmitry','2012-06-12 05:01:19','0','','');
INSERT INTO `glpi_logs` VALUES ('1378','PluginGenericobjectMemory','47','','0','Vilkhivskiy Dmitry','2012-06-12 05:04:01','15','0000','3078CF83h (2211412016)');
INSERT INTO `glpi_logs` VALUES ('1379','PluginGenericobjectMemory','48','','0','Vilkhivskiy Dmitry','2012-06-12 05:04:13','15','0000','3098CFABh (2882508848)');
INSERT INTO `glpi_logs` VALUES ('1380','PluginGenericobjectHdd','28','','0','Vilkhivskiy Dmitry','2012-06-12 05:04:34','17','0000','815Y105LY9PK');
INSERT INTO `glpi_logs` VALUES ('1381','PluginGenericobjectMotherboard','22','','0','Vilkhivskiy Dmitry','2012-06-12 05:06:44','15','0000','50E5493E857D');
INSERT INTO `glpi_logs` VALUES ('1382','PluginGenericobjectPower','21','0','20','Vilkhivskiy Dmitry','2012-06-12 05:08:11','0','','');
INSERT INTO `glpi_logs` VALUES ('1383','Monitor','17','','0','Vilkhivskiy Dmitry','2012-06-12 05:11:27','70','Rezerv','olga.goncharova');
INSERT INTO `glpi_logs` VALUES ('1384','Monitor','15','','0','Vilkhivskiy Dmitry','2012-06-12 05:19:09','70','ivan.doroshenko','olga.goncharova');
INSERT INTO `glpi_logs` VALUES ('1385','Computer','8','Monitor','16','Vilkhivskiy Dmitry','2012-06-12 05:19:41','0','LGW2346S (15)','');
INSERT INTO `glpi_logs` VALUES ('1386','Monitor','15','Computer','16','Vilkhivskiy Dmitry','2012-06-12 05:19:41','0','PC0008 (8)','');
INSERT INTO `glpi_logs` VALUES ('1387','Monitor','51','0','20','Vilkhivskiy Dmitry','2012-06-12 05:21:26','0','','');
INSERT INTO `glpi_logs` VALUES ('1388','Monitor','17','','0','Vilkhivskiy Dmitry','2012-06-12 05:28:50','71','Ukad','BOSSdev');
INSERT INTO `glpi_logs` VALUES ('1389','Monitor','11','','0','Vilkhivskiy Dmitry','2012-06-12 05:30:24','49','Ukad','BOSSdev');
INSERT INTO `glpi_logs` VALUES ('1390','Monitor','11','','0','Vilkhivskiy Dmitry','2012-06-12 05:30:30','71','Ukad','BOSSdev');
INSERT INTO `glpi_logs` VALUES ('1391','PluginGenericobjectProcessor','14','','0','Vilkhivskiy Dmitry','2012-06-12 05:32:29','16','1155','775');
INSERT INTO `glpi_logs` VALUES ('1392','PluginGenericobjectMotherboard','13','','0','Vilkhivskiy Dmitry','2012-06-12 05:36:25','19','Ukad','BOSSdev');
INSERT INTO `glpi_logs` VALUES ('1393','PluginGenericobjectMemory','29','','0','Vilkhivskiy Dmitry','2012-06-12 05:36:51','21','Ukad','BOSSdev');
INSERT INTO `glpi_logs` VALUES ('1394','PluginGenericobjectMemory','30','','0','Vilkhivskiy Dmitry','2012-06-12 05:36:59','21','Ukad','BOSSdev');
INSERT INTO `glpi_logs` VALUES ('1395','PluginGenericobjectProcessor','14','','0','Vilkhivskiy Dmitry','2012-06-12 05:37:10','20','Ukad','BOSSdev');
INSERT INTO `glpi_logs` VALUES ('1396','PluginGenericobjectPower','12','','0','Vilkhivskiy Dmitry','2012-06-12 05:37:31','17','Ukad','BOSSdev');
INSERT INTO `glpi_logs` VALUES ('1397','PluginGenericobjectMemory','30','','0','Vilkhivskiy Dmitry','2012-06-12 05:37:52','21','BOSSdev','Ukad');
INSERT INTO `glpi_logs` VALUES ('1398','PluginGenericobjectMemory','29','','0','Vilkhivskiy Dmitry','2012-06-12 05:37:57','21','BOSSdev','Ukad');
INSERT INTO `glpi_logs` VALUES ('1399','PluginGenericobjectMotherboard','14','','0','Vilkhivskiy Dmitry','2012-06-12 05:38:52','19','Ukad','BOSSdev');
INSERT INTO `glpi_logs` VALUES ('1400','PluginGenericobjectProcessor','26','','0','Vilkhivskiy Dmitry','2012-06-12 05:39:25','20','Ukad','BOSSdev');
INSERT INTO `glpi_logs` VALUES ('1401','Monitor','12','','0','Vilkhivskiy Dmitry','2012-06-12 05:40:29','49','Ukad','BOSSdev');
INSERT INTO `glpi_logs` VALUES ('1402','Monitor','12','','0','Vilkhivskiy Dmitry','2012-06-12 05:40:29','71','Ukad','BOSSdev');
INSERT INTO `glpi_logs` VALUES ('1403','Monitor','47','','0','Vilkhivskiy Dmitry','2012-06-12 05:43:24','71','Ukad','BOSSdev');
INSERT INTO `glpi_logs` VALUES ('1404','Monitor','48','','0','Vilkhivskiy Dmitry','2012-06-12 05:44:26','71','Ukad','BOSSdev');
INSERT INTO `glpi_logs` VALUES ('1405','Monitor','33','','0','Vilkhivskiy Dmitry','2012-06-12 05:46:08','49','&nbsp;','BOSSdev');
INSERT INTO `glpi_logs` VALUES ('1406','Monitor','33','','0','Vilkhivskiy Dmitry','2012-06-12 05:46:08','71','Ukad','BOSSdev');
INSERT INTO `glpi_logs` VALUES ('1407','PluginGenericobjectMotherboard','19','','0','Vilkhivskiy Dmitry','2012-06-12 05:47:25','19','Ukad','BOSSdev');
INSERT INTO `glpi_logs` VALUES ('1408','PluginGenericobjectMemory','41','','0','Vilkhivskiy Dmitry','2012-06-12 05:47:50','21','Ukad','BOSSdev');
INSERT INTO `glpi_logs` VALUES ('1409','PluginGenericobjectMemory','42','','0','Vilkhivskiy Dmitry','2012-06-12 05:48:01','21','Ukad','BOSSdev');
INSERT INTO `glpi_logs` VALUES ('1410','PluginGenericobjectProcessor','19','','0','Vilkhivskiy Dmitry','2012-06-12 05:48:12','20','Ukad','BOSSdev');
INSERT INTO `glpi_logs` VALUES ('1411','PluginGenericobjectHdd','13','','0','Vilkhivskiy Dmitry','2012-06-12 05:48:36','15','Ukad','BOSSdev');
INSERT INTO `glpi_logs` VALUES ('1412','PluginGenericobjectProcessor','9','','0','Vilkhivskiy Dmitry','2012-06-12 05:50:14','20','Ukad','BOSSdev');
INSERT INTO `glpi_logs` VALUES ('1413','PluginGenericobjectMotherboard','8','','0','Vilkhivskiy Dmitry','2012-06-12 05:50:49','19','Ukad','BOSSdev');
INSERT INTO `glpi_logs` VALUES ('1414','PluginGenericobjectHdd','5','','0','Vilkhivskiy Dmitry','2012-06-12 05:51:14','15','Ukad','BOSSdev');
INSERT INTO `glpi_logs` VALUES ('1415','PluginGenericobjectMotherboard','1','','0','Vilkhivskiy Dmitry','2012-06-12 05:53:27','19','Ukad','BOSSdev');
INSERT INTO `glpi_logs` VALUES ('1416','PluginGenericobjectProcessor','3','','0','Vilkhivskiy Dmitry','2012-06-12 05:53:45','20','Ukad','BOSSdev');
INSERT INTO `glpi_logs` VALUES ('1417','PluginGenericobjectMemory','3','','0','Vilkhivskiy Dmitry','2012-06-12 05:53:59','21','Ukad','BOSSdev');
INSERT INTO `glpi_logs` VALUES ('1418','PluginGenericobjectMemory','3','','0','Vilkhivskiy Dmitry','2012-06-12 05:54:04','21','BOSSdev','Ukad');
INSERT INTO `glpi_logs` VALUES ('1419','PluginGenericobjectHdd','2','','0','Vilkhivskiy Dmitry','2012-06-12 05:54:27','15','Ukad','BOSSdev');
INSERT INTO `glpi_logs` VALUES ('1420','Monitor','1','','0','Vilkhivskiy Dmitry','2012-06-12 05:55:04','71','Ukad','BOSSdev');
INSERT INTO `glpi_logs` VALUES ('1421','Monitor','30','','0','Vilkhivskiy Dmitry','2012-06-12 05:56:11','49','Ukad','BOSSdev');
INSERT INTO `glpi_logs` VALUES ('1422','Monitor','30','','0','Vilkhivskiy Dmitry','2012-06-12 05:56:11','5','MY19HMDQ5005172','MY19HMDQ500517Z');
INSERT INTO `glpi_logs` VALUES ('1423','Monitor','30','','0','Vilkhivskiy Dmitry','2012-06-12 05:56:11','71','Ukad','BOSSdev');
INSERT INTO `glpi_logs` VALUES ('1424','PluginGenericobjectMotherboard','16','','0','Vilkhivskiy Dmitry','2012-06-12 05:56:31','19','Ukad','BOSSdev');
INSERT INTO `glpi_logs` VALUES ('1425','PluginGenericobjectHdd','11','','0','Vilkhivskiy Dmitry','2012-06-12 05:57:18','15','Ukad','BOSSdev');
INSERT INTO `glpi_logs` VALUES ('1426','PluginGenericobjectProcessor','15','','0','Vilkhivskiy Dmitry','2012-06-12 05:58:12','20','Ukad','BOSSdev');
INSERT INTO `glpi_logs` VALUES ('1427','Monitor','49','','0','Vilkhivskiy Dmitry','2012-06-12 05:59:10','49','Ukad','BOSSdev');
INSERT INTO `glpi_logs` VALUES ('1428','Monitor','49','','0','Vilkhivskiy Dmitry','2012-06-12 05:59:10','71','Ukad','BOSSdev');
INSERT INTO `glpi_logs` VALUES ('1429','Monitor','23','','0','Vilkhivskiy Dmitry','2012-06-12 06:01:51','71','Ukad','Flexaspect');
INSERT INTO `glpi_logs` VALUES ('1430','PluginGenericobjectPower','13','','0','Vilkhivskiy Dmitry','2012-06-12 07:53:04','1','BP','Golden Field');
INSERT INTO `glpi_logs` VALUES ('1431','Monitor','51','','0','Vilkhivskiy Dmitry','2012-06-12 08:46:16','3','&nbsp;','202');
INSERT INTO `glpi_logs` VALUES ('1432','PluginGenericobjectMotherboard','1','','0','Vilkhivskiy Dmitry','2012-06-12 09:39:46','15','00000','MF707AG01111640');
INSERT INTO `glpi_logs` VALUES ('1433','PluginGenericobjectMemory','3','','0','Vilkhivskiy Dmitry','2012-06-12 09:40:11','15','0000','981074BDh (3178500248)');
INSERT INTO `glpi_logs` VALUES ('1434','PluginGenericobjectMemory','5','','0','Vilkhivskiy Dmitry','2012-06-12 09:40:27','15','0000','981075BDh (3178565784)');
INSERT INTO `glpi_logs` VALUES ('1435','PluginGenericobjectHdd','2','','0','Vilkhivskiy Dmitry','2012-06-12 09:41:08','17','0000','S0V3J9CQ582568');
INSERT INTO `glpi_logs` VALUES ('1436','PluginGenericobjectPower','22','0','20','Vilkhivskiy Dmitry','2012-06-12 09:51:11','0','','');
INSERT INTO `glpi_logs` VALUES ('1437','User','8','','0','Dmitriy Yenin','2012-06-13 02:22:26','17','ru_RU','NULL');
INSERT INTO `glpi_logs` VALUES ('1438','User','8','','0','Dmitriy Yenin','2012-06-13 05:24:01','17','','ru_RU');
INSERT INTO `glpi_logs` VALUES ('1439','User','8','','0','Dmitriy Yenin','2012-06-13 05:30:29','17','ru_RU','NULL');
INSERT INTO `glpi_logs` VALUES ('1440','PluginGenericobjectMotherboard','3','','0','Vilkhivskiy Dmitry','2012-06-13 05:58:11','21','&nbsp;','1156');
INSERT INTO `glpi_logs` VALUES ('1441','Location','8','0','20','Vilkhivskiy Dmitry','2012-06-13 07:03:42','0','','');
INSERT INTO `glpi_logs` VALUES ('1442','Monitor','52','0','20','Vilkhivskiy Dmitry','2012-06-13 07:04:21','0','','');
INSERT INTO `glpi_logs` VALUES ('1443','Monitor','53','0','20','Vilkhivskiy Dmitry','2012-06-13 07:05:40','0','','');
INSERT INTO `glpi_logs` VALUES ('1444','Monitor','54','0','20','Vilkhivskiy Dmitry','2012-06-13 07:07:38','0','','');
INSERT INTO `glpi_logs` VALUES ('1445','Monitor','55','0','20','Vilkhivskiy Dmitry','2012-06-13 07:09:09','0','','');
INSERT INTO `glpi_logs` VALUES ('1446','Monitor','56','0','20','Vilkhivskiy Dmitry','2012-06-13 07:13:32','0','','');
INSERT INTO `glpi_logs` VALUES ('1447','Monitor','57','0','20','Vilkhivskiy Dmitry','2012-06-13 07:15:12','0','','');
INSERT INTO `glpi_logs` VALUES ('1448','Monitor','58','0','20','Vilkhivskiy Dmitry','2012-06-13 07:16:40','0','','');
INSERT INTO `glpi_logs` VALUES ('1449','Monitor','59','0','20','Vilkhivskiy Dmitry','2012-06-13 07:18:30','0','','');
INSERT INTO `glpi_logs` VALUES ('1450','Location','9','0','20','Vilkhivskiy Dmitry','2012-06-13 07:20:37','0','','');
INSERT INTO `glpi_logs` VALUES ('1451','Monitor','60','0','20','Vilkhivskiy Dmitry','2012-06-13 07:21:22','0','','');
INSERT INTO `glpi_logs` VALUES ('1452','Monitor','61','0','20','Vilkhivskiy Dmitry','2012-06-13 07:24:23','0','','');
INSERT INTO `glpi_logs` VALUES ('1453','Monitor','62','0','20','Vilkhivskiy Dmitry','2012-06-13 07:28:05','0','','');
INSERT INTO `glpi_logs` VALUES ('1454','Monitor','63','0','20','Vilkhivskiy Dmitry','2012-06-13 07:29:20','0','','');
INSERT INTO `glpi_logs` VALUES ('1455','Monitor','64','0','20','Vilkhivskiy Dmitry','2012-06-13 07:31:46','0','','');
INSERT INTO `glpi_logs` VALUES ('1456','Monitor','65','0','20','Vilkhivskiy Dmitry','2012-06-13 07:35:17','0','','');
INSERT INTO `glpi_logs` VALUES ('1457','Location','10','0','20','Vilkhivskiy Dmitry','2012-06-13 07:37:01','0','','');
INSERT INTO `glpi_logs` VALUES ('1458','Monitor','66','0','20','Vilkhivskiy Dmitry','2012-06-13 07:37:45','0','','');
INSERT INTO `glpi_logs` VALUES ('1459','Monitor','67','0','20','Vilkhivskiy Dmitry','2012-06-13 07:39:07','0','','');
INSERT INTO `glpi_logs` VALUES ('1460','Monitor','68','0','20','Vilkhivskiy Dmitry','2012-06-13 07:40:06','0','','');
INSERT INTO `glpi_logs` VALUES ('1461','Monitor','69','0','20','Vilkhivskiy Dmitry','2012-06-13 07:41:22','0','','');
INSERT INTO `glpi_logs` VALUES ('1462','Monitor','70','0','20','Vilkhivskiy Dmitry','2012-06-13 07:42:46','0','','');
INSERT INTO `glpi_logs` VALUES ('1463','Monitor','71','0','20','Vilkhivskiy Dmitry','2012-06-13 07:43:33','0','','');
INSERT INTO `glpi_logs` VALUES ('1464','Monitor','66','','0','Vilkhivskiy Dmitry','2012-06-13 07:44:10','71','Ukad','Flexaspect');
INSERT INTO `glpi_logs` VALUES ('1465','PluginGenericobjectOperationsystem','26','0','20','Vilkhivskiy Dmitry','2012-06-14 02:50:15','0','','');
INSERT INTO `glpi_logs` VALUES ('1466','PluginGenericobjectMotherboard','28','0','20','Vilkhivskiy Dmitry','2012-06-14 02:54:28','0','','');
INSERT INTO `glpi_logs` VALUES ('1467','PluginGenericobjectProcessor','29','0','20','Vilkhivskiy Dmitry','2012-06-14 02:56:19','0','','');
INSERT INTO `glpi_logs` VALUES ('1468','PluginGenericobjectMemory','51','0','20','Vilkhivskiy Dmitry','2012-06-14 02:58:19','0','','');
INSERT INTO `glpi_logs` VALUES ('1469','PluginGenericobjectMemory','52','0','20','Vilkhivskiy Dmitry','2012-06-14 02:58:57','0','','');
INSERT INTO `glpi_logs` VALUES ('1470','PluginGenericobjectMemory','53','0','20','Vilkhivskiy Dmitry','2012-06-14 02:59:28','0','','');
INSERT INTO `glpi_logs` VALUES ('1471','PluginGenericobjectMemory','54','0','20','Vilkhivskiy Dmitry','2012-06-14 03:01:00','0','','');
INSERT INTO `glpi_logs` VALUES ('1472','PluginGenericobjectVideocard','9','0','20','Vilkhivskiy Dmitry','2012-06-14 03:02:02','0','','');
INSERT INTO `glpi_logs` VALUES ('1473','PluginGenericobjectHdd','29','0','20','Vilkhivskiy Dmitry','2012-06-14 03:03:31','0','','');
INSERT INTO `glpi_logs` VALUES ('1474','PluginGenericobjectOperationsystem','27','0','20','Vilkhivskiy Dmitry','2012-06-14 03:45:00','0','','');
INSERT INTO `glpi_logs` VALUES ('1475','PluginGenericobjectMotherboard','29','0','20','Vilkhivskiy Dmitry','2012-06-14 03:46:21','0','','');
INSERT INTO `glpi_logs` VALUES ('1476','PluginGenericobjectProcessor','30','0','20','Vilkhivskiy Dmitry','2012-06-14 03:47:24','0','','');
INSERT INTO `glpi_logs` VALUES ('1477','PluginGenericobjectMemory','55','0','20','Vilkhivskiy Dmitry','2012-06-14 03:49:04','0','','');
INSERT INTO `glpi_logs` VALUES ('1478','PluginGenericobjectMemory','56','0','20','Vilkhivskiy Dmitry','2012-06-14 03:50:25','0','','');
INSERT INTO `glpi_logs` VALUES ('1479','PluginGenericobjectProcessor','31','0','20','Vilkhivskiy Dmitry','2012-06-14 04:10:26','0','','');
INSERT INTO `glpi_logs` VALUES ('1480','PluginGenericobjectHdd','30','0','20','Vilkhivskiy Dmitry','2012-06-14 04:11:53','0','','');
INSERT INTO `glpi_logs` VALUES ('1481','PluginGenericobjectMotherboard','29','','0','Vilkhivskiy Dmitry','2012-06-14 04:13:18','15','00000000','MF7079G04716120');
INSERT INTO `glpi_logs` VALUES ('1482','PluginGenericobjectMotherboard','30','0','20','Vilkhivskiy Dmitry','2012-06-14 04:23:54','0','','');
INSERT INTO `glpi_logs` VALUES ('1483','PluginGenericobjectProcessor','32','0','20','Vilkhivskiy Dmitry','2012-06-14 04:25:31','0','','');
INSERT INTO `glpi_logs` VALUES ('1484','PluginGenericobjectMemory','57','0','20','Vilkhivskiy Dmitry','2012-06-14 04:26:55','0','','');
INSERT INTO `glpi_logs` VALUES ('1485','PluginGenericobjectMemory','58','0','20','Vilkhivskiy Dmitry','2012-06-14 04:27:12','0','','');
INSERT INTO `glpi_logs` VALUES ('1486','PluginGenericobjectMemory','58','','0','Vilkhivskiy Dmitry','2012-06-14 04:27:28','21','&nbsp;','Flexaspect');
INSERT INTO `glpi_logs` VALUES ('1487','PluginGenericobjectHdd','31','0','20','Vilkhivskiy Dmitry','2012-06-14 04:29:43','0','','');
INSERT INTO `glpi_logs` VALUES ('1488','PluginGenericobjectOperationsystem','28','0','20','Vilkhivskiy Dmitry','2012-06-14 04:35:08','0','','');
INSERT INTO `glpi_logs` VALUES ('1489','PluginGenericobjectMotherboard','31','0','20','Vilkhivskiy Dmitry','2012-06-14 04:49:04','0','','');
INSERT INTO `glpi_logs` VALUES ('1490','PluginGenericobjectProcessor','33','0','20','Vilkhivskiy Dmitry','2012-06-14 04:50:33','0','','');
INSERT INTO `glpi_logs` VALUES ('1491','PluginGenericobjectMemory','59','0','20','Vilkhivskiy Dmitry','2012-06-14 04:51:42','0','','');
INSERT INTO `glpi_logs` VALUES ('1492','PluginGenericobjectMemory','60','0','20','Vilkhivskiy Dmitry','2012-06-14 04:52:13','0','','');
INSERT INTO `glpi_logs` VALUES ('1493','PluginGenericobjectHdd','32','0','20','Vilkhivskiy Dmitry','2012-06-14 04:54:15','0','','');
INSERT INTO `glpi_logs` VALUES ('1494','PluginGenericobjectOperationsystem','29','0','20','Vilkhivskiy Dmitry','2012-06-14 04:55:46','0','','');
INSERT INTO `glpi_logs` VALUES ('1495','User','31','Group','15','Vilkhivskiy Dmitry','2012-06-14 05:26:18','0','','Flexaspect (2)');
INSERT INTO `glpi_logs` VALUES ('1496','User','33','Group','15','Vilkhivskiy Dmitry','2012-06-14 05:26:18','0','','Flexaspect (2)');
INSERT INTO `glpi_logs` VALUES ('1497','User','48','Group','15','Vilkhivskiy Dmitry','2012-06-14 05:26:18','0','','Flexaspect (2)');
INSERT INTO `glpi_logs` VALUES ('1498','User','67','Group','15','Vilkhivskiy Dmitry','2012-06-14 05:26:18','0','','Flexaspect (2)');
INSERT INTO `glpi_logs` VALUES ('1499','User','15','Group','15','Vilkhivskiy Dmitry','2012-06-14 05:26:18','0','','Flexaspect (2)');
INSERT INTO `glpi_logs` VALUES ('1500','User','21','Group','15','Vilkhivskiy Dmitry','2012-06-14 05:26:18','0','','Flexaspect (2)');
INSERT INTO `glpi_logs` VALUES ('1501','User','36','Group','15','Vilkhivskiy Dmitry','2012-06-14 05:26:18','0','','Flexaspect (2)');
INSERT INTO `glpi_logs` VALUES ('1502','User','38','Group','15','Vilkhivskiy Dmitry','2012-06-14 05:26:18','0','','Flexaspect (2)');
INSERT INTO `glpi_logs` VALUES ('1503','User','22','Group','15','Vilkhivskiy Dmitry','2012-06-14 05:41:59','0','','Ukad (3)');
INSERT INTO `glpi_logs` VALUES ('1504','User','45','Group','15','Vilkhivskiy Dmitry','2012-06-14 05:41:59','0','','Ukad (3)');
INSERT INTO `glpi_logs` VALUES ('1505','User','62','Group','15','Vilkhivskiy Dmitry','2012-06-14 05:41:59','0','','Ukad (3)');
INSERT INTO `glpi_logs` VALUES ('1506','User','73','Group','15','Vilkhivskiy Dmitry','2012-06-14 05:41:59','0','','Ukad (3)');
INSERT INTO `glpi_logs` VALUES ('1507','User','60','Group','15','Vilkhivskiy Dmitry','2012-06-14 05:41:59','0','','Ukad (3)');
INSERT INTO `glpi_logs` VALUES ('1508','User','68','Group','15','Vilkhivskiy Dmitry','2012-06-14 05:41:59','0','','Ukad (3)');
INSERT INTO `glpi_logs` VALUES ('1509','User','69','Group','15','Vilkhivskiy Dmitry','2012-06-14 05:41:59','0','','Ukad (3)');
INSERT INTO `glpi_logs` VALUES ('1510','User','70','Group','15','Vilkhivskiy Dmitry','2012-06-14 05:41:59','0','','Ukad (3)');
INSERT INTO `glpi_logs` VALUES ('1511','User','17','Group','15','Vilkhivskiy Dmitry','2012-06-14 05:41:59','0','','Ukad (3)');
INSERT INTO `glpi_logs` VALUES ('1512','User','24','Group','15','Vilkhivskiy Dmitry','2012-06-14 05:41:59','0','','Ukad (3)');
INSERT INTO `glpi_logs` VALUES ('1513','User','39','Group','15','Vilkhivskiy Dmitry','2012-06-14 05:41:59','0','','Ukad (3)');
INSERT INTO `glpi_logs` VALUES ('1514','User','43','Group','15','Vilkhivskiy Dmitry','2012-06-14 05:41:59','0','','Ukad (3)');
INSERT INTO `glpi_logs` VALUES ('1515','User','25','Group','15','Vilkhivskiy Dmitry','2012-06-14 05:41:59','0','','Ukad (3)');
INSERT INTO `glpi_logs` VALUES ('1516','User','28','Group','15','Vilkhivskiy Dmitry','2012-06-14 05:41:59','0','','Ukad (3)');
INSERT INTO `glpi_logs` VALUES ('1517','User','50','Group','15','Vilkhivskiy Dmitry','2012-06-14 05:41:59','0','','Ukad (3)');
INSERT INTO `glpi_logs` VALUES ('1518','User','54','Group','15','Vilkhivskiy Dmitry','2012-06-14 05:41:59','0','','Ukad (3)');
INSERT INTO `glpi_logs` VALUES ('1519','User','64','Group','15','Vilkhivskiy Dmitry','2012-06-14 05:41:59','0','','Ukad (3)');
INSERT INTO `glpi_logs` VALUES ('1520','User','6','Group','15','Vilkhivskiy Dmitry','2012-06-14 05:41:59','0','','Ukad (3)');
INSERT INTO `glpi_logs` VALUES ('1521','User','12','Group','15','Vilkhivskiy Dmitry','2012-06-14 05:41:59','0','','Ukad (3)');
INSERT INTO `glpi_logs` VALUES ('1522','User','16','Group','15','Vilkhivskiy Dmitry','2012-06-14 05:41:59','0','','Ukad (3)');
INSERT INTO `glpi_logs` VALUES ('1523','User','37','Group','15','Vilkhivskiy Dmitry','2012-06-14 05:41:59','0','','Ukad (3)');
INSERT INTO `glpi_logs` VALUES ('1524','User','47','Group','15','Vilkhivskiy Dmitry','2012-06-14 05:41:59','0','','Ukad (3)');
INSERT INTO `glpi_logs` VALUES ('1525','User','58','Group','15','Vilkhivskiy Dmitry','2012-06-14 05:41:59','0','','Ukad (3)');
INSERT INTO `glpi_logs` VALUES ('1526','PluginGenericobjectMotherboard','32','0','20','Vilkhivskiy Dmitry','2012-06-18 01:22:45','0','','');
INSERT INTO `glpi_logs` VALUES ('1527','PluginGenericobjectMemory','61','0','20','Vilkhivskiy Dmitry','2012-06-18 01:23:54','0','','');
INSERT INTO `glpi_logs` VALUES ('1528','PluginGenericobjectMemory','62','0','20','Vilkhivskiy Dmitry','2012-06-18 01:24:23','0','','');
INSERT INTO `glpi_logs` VALUES ('1529','PluginGenericobjectMemory','63','0','20','Vilkhivskiy Dmitry','2012-06-18 01:25:00','0','','');
INSERT INTO `glpi_logs` VALUES ('1530','PluginGenericobjectMemory','64','0','20','Vilkhivskiy Dmitry','2012-06-18 01:25:34','0','','');
INSERT INTO `glpi_logs` VALUES ('1531','PluginGenericobjectProcessor','34','0','20','Vilkhivskiy Dmitry','2012-06-18 01:26:43','0','','');
INSERT INTO `glpi_logs` VALUES ('1532','PluginGenericobjectHdd','33','0','20','Vilkhivskiy Dmitry','2012-06-18 01:27:43','0','','');
INSERT INTO `glpi_logs` VALUES ('1533','PluginGenericobjectOperationsystem','30','0','20','Vilkhivskiy Dmitry','2012-06-18 01:28:24','0','','');
INSERT INTO `glpi_logs` VALUES ('1534','PluginGenericobjectVideocard','10','0','20','Vilkhivskiy Dmitry','2012-06-18 01:34:21','0','','');
INSERT INTO `glpi_logs` VALUES ('1535','PluginGenericobjectMotherboard','28','0','13','Vilkhivskiy Dmitry','2012-06-18 01:37:13','0','','');
INSERT INTO `glpi_logs` VALUES ('1536','PluginGenericobjectMotherboard','32','','0','Vilkhivskiy Dmitry','2012-06-18 01:38:23','15','','0014AD236C42');
INSERT INTO `glpi_logs` VALUES ('1537','PluginGenericobjectMemory','51','0','13','Vilkhivskiy Dmitry','2012-06-18 01:38:47','0','','');
INSERT INTO `glpi_logs` VALUES ('1538','PluginGenericobjectMemory','53','0','13','Vilkhivskiy Dmitry','2012-06-18 01:38:47','0','','');
INSERT INTO `glpi_logs` VALUES ('1539','PluginGenericobjectMemory','52','0','13','Vilkhivskiy Dmitry','2012-06-18 01:39:01','0','','');
INSERT INTO `glpi_logs` VALUES ('1540','PluginGenericobjectMemory','54','0','13','Vilkhivskiy Dmitry','2012-06-18 01:39:01','0','','');
INSERT INTO `glpi_logs` VALUES ('1541','PluginGenericobjectPower','23','0','20','Vilkhivskiy Dmitry','2012-06-18 01:40:32','0','','');
INSERT INTO `glpi_logs` VALUES ('1542','PluginGenericobjectOperationsystem','30','0','13','Vilkhivskiy Dmitry','2012-06-18 01:41:03','0','','');
INSERT INTO `glpi_logs` VALUES ('1543','PluginGenericobjectProcessor','29','0','13','Vilkhivskiy Dmitry','2012-06-18 01:41:40','0','','');
INSERT INTO `glpi_logs` VALUES ('1544','PluginGenericobjectHdd','29','0','13','Vilkhivskiy Dmitry','2012-06-18 01:42:08','0','','');
INSERT INTO `glpi_logs` VALUES ('1545','PluginGenericobjectVideocard','9','0','13','Vilkhivskiy Dmitry','2012-06-18 01:42:26','0','','');
INSERT INTO `glpi_logs` VALUES ('1546','User','34','','0','Vilkhivskiy Dmitry','2012-06-18 01:49:51','3','&nbsp;','301');
INSERT INTO `glpi_logs` VALUES ('1547','PluginGenericobjectMotherboard','33','0','20','Vilkhivskiy Dmitry','2012-06-18 01:51:35','0','','');
INSERT INTO `glpi_logs` VALUES ('1548','PluginGenericobjectMemory','65','0','20','Vilkhivskiy Dmitry','2012-06-18 01:52:14','0','','');
INSERT INTO `glpi_logs` VALUES ('1549','PluginGenericobjectProcessor','35','0','20','Vilkhivskiy Dmitry','2012-06-18 01:52:59','0','','');
INSERT INTO `glpi_logs` VALUES ('1550','PluginGenericobjectHdd','34','0','20','Vilkhivskiy Dmitry','2012-06-18 01:54:46','0','','');
INSERT INTO `glpi_logs` VALUES ('1551','PluginGenericobjectPower','24','0','20','Vilkhivskiy Dmitry','2012-06-18 01:58:43','0','','');
INSERT INTO `glpi_logs` VALUES ('1552','User','53','','0','Vilkhivskiy Dmitry','2012-06-18 02:00:20','3','&nbsp;','301');
INSERT INTO `glpi_logs` VALUES ('1553','PluginGenericobjectMotherboard','34','0','20','Vilkhivskiy Dmitry','2012-06-18 02:02:24','0','','');
INSERT INTO `glpi_logs` VALUES ('1554','PluginGenericobjectMemory','66','0','20','Vilkhivskiy Dmitry','2012-06-18 02:06:29','0','','');
INSERT INTO `glpi_logs` VALUES ('1555','PluginGenericobjectProcessor','36','0','20','Vilkhivskiy Dmitry','2012-06-18 02:07:22','0','','');
INSERT INTO `glpi_logs` VALUES ('1556','PluginGenericobjectHdd','35','0','20','Vilkhivskiy Dmitry','2012-06-18 02:08:27','0','','');
INSERT INTO `glpi_logs` VALUES ('1557','PluginGenericobjectPower','25','0','20','Vilkhivskiy Dmitry','2012-06-18 02:09:32','0','','');
INSERT INTO `glpi_logs` VALUES ('1558','User','42','','0','Vilkhivskiy Dmitry','2012-06-18 02:13:21','3','&nbsp;','301');
INSERT INTO `glpi_logs` VALUES ('1559','PluginGenericobjectMotherboard','35','0','20','Vilkhivskiy Dmitry','2012-06-18 02:15:44','0','','');
INSERT INTO `glpi_logs` VALUES ('1560','PluginGenericobjectMemory','67','0','20','Vilkhivskiy Dmitry','2012-06-18 02:18:28','0','','');
INSERT INTO `glpi_logs` VALUES ('1561','PluginGenericobjectMemory','68','0','20','Vilkhivskiy Dmitry','2012-06-18 02:18:40','0','','');
INSERT INTO `glpi_logs` VALUES ('1562','PluginGenericobjectHdd','36','0','20','Vilkhivskiy Dmitry','2012-06-18 02:21:42','0','','');
INSERT INTO `glpi_logs` VALUES ('1563','PluginGenericobjectPower','26','0','20','Vilkhivskiy Dmitry','2012-06-18 02:23:21','0','','');
INSERT INTO `glpi_logs` VALUES ('1564','PluginGenericobjectMotherboard','36','0','20','Vilkhivskiy Dmitry','2012-06-18 02:26:39','0','','');
INSERT INTO `glpi_logs` VALUES ('1565','PluginGenericobjectMemory','67','','0','Vilkhivskiy Dmitry','2012-06-18 02:27:38','22','&nbsp;','maxim.kosenko');
INSERT INTO `glpi_logs` VALUES ('1566','PluginGenericobjectMemory','68','','0','Vilkhivskiy Dmitry','2012-06-18 02:27:44','22','&nbsp;','maxim.kosenko');
INSERT INTO `glpi_logs` VALUES ('1567','PluginGenericobjectProcessor','37','0','20','Vilkhivskiy Dmitry','2012-06-18 02:28:37','0','','');
INSERT INTO `glpi_logs` VALUES ('1568','PluginGenericobjectMotherboard','37','0','20','Vilkhivskiy Dmitry','2012-06-18 02:30:39','0','','');
INSERT INTO `glpi_logs` VALUES ('1569','PluginGenericobjectProcessor','38','0','20','Vilkhivskiy Dmitry','2012-06-18 02:31:12','0','','');
INSERT INTO `glpi_logs` VALUES ('1570','PluginGenericobjectMemory','69','0','20','Vilkhivskiy Dmitry','2012-06-18 02:32:42','0','','');
INSERT INTO `glpi_logs` VALUES ('1571','PluginGenericobjectHdd','37','0','20','Vilkhivskiy Dmitry','2012-06-18 02:33:57','0','','');
INSERT INTO `glpi_logs` VALUES ('1572','PluginGenericobjectPower','27','0','20','Vilkhivskiy Dmitry','2012-06-18 02:35:12','0','','');
INSERT INTO `glpi_logs` VALUES ('1573','PluginGenericobjectMemory','57','','0','Vilkhivskiy Dmitry','2012-06-18 02:54:34','15','','none');
INSERT INTO `glpi_logs` VALUES ('1574','PluginGenericobjectMemory','58','','0','Vilkhivskiy Dmitry','2012-06-18 02:54:58','14','','000');
INSERT INTO `glpi_logs` VALUES ('1575','PluginGenericobjectMemory','58','','0','Vilkhivskiy Dmitry','2012-06-18 02:54:58','15','','04FF4039h (960560900)');
INSERT INTO `glpi_logs` VALUES ('1576','PluginGenericobjectHdd','31','','0','Vilkhivskiy Dmitry','2012-06-18 02:55:34','17','0000000','S08HJ1SLA12183');
INSERT INTO `glpi_logs` VALUES ('1577','PluginGenericobjectPower','28','0','20','Vilkhivskiy Dmitry','2012-06-18 02:59:39','0','','');
INSERT INTO `glpi_logs` VALUES ('1578','PluginGenericobjectMotherboard','30','','0','Vilkhivskiy Dmitry','2012-06-18 03:00:38','15','00000','6CM0X1043040');
INSERT INTO `glpi_logs` VALUES ('1579','User','56','','0','Vilkhivskiy Dmitry','2012-06-18 03:01:10','3','&nbsp;','302');
INSERT INTO `glpi_logs` VALUES ('1580','User','52','','0','Vilkhivskiy Dmitry','2012-06-18 03:57:39','3','&nbsp;','302');
INSERT INTO `glpi_logs` VALUES ('1581','PluginGenericobjectMotherboard','38','0','20','Vilkhivskiy Dmitry','2012-06-18 03:58:50','0','','');
INSERT INTO `glpi_logs` VALUES ('1582','PluginGenericobjectProcessor','39','0','20','Vilkhivskiy Dmitry','2012-06-18 03:59:44','0','','');
INSERT INTO `glpi_logs` VALUES ('1583','PluginGenericobjectHdd','38','0','20','Vilkhivskiy Dmitry','2012-06-18 04:01:01','0','','');
INSERT INTO `glpi_logs` VALUES ('1584','PluginGenericobjectPower','29','0','20','Vilkhivskiy Dmitry','2012-06-18 04:02:24','0','','');
INSERT INTO `glpi_logs` VALUES ('1585','PluginGenericobjectMotherboard','39','0','20','Vilkhivskiy Dmitry','2012-06-18 04:04:44','0','','');
INSERT INTO `glpi_logs` VALUES ('1586','PluginGenericobjectProcessor','40','0','20','Vilkhivskiy Dmitry','2012-06-18 04:05:42','0','','');
INSERT INTO `glpi_logs` VALUES ('1587','PluginGenericobjectMemory','70','0','20','Vilkhivskiy Dmitry','2012-06-18 04:07:08','0','','');
INSERT INTO `glpi_logs` VALUES ('1588','PluginGenericobjectMemory','71','0','20','Vilkhivskiy Dmitry','2012-06-18 04:07:32','0','','');
INSERT INTO `glpi_logs` VALUES ('1589','PluginGenericobjectHdd','39','0','20','Vilkhivskiy Dmitry','2012-06-18 04:09:11','0','','');
INSERT INTO `glpi_logs` VALUES ('1590','PluginGenericobjectPower','30','0','20','Vilkhivskiy Dmitry','2012-06-18 04:10:30','0','','');
INSERT INTO `glpi_logs` VALUES ('1591','PluginGenericobjectMotherboard','40','0','20','Vilkhivskiy Dmitry','2012-06-18 04:13:15','0','','');
INSERT INTO `glpi_logs` VALUES ('1592','PluginGenericobjectMemory','72','0','20','Vilkhivskiy Dmitry','2012-06-18 04:13:54','0','','');
INSERT INTO `glpi_logs` VALUES ('1593','PluginGenericobjectProcessor','41','0','20','Vilkhivskiy Dmitry','2012-06-18 04:15:07','0','','');
INSERT INTO `glpi_logs` VALUES ('1594','PluginGenericobjectHdd','40','0','20','Vilkhivskiy Dmitry','2012-06-18 04:16:02','0','','');
INSERT INTO `glpi_logs` VALUES ('1595','PluginGenericobjectPower','31','0','20','Vilkhivskiy Dmitry','2012-06-18 04:17:04','0','','');
INSERT INTO `glpi_logs` VALUES ('1596','PluginGenericobjectVideocard','11','0','20','Vilkhivskiy Dmitry','2012-06-18 04:18:02','0','','');
INSERT INTO `glpi_logs` VALUES ('1597','User','26','','0','Vilkhivskiy Dmitry','2012-06-18 04:18:23','3','&nbsp;','303');
INSERT INTO `glpi_logs` VALUES ('1598','User','57','','0','Vilkhivskiy Dmitry','2012-06-18 04:57:19','3','&nbsp;','303');
INSERT INTO `glpi_logs` VALUES ('1599','User','46','','0','Vilkhivskiy Dmitry','2012-06-18 04:59:49','3','&nbsp;','205');
INSERT INTO `glpi_logs` VALUES ('1600','PluginGenericobjectMemory','73','0','20','Vilkhivskiy Dmitry','2012-06-18 05:03:01','0','','');
INSERT INTO `glpi_logs` VALUES ('1601','PluginGenericobjectMemory','74','0','20','Vilkhivskiy Dmitry','2012-06-18 05:03:22','0','','');
INSERT INTO `glpi_logs` VALUES ('1602','PluginGenericobjectHdd','30','','0','Vilkhivskiy Dmitry','2012-06-18 05:04:31','17','0000000','WD-WMAT30084056');
INSERT INTO `glpi_logs` VALUES ('1603','PluginGenericobjectPower','32','0','20','Vilkhivskiy Dmitry','2012-06-18 05:24:31','0','','');
INSERT INTO `glpi_logs` VALUES ('1604','User','29','','0','Vilkhivskiy Dmitry','2012-06-18 05:37:56','3','&nbsp;','303');
INSERT INTO `glpi_logs` VALUES ('1605','PluginGenericobjectMotherboard','41','0','20','Vilkhivskiy Dmitry','2012-06-18 05:40:59','0','','');
INSERT INTO `glpi_logs` VALUES ('1606','PluginGenericobjectProcessor','42','0','20','Vilkhivskiy Dmitry','2012-06-18 05:44:12','0','','');
INSERT INTO `glpi_logs` VALUES ('1607','PluginGenericobjectMemory','75','0','20','Vilkhivskiy Dmitry','2012-06-18 05:45:16','0','','');
INSERT INTO `glpi_logs` VALUES ('1608','PluginGenericobjectMemory','76','0','20','Vilkhivskiy Dmitry','2012-06-18 05:45:46','0','','');
INSERT INTO `glpi_logs` VALUES ('1609','PluginGenericobjectMemory','77','0','20','Vilkhivskiy Dmitry','2012-06-18 05:46:09','0','','');
INSERT INTO `glpi_logs` VALUES ('1610','PluginGenericobjectMemory','78','0','20','Vilkhivskiy Dmitry','2012-06-18 05:46:40','0','','');
INSERT INTO `glpi_logs` VALUES ('1611','PluginGenericobjectHdd','41','0','20','Vilkhivskiy Dmitry','2012-06-18 05:47:44','0','','');
INSERT INTO `glpi_logs` VALUES ('1612','PluginGenericobjectPower','33','0','20','Vilkhivskiy Dmitry','2012-06-18 05:49:09','0','','');
INSERT INTO `glpi_logs` VALUES ('1613','User','74','Profile_User','17','Vilkhivskiy Dmitry','2012-06-18 05:50:41','0','','Self-Service,  , D');
INSERT INTO `glpi_logs` VALUES ('1614','User','74','0','20','Vilkhivskiy Dmitry','2012-06-18 05:50:41','0','','');
INSERT INTO `glpi_logs` VALUES ('1615','Location','11','0','20','Vilkhivskiy Dmitry','2012-06-18 06:10:45','0','','');
INSERT INTO `glpi_logs` VALUES ('1616','Monitor','72','0','20','Vilkhivskiy Dmitry','2012-06-18 06:11:22','0','','');
INSERT INTO `glpi_logs` VALUES ('1617','Monitor','72','','0','Vilkhivskiy Dmitry','2012-06-18 06:12:32','24','&nbsp;','dmitry.vilkhivskiy');
INSERT INTO `glpi_logs` VALUES ('1618','Monitor','72','','0','Vilkhivskiy Dmitry','2012-06-18 06:12:32','23','&nbsp;','PHILIPS');
INSERT INTO `glpi_logs` VALUES ('1619','PluginGenericobjectMotherboard','42','0','20','Vilkhivskiy Dmitry','2012-06-18 06:15:14','0','','');
INSERT INTO `glpi_logs` VALUES ('1620','PluginGenericobjectProcessor','43','0','20','Vilkhivskiy Dmitry','2012-06-18 06:16:26','0','','');
INSERT INTO `glpi_logs` VALUES ('1621','PluginGenericobjectMemory','79','0','20','Vilkhivskiy Dmitry','2012-06-18 06:17:34','0','','');
INSERT INTO `glpi_logs` VALUES ('1622','PluginGenericobjectPower','34','0','20','Vilkhivskiy Dmitry','2012-06-18 06:19:19','0','','');
INSERT INTO `glpi_logs` VALUES ('1623','PluginGenericobjectProcessor','32','','0','Vilkhivskiy Dmitry','2012-06-18 06:30:42','16','&nbsp;','754');
INSERT INTO `glpi_logs` VALUES ('1624','PluginGenericobjectProcessor','32','','0','Vilkhivskiy Dmitry','2012-06-18 06:30:42','19','','1800MHz');
INSERT INTO `glpi_logs` VALUES ('1625','PluginGenericobjectProcessor','40','','0','Vilkhivskiy Dmitry','2012-06-18 06:30:50','19','','1800MHz');
INSERT INTO `glpi_logs` VALUES ('1626','PluginGenericobjectProcessor','30','','0','Vilkhivskiy Dmitry','2012-06-18 06:31:49','19','','2200MHz');
INSERT INTO `glpi_logs` VALUES ('1627','PluginGenericobjectProcessor','31','','0','Vilkhivskiy Dmitry','2012-06-18 06:31:59','19','','2200MHz');
INSERT INTO `glpi_logs` VALUES ('1628','PluginGenericobjectProcessor','34','','0','Vilkhivskiy Dmitry','2012-06-18 06:32:40','19','','1800MHz');
INSERT INTO `glpi_logs` VALUES ('1629','PluginGenericobjectProcessor','33','','0','Vilkhivskiy Dmitry','2012-06-18 06:33:19','19','','2200MHz');
INSERT INTO `glpi_logs` VALUES ('1630','PluginGenericobjectProcessor','35','','0','Vilkhivskiy Dmitry','2012-06-18 06:34:01','19','','3100Mhz');
INSERT INTO `glpi_logs` VALUES ('1631','PluginGenericobjectProcessor','36','','0','Vilkhivskiy Dmitry','2012-06-18 06:34:07','19','','3100Mhz');
INSERT INTO `glpi_logs` VALUES ('1632','PluginGenericobjectProcessor','37','','0','Vilkhivskiy Dmitry','2012-06-18 06:34:14','19','','3100Mhz');
INSERT INTO `glpi_logs` VALUES ('1633','PluginGenericobjectProcessor','38','','0','Vilkhivskiy Dmitry','2012-06-18 06:34:20','19','','3100Mhz');
INSERT INTO `glpi_logs` VALUES ('1634','PluginGenericobjectProcessor','39','','0','Vilkhivskiy Dmitry','2012-06-18 06:34:28','19','','3100Mhz');
INSERT INTO `glpi_logs` VALUES ('1635','PluginGenericobjectProcessor','41','','0','Vilkhivskiy Dmitry','2012-06-18 06:34:34','19','','3100Mhz');
INSERT INTO `glpi_logs` VALUES ('1636','PluginGenericobjectProcessor','42','','0','Vilkhivskiy Dmitry','2012-06-18 06:36:27','16','&nbsp;','775');
INSERT INTO `glpi_logs` VALUES ('1637','PluginGenericobjectProcessor','42','','0','Vilkhivskiy Dmitry','2012-06-18 06:36:27','19','','3000MHz');
INSERT INTO `glpi_logs` VALUES ('1638','PluginGenericobjectMotherboard','42','','0','Vilkhivskiy Dmitry','2012-06-18 06:36:47','17','&nbsp;','1155');
INSERT INTO `glpi_logs` VALUES ('1639','PluginGenericobjectMotherboard','37','','0','Vilkhivskiy Dmitry','2012-06-18 06:37:19','17','&nbsp;','1155');
INSERT INTO `glpi_logs` VALUES ('1640','PluginGenericobjectMotherboard','35','','0','Vilkhivskiy Dmitry','2012-06-18 06:37:23','17','&nbsp;','1155');
INSERT INTO `glpi_logs` VALUES ('1641','PluginGenericobjectMotherboard','39','','0','Vilkhivskiy Dmitry','2012-06-18 06:38:34','17','&nbsp;','AM2');
INSERT INTO `glpi_logs` VALUES ('1642','PluginGenericobjectMotherboard','39','','0','Vilkhivskiy Dmitry','2012-06-18 06:38:40','20','&nbsp;','2 Slots');
INSERT INTO `glpi_logs` VALUES ('1643','PluginGenericobjectMemory','61','','0','Vilkhivskiy Dmitry','2012-06-18 06:39:15','16','&nbsp;','1GB');
INSERT INTO `glpi_logs` VALUES ('1644','PluginGenericobjectMotherboard','38','','0','Vilkhivskiy Dmitry','2012-06-18 06:41:16','20','&nbsp;','4 slots');
INSERT INTO `glpi_logs` VALUES ('1645','PluginGenericobjectMemory','80','0','20','Vilkhivskiy Dmitry','2012-06-18 06:43:55','0','','');
INSERT INTO `glpi_logs` VALUES ('1646','User','19','','0','Vilkhivskiy Dmitry','2012-06-18 06:49:15','3','&nbsp;','301');
INSERT INTO `glpi_logs` VALUES ('1647','User','23','','0','Vilkhivskiy Dmitry','2012-06-18 06:49:50','3','&nbsp;','301');
INSERT INTO `glpi_logs` VALUES ('1648','PluginGenericobjectMotherboard','36','','0','Vilkhivskiy Dmitry','2012-06-18 06:52:41','15','50e549382d3a','50E549382D3A');
INSERT INTO `glpi_logs` VALUES ('1649','PluginGenericobjectMotherboard','35','0','13','Vilkhivskiy Dmitry','2012-06-18 06:52:56','0','','');
INSERT INTO `glpi_logs` VALUES ('1650','PluginGenericobjectMotherboard','36','','0','Vilkhivskiy Dmitry','2012-06-18 06:53:17','17','&nbsp;','1155');
INSERT INTO `glpi_logs` VALUES ('1651','PluginGenericobjectMotherboard','36','','0','Vilkhivskiy Dmitry','2012-06-18 06:53:17','20','&nbsp;','4 slots');
INSERT INTO `glpi_logs` VALUES ('1652','PluginGenericobjectMotherboard','34','','0','Vilkhivskiy Dmitry','2012-06-18 06:53:35','20','&nbsp;','4 slots');
INSERT INTO `glpi_logs` VALUES ('1653','PluginGenericobjectMemory','57','','0','Vilkhivskiy Dmitry','2012-06-18 06:54:05','17','','400MHz');
INSERT INTO `glpi_logs` VALUES ('1654','PluginGenericobjectMemory','58','','0','Vilkhivskiy Dmitry','2012-06-18 06:54:13','17','','400MHz');
INSERT INTO `glpi_logs` VALUES ('1655','PluginGenericobjectMemory','57','','0','Vilkhivskiy Dmitry','2012-06-18 06:54:33','17','400MHz','400');
INSERT INTO `glpi_logs` VALUES ('1656','PluginGenericobjectMemory','58','','0','Vilkhivskiy Dmitry','2012-06-18 06:54:37','17','400MHz','400');
INSERT INTO `glpi_logs` VALUES ('1657','PluginGenericobjectMemory','60','','0','Vilkhivskiy Dmitry','2012-06-18 06:55:01','17','','800');
INSERT INTO `glpi_logs` VALUES ('1658','PluginGenericobjectMemory','61','','0','Vilkhivskiy Dmitry','2012-06-18 06:55:08','17','','800');
INSERT INTO `glpi_logs` VALUES ('1659','PluginGenericobjectMemory','62','','0','Vilkhivskiy Dmitry','2012-06-18 06:55:14','17','','800');
INSERT INTO `glpi_logs` VALUES ('1660','PluginGenericobjectMemory','70','','0','Vilkhivskiy Dmitry','2012-06-18 06:55:20','17','','400');
INSERT INTO `glpi_logs` VALUES ('1661','PluginGenericobjectMemory','71','','0','Vilkhivskiy Dmitry','2012-06-18 06:55:27','17','','400');
INSERT INTO `glpi_logs` VALUES ('1662','PluginGenericobjectMemory','63','','0','Vilkhivskiy Dmitry','2012-06-18 06:56:02','17','','800');
INSERT INTO `glpi_logs` VALUES ('1663','PluginGenericobjectMemory','64','','0','Vilkhivskiy Dmitry','2012-06-18 06:56:11','16','&nbsp;','1GB');
INSERT INTO `glpi_logs` VALUES ('1664','PluginGenericobjectMemory','64','','0','Vilkhivskiy Dmitry','2012-06-18 06:56:11','17','','800');
INSERT INTO `glpi_logs` VALUES ('1665','PluginGenericobjectMemory','67','','0','Vilkhivskiy Dmitry','2012-06-18 06:56:41','21','&nbsp;','Flexaspect');
INSERT INTO `glpi_logs` VALUES ('1666','PluginGenericobjectMemory','68','','0','Vilkhivskiy Dmitry','2012-06-18 06:56:46','21','&nbsp;','Flexaspect');
INSERT INTO `glpi_logs` VALUES ('1667','Monitor','73','0','20','Vilkhivskiy Dmitry','2012-06-18 07:10:48','0','','');
INSERT INTO `glpi_logs` VALUES ('1668','Monitor','73','','0','Vilkhivskiy Dmitry','2012-06-18 07:13:34','70','alexey.scherbakov','dmitriy.shevlyakov');
INSERT INTO `glpi_logs` VALUES ('1669','PluginGenericobjectHdd','42','0','20','Vilkhivskiy Dmitry','2012-06-18 07:19:56','0','','');
INSERT INTO `glpi_logs` VALUES ('1670','PluginGenericobjectHdd','42','','0','Vilkhivskiy Dmitry','2012-06-18 07:20:51','17','','WD-WCANL1130170');
INSERT INTO `glpi_logs` VALUES ('1671','PluginGenericobjectHdd','42','','0','Vilkhivskiy Dmitry','2012-06-18 07:20:51','19','&nbsp;','WD2000JS-55N');
INSERT INTO `glpi_logs` VALUES ('1672','PluginGenericobjectHdd','42','','0','Vilkhivskiy Dmitry','2012-06-18 07:21:30','22','&nbsp;','200GB');
INSERT INTO `glpi_logs` VALUES ('1673','PluginGenericobjectMemory','70','0','13','Vilkhivskiy Dmitry','2012-06-18 07:23:39','0','','');
INSERT INTO `glpi_logs` VALUES ('1674','Monitor','74','0','20','Vilkhivskiy Dmitry','2012-06-18 07:48:31','0','','');
INSERT INTO `glpi_logs` VALUES ('1675','User','75','Profile_User','17','Vilkhivskiy Dmitry','2012-06-18 07:49:35','0','','Self-Service,  , D');
INSERT INTO `glpi_logs` VALUES ('1676','User','75','0','20','Vilkhivskiy Dmitry','2012-06-18 07:49:35','0','','');
INSERT INTO `glpi_logs` VALUES ('1677','Monitor','75','0','20','Vilkhivskiy Dmitry','2012-06-18 07:50:05','0','','');
INSERT INTO `glpi_logs` VALUES ('1678','Monitor','76','0','20','Vilkhivskiy Dmitry','2012-06-18 07:51:05','0','','');
INSERT INTO `glpi_logs` VALUES ('1679','Monitor','77','0','20','Vilkhivskiy Dmitry','2012-06-18 07:52:03','0','','');
INSERT INTO `glpi_logs` VALUES ('1680','Monitor','78','0','20','Vilkhivskiy Dmitry','2012-06-18 07:53:01','0','','');
INSERT INTO `glpi_logs` VALUES ('1681','User','76','Profile_User','17','Vilkhivskiy Dmitry','2012-06-18 07:53:41','0','','Self-Service,  , D');
INSERT INTO `glpi_logs` VALUES ('1682','User','76','0','20','Vilkhivskiy Dmitry','2012-06-18 07:53:41','0','','');
INSERT INTO `glpi_logs` VALUES ('1683','Monitor','79','0','20','Vilkhivskiy Dmitry','2012-06-18 07:54:39','0','','');
INSERT INTO `glpi_logs` VALUES ('1684','PluginGenericobjectMotherboard','43','0','20','Vilkhivskiy Dmitry','2012-06-18 07:56:47','0','','');
INSERT INTO `glpi_logs` VALUES ('1685','PluginGenericobjectMemory','81','0','20','Vilkhivskiy Dmitry','2012-06-18 07:57:26','0','','');
INSERT INTO `glpi_logs` VALUES ('1686','PluginGenericobjectProcessor','44','0','20','Vilkhivskiy Dmitry','2012-06-18 07:57:58','0','','');
INSERT INTO `glpi_logs` VALUES ('1687','PluginGenericobjectHdd','43','0','20','Vilkhivskiy Dmitry','2012-06-18 07:58:40','0','','');
INSERT INTO `glpi_logs` VALUES ('1688','PluginGenericobjectPower','35','0','20','Vilkhivskiy Dmitry','2012-06-18 07:59:47','0','','');
INSERT INTO `glpi_logs` VALUES ('1689','Monitor','80','0','20','Vilkhivskiy Dmitry','2012-06-18 08:01:43','0','','');
INSERT INTO `glpi_logs` VALUES ('1690','PluginGenericobjectMotherboard','44','0','20','Vilkhivskiy Dmitry','2012-06-18 08:14:07','0','','');
INSERT INTO `glpi_logs` VALUES ('1691','PluginGenericobjectMemory','82','0','20','Vilkhivskiy Dmitry','2012-06-18 08:14:54','0','','');
INSERT INTO `glpi_logs` VALUES ('1692','PluginGenericobjectProcessor','45','0','20','Vilkhivskiy Dmitry','2012-06-18 08:15:26','0','','');
INSERT INTO `glpi_logs` VALUES ('1693','PluginGenericobjectHdd','44','0','20','Vilkhivskiy Dmitry','2012-06-18 08:16:14','0','','');
INSERT INTO `glpi_logs` VALUES ('1694','PluginGenericobjectPower','36','0','20','Vilkhivskiy Dmitry','2012-06-18 08:17:34','0','','');
INSERT INTO `glpi_logs` VALUES ('1695','Monitor','76','0','13','Vilkhivskiy Dmitry','2012-06-19 03:37:50','0','','');
INSERT INTO `glpi_logs` VALUES ('1696','Monitor','79','','0','Vilkhivskiy Dmitry','2012-06-19 03:40:08','23','&nbsp;','SAMSUNG');
INSERT INTO `glpi_logs` VALUES ('1697','Monitor','79','','0','Vilkhivskiy Dmitry','2012-06-19 03:40:08','11','0','19');
INSERT INTO `glpi_logs` VALUES ('1698','PluginGenericobjectMotherboard','45','0','20','Vilkhivskiy Dmitry','2012-06-19 03:42:28','0','','');
INSERT INTO `glpi_logs` VALUES ('1699','PluginGenericobjectMemory','83','0','20','Vilkhivskiy Dmitry','2012-06-19 03:43:22','0','','');
INSERT INTO `glpi_logs` VALUES ('1700','PluginGenericobjectMemory','84','0','20','Vilkhivskiy Dmitry','2012-06-19 03:43:47','0','','');
INSERT INTO `glpi_logs` VALUES ('1701','PluginGenericobjectMemory','84','','0','Vilkhivskiy Dmitry','2012-06-19 03:43:59','21','&nbsp;','Flexaspect');
INSERT INTO `glpi_logs` VALUES ('1702','PluginGenericobjectMemory','84','','0','Vilkhivskiy Dmitry','2012-06-19 03:43:59','22','&nbsp;','vitaliy.popov');
INSERT INTO `glpi_logs` VALUES ('1703','PluginGenericobjectHdd','45','0','20','Vilkhivskiy Dmitry','2012-06-19 03:45:40','0','','');
INSERT INTO `glpi_logs` VALUES ('1704','PluginGenericobjectPower','37','0','20','Vilkhivskiy Dmitry','2012-06-19 03:48:02','0','','');
INSERT INTO `glpi_logs` VALUES ('1705','PluginGenericobjectMotherboard','45','','0','Vilkhivskiy Dmitry','2012-06-19 03:49:31','17','&nbsp;','754');
INSERT INTO `glpi_logs` VALUES ('1706','PluginGenericobjectMotherboard','45','','0','Vilkhivskiy Dmitry','2012-06-19 03:49:31','20','&nbsp;','2 Slots');
INSERT INTO `glpi_logs` VALUES ('1707','PluginGenericobjectMotherboard','46','0','20','Vilkhivskiy Dmitry','2012-06-19 03:51:24','0','','');
INSERT INTO `glpi_logs` VALUES ('1708','PluginGenericobjectProcessor','46','0','20','Vilkhivskiy Dmitry','2012-06-19 03:52:23','0','','');
INSERT INTO `glpi_logs` VALUES ('1709','PluginGenericobjectMemory','85','0','20','Vilkhivskiy Dmitry','2012-06-19 03:53:22','0','','');
INSERT INTO `glpi_logs` VALUES ('1710','PluginGenericobjectMemory','86','0','20','Vilkhivskiy Dmitry','2012-06-19 03:54:02','0','','');
INSERT INTO `glpi_logs` VALUES ('1711','PluginGenericobjectHdd','46','0','20','Vilkhivskiy Dmitry','2012-06-19 03:55:29','0','','');
INSERT INTO `glpi_logs` VALUES ('1712','PluginGenericobjectPower','38','0','20','Vilkhivskiy Dmitry','2012-06-19 03:56:51','0','','');
INSERT INTO `glpi_logs` VALUES ('1713','Monitor','81','0','20','Vilkhivskiy Dmitry','2012-06-19 04:18:11','0','','');
INSERT INTO `glpi_logs` VALUES ('1714','PluginGenericobjectMotherboard','47','0','20','Vilkhivskiy Dmitry','2012-06-19 04:21:14','0','','');
INSERT INTO `glpi_logs` VALUES ('1715','PluginGenericobjectProcessor','47','0','20','Vilkhivskiy Dmitry','2012-06-19 04:21:59','0','','');
INSERT INTO `glpi_logs` VALUES ('1716','PluginGenericobjectMemory','87','0','20','Vilkhivskiy Dmitry','2012-06-19 04:22:45','0','','');
INSERT INTO `glpi_logs` VALUES ('1717','PluginGenericobjectMemory','88','0','20','Vilkhivskiy Dmitry','2012-06-19 04:23:14','0','','');
INSERT INTO `glpi_logs` VALUES ('1718','PluginGenericobjectMemory','87','','0','Vilkhivskiy Dmitry','2012-06-19 04:23:21','21','&nbsp;','Flexaspect');
INSERT INTO `glpi_logs` VALUES ('1719','PluginGenericobjectMemory','87','','0','Vilkhivskiy Dmitry','2012-06-19 04:23:21','22','&nbsp;','vasiliy.belokon');
INSERT INTO `glpi_logs` VALUES ('1720','PluginGenericobjectHdd','47','0','20','Vilkhivskiy Dmitry','2012-06-19 04:25:06','0','','');
INSERT INTO `glpi_logs` VALUES ('1721','PluginGenericobjectOperationsystem','31','0','20','Vilkhivskiy Dmitry','2012-06-19 04:25:42','0','','');
INSERT INTO `glpi_logs` VALUES ('1722','PluginGenericobjectPower','39','0','20','Vilkhivskiy Dmitry','2012-06-19 04:26:54','0','','');
INSERT INTO `glpi_logs` VALUES ('1723','User','61','','0','Vilkhivskiy Dmitry','2012-06-19 04:28:07','3','&nbsp;','304');
INSERT INTO `glpi_logs` VALUES ('1724','PluginGenericobjectMotherboard','48','0','20','Vilkhivskiy Dmitry','2012-06-19 04:34:42','0','','');
INSERT INTO `glpi_logs` VALUES ('1725','PluginGenericobjectMemory','89','0','20','Vilkhivskiy Dmitry','2012-06-19 04:35:59','0','','');
INSERT INTO `glpi_logs` VALUES ('1726','PluginGenericobjectMemory','90','0','20','Vilkhivskiy Dmitry','2012-06-19 04:36:32','0','','');
INSERT INTO `glpi_logs` VALUES ('1727','PluginGenericobjectHdd','48','0','20','Vilkhivskiy Dmitry','2012-06-19 04:37:30','0','','');
INSERT INTO `glpi_logs` VALUES ('1728','PluginGenericobjectProcessor','48','0','20','Vilkhivskiy Dmitry','2012-06-19 04:38:31','0','','');
INSERT INTO `glpi_logs` VALUES ('1729','PluginGenericobjectOperationsystem','32','0','20','Vilkhivskiy Dmitry','2012-06-19 04:39:29','0','','');
INSERT INTO `glpi_logs` VALUES ('1730','PluginGenericobjectPower','40','0','20','Vilkhivskiy Dmitry','2012-06-19 04:40:38','0','','');
INSERT INTO `glpi_logs` VALUES ('1731','User','41','','0','Vilkhivskiy Dmitry','2012-06-19 05:07:38','3','&nbsp;','304');
INSERT INTO `glpi_logs` VALUES ('1732','PluginGenericobjectMotherboard','49','0','20','Vilkhivskiy Dmitry','2012-06-19 05:10:00','0','','');
INSERT INTO `glpi_logs` VALUES ('1733','PluginGenericobjectMemory','91','0','20','Vilkhivskiy Dmitry','2012-06-19 05:10:37','0','','');
INSERT INTO `glpi_logs` VALUES ('1734','PluginGenericobjectProcessor','49','0','20','Vilkhivskiy Dmitry','2012-06-19 05:11:15','0','','');
INSERT INTO `glpi_logs` VALUES ('1735','PluginGenericobjectHdd','49','0','20','Vilkhivskiy Dmitry','2012-06-19 05:12:47','0','','');
INSERT INTO `glpi_logs` VALUES ('1736','PluginGenericobjectPower','41','0','20','Vilkhivskiy Dmitry','2012-06-19 05:13:58','0','','');
INSERT INTO `glpi_logs` VALUES ('1737','Location','12','0','20','Vilkhivskiy Dmitry','2012-06-19 05:35:40','0','','');
INSERT INTO `glpi_logs` VALUES ('1738','User','46','','0','Vilkhivskiy Dmitry','2012-06-19 05:35:45','3','205','305');
INSERT INTO `glpi_logs` VALUES ('1739','User','35','','0','Vilkhivskiy Dmitry','2012-06-19 07:33:23','3','&nbsp;','305');
INSERT INTO `glpi_logs` VALUES ('1740','PluginGenericobjectMotherboard','50','0','20','Vilkhivskiy Dmitry','2012-06-19 07:35:11','0','','');
INSERT INTO `glpi_logs` VALUES ('1741','PluginGenericobjectMemory','92','0','20','Vilkhivskiy Dmitry','2012-06-19 07:36:09','0','','');
INSERT INTO `glpi_logs` VALUES ('1742','PluginGenericobjectMemory','93','0','20','Vilkhivskiy Dmitry','2012-06-19 07:36:43','0','','');
INSERT INTO `glpi_logs` VALUES ('1743','PluginGenericobjectHdd','50','0','20','Vilkhivskiy Dmitry','2012-06-19 07:38:25','0','','');
INSERT INTO `glpi_logs` VALUES ('1744','PluginGenericobjectPower','42','0','20','Vilkhivskiy Dmitry','2012-06-19 07:39:35','0','','');
INSERT INTO `glpi_logs` VALUES ('1745','PluginGenericobjectMotherboard','51','0','20','Vilkhivskiy Dmitry','2012-06-19 07:41:03','0','','');
INSERT INTO `glpi_logs` VALUES ('1746','PluginGenericobjectMemory','94','0','20','Vilkhivskiy Dmitry','2012-06-19 07:42:08','0','','');
INSERT INTO `glpi_logs` VALUES ('1747','PluginGenericobjectMemory','95','0','20','Vilkhivskiy Dmitry','2012-06-19 07:42:45','0','','');
INSERT INTO `glpi_logs` VALUES ('1748','PluginGenericobjectHdd','51','0','20','Vilkhivskiy Dmitry','2012-06-19 07:44:02','0','','');
INSERT INTO `glpi_logs` VALUES ('1749','PluginGenericobjectPower','43','0','20','Vilkhivskiy Dmitry','2012-06-19 07:45:52','0','','');
INSERT INTO `glpi_logs` VALUES ('1750','User','30','','0','Vilkhivskiy Dmitry','2012-06-19 07:46:25','3','&nbsp;','304');
INSERT INTO `glpi_logs` VALUES ('1751','PluginGenericobjectProcessor','50','0','20','Vilkhivskiy Dmitry','2012-06-19 07:49:43','0','','');
INSERT INTO `glpi_logs` VALUES ('1752','User','18','','0','Vilkhivskiy Dmitry','2012-06-19 07:54:32','3','&nbsp;','304');
INSERT INTO `glpi_logs` VALUES ('1753','PluginGenericobjectMotherboard','52','0','20','Vilkhivskiy Dmitry','2012-06-19 07:56:09','0','','');
INSERT INTO `glpi_logs` VALUES ('1754','PluginGenericobjectProcessor','51','0','20','Vilkhivskiy Dmitry','2012-06-19 07:57:11','0','','');
INSERT INTO `glpi_logs` VALUES ('1755','PluginGenericobjectMemory','96','0','20','Vilkhivskiy Dmitry','2012-06-19 07:58:06','0','','');
INSERT INTO `glpi_logs` VALUES ('1756','PluginGenericobjectMemory','97','0','20','Vilkhivskiy Dmitry','2012-06-19 07:59:16','0','','');
INSERT INTO `glpi_logs` VALUES ('1757','PluginGenericobjectMemory','98','0','20','Vilkhivskiy Dmitry','2012-06-19 07:59:39','0','','');
INSERT INTO `glpi_logs` VALUES ('1758','PluginGenericobjectMemory','99','0','20','Vilkhivskiy Dmitry','2012-06-19 08:00:37','0','','');
INSERT INTO `glpi_logs` VALUES ('1759','PluginGenericobjectHdd','52','0','20','Vilkhivskiy Dmitry','2012-06-19 08:01:51','0','','');
INSERT INTO `glpi_logs` VALUES ('1760','PluginGenericobjectPower','44','0','20','Vilkhivskiy Dmitry','2012-06-19 08:07:43','0','','');
INSERT INTO `glpi_logs` VALUES ('1761','PluginGenericobjectMotherboard','33','','0','Vilkhivskiy Dmitry','2012-06-19 08:22:53','19','&nbsp;','Flexaspect');
INSERT INTO `glpi_logs` VALUES ('1762','PluginGenericobjectMotherboard','51','','0','Vilkhivskiy Dmitry','2012-06-19 08:23:13','17','&nbsp;','754');
INSERT INTO `glpi_logs` VALUES ('1763','PluginGenericobjectMotherboard','51','','0','Vilkhivskiy Dmitry','2012-06-19 08:23:13','20','&nbsp;','2 Slots');
INSERT INTO `glpi_logs` VALUES ('1764','PluginGenericobjectMotherboard','48','','0','Vilkhivskiy Dmitry','2012-06-19 08:23:19','17','&nbsp;','754');
INSERT INTO `glpi_logs` VALUES ('1765','PluginGenericobjectMotherboard','30','','0','Vilkhivskiy Dmitry','2012-06-19 08:23:48','17','&nbsp;','754');
INSERT INTO `glpi_logs` VALUES ('1766','PluginGenericobjectMotherboard','47','','0','Vilkhivskiy Dmitry','2012-06-19 08:24:24','17','&nbsp;','775');
INSERT INTO `glpi_logs` VALUES ('1767','PluginGenericobjectMotherboard','47','','0','Vilkhivskiy Dmitry','2012-06-19 08:24:24','20','&nbsp;','2 Slots');
INSERT INTO `glpi_logs` VALUES ('1768','PluginGenericobjectMotherboard','52','','0','Vilkhivskiy Dmitry','2012-06-19 08:25:27','17','&nbsp;','775');
INSERT INTO `glpi_logs` VALUES ('1769','PluginGenericobjectMotherboard','52','','0','Vilkhivskiy Dmitry','2012-06-19 08:25:27','20','&nbsp;','4 slots');
INSERT INTO `glpi_logs` VALUES ('1770','PluginGenericobjectMotherboard','50','','0','Vilkhivskiy Dmitry','2012-06-19 08:26:16','17','&nbsp;','AM2');
INSERT INTO `glpi_logs` VALUES ('1771','PluginGenericobjectMotherboard','50','','0','Vilkhivskiy Dmitry','2012-06-19 08:26:16','20','&nbsp;','2 Slots');
INSERT INTO `glpi_logs` VALUES ('1772','PluginGenericobjectMotherboard','49','','0','Vilkhivskiy Dmitry','2012-06-19 08:26:41','17','&nbsp;','1155');
INSERT INTO `glpi_logs` VALUES ('1773','PluginGenericobjectMemory','95','','0','Vilkhivskiy Dmitry','2012-06-19 08:30:25','17','','400');
INSERT INTO `glpi_logs` VALUES ('1774','PluginGenericobjectMemory','96','','0','Vilkhivskiy Dmitry','2012-06-19 08:30:29','17','','400');
INSERT INTO `glpi_logs` VALUES ('1775','PluginGenericobjectMemory','97','','0','Vilkhivskiy Dmitry','2012-06-19 08:30:37','17','','400');
INSERT INTO `glpi_logs` VALUES ('1776','PluginGenericobjectMemory','55','','0','Vilkhivskiy Dmitry','2012-06-19 08:32:30','15','000','none');
INSERT INTO `glpi_logs` VALUES ('1777','PluginGenericobjectMemory','56','','0','Vilkhivskiy Dmitry','2012-06-19 08:32:40','15','000000','none');
INSERT INTO `glpi_logs` VALUES ('1778','PluginGenericobjectMemory','90','','0','Vilkhivskiy Dmitry','2012-06-19 08:33:04','17','','400');
INSERT INTO `glpi_logs` VALUES ('1779','PluginGenericobjectMemory','94','','0','Vilkhivskiy Dmitry','2012-06-19 08:33:09','17','','400');
INSERT INTO `glpi_logs` VALUES ('1780','PluginGenericobjectMemory','89','','0','Vilkhivskiy Dmitry','2012-06-19 08:33:20','17','','400');
INSERT INTO `glpi_logs` VALUES ('1781','PluginGenericobjectMemory','99','','0','Vilkhivskiy Dmitry','2012-06-19 08:33:41','17','','400');
INSERT INTO `glpi_logs` VALUES ('1782','PluginGenericobjectProcessor','48','','0','Vilkhivskiy Dmitry','2012-06-19 09:53:07','16','&nbsp;','754');
INSERT INTO `glpi_logs` VALUES ('1783','PluginGenericobjectProcessor','48','','0','Vilkhivskiy Dmitry','2012-06-19 09:53:07','19','','1800MHz');
INSERT INTO `glpi_logs` VALUES ('1784','PluginGenericobjectProcessor','50','','0','Vilkhivskiy Dmitry','2012-06-19 10:01:35','19','','1800MHz');
INSERT INTO `glpi_logs` VALUES ('1785','PluginGenericobjectHdd','52','','0','Vilkhivskiy Dmitry','2012-06-19 10:04:26','22','&nbsp;','80GB');
INSERT INTO `glpi_logs` VALUES ('1786','PluginGenericobjectPower','38','','0','Vilkhivskiy Dmitry','2012-06-20 02:44:48','1','DELTA ELECTRONICS','Delta Electronics');
INSERT INTO `glpi_logs` VALUES ('1787','User','7','Group','15','Vilkhivskiy Dmitry','2012-06-20 03:01:40','0','','Flexaspect (2)');
INSERT INTO `glpi_logs` VALUES ('1788','User','11','Group','15','Vilkhivskiy Dmitry','2012-06-20 03:01:40','0','','Flexaspect (2)');
INSERT INTO `glpi_logs` VALUES ('1789','User','18','Group','15','Vilkhivskiy Dmitry','2012-06-20 03:01:40','0','','Flexaspect (2)');
INSERT INTO `glpi_logs` VALUES ('1790','User','19','Group','15','Vilkhivskiy Dmitry','2012-06-20 03:01:40','0','','Flexaspect (2)');
INSERT INTO `glpi_logs` VALUES ('1791','User','20','Group','15','Vilkhivskiy Dmitry','2012-06-20 03:01:40','0','','Flexaspect (2)');
INSERT INTO `glpi_logs` VALUES ('1792','User','23','Group','15','Vilkhivskiy Dmitry','2012-06-20 03:01:40','0','','Flexaspect (2)');
INSERT INTO `glpi_logs` VALUES ('1793','User','26','Group','15','Vilkhivskiy Dmitry','2012-06-20 03:01:40','0','','Flexaspect (2)');
INSERT INTO `glpi_logs` VALUES ('1794','User','27','Group','15','Vilkhivskiy Dmitry','2012-06-20 03:01:40','0','','Flexaspect (2)');
INSERT INTO `glpi_logs` VALUES ('1795','User','29','Group','15','Vilkhivskiy Dmitry','2012-06-20 03:01:40','0','','Flexaspect (2)');
INSERT INTO `glpi_logs` VALUES ('1796','User','30','Group','15','Vilkhivskiy Dmitry','2012-06-20 03:01:40','0','','Flexaspect (2)');
INSERT INTO `glpi_logs` VALUES ('1797','User','32','Group','15','Vilkhivskiy Dmitry','2012-06-20 03:01:40','0','','Flexaspect (2)');
INSERT INTO `glpi_logs` VALUES ('1798','User','34','Group','15','Vilkhivskiy Dmitry','2012-06-20 03:01:40','0','','Flexaspect (2)');
INSERT INTO `glpi_logs` VALUES ('1799','User','35','Group','15','Vilkhivskiy Dmitry','2012-06-20 03:01:40','0','','Flexaspect (2)');
INSERT INTO `glpi_logs` VALUES ('1800','User','40','Group','15','Vilkhivskiy Dmitry','2012-06-20 03:01:40','0','','Flexaspect (2)');
INSERT INTO `glpi_logs` VALUES ('1801','User','41','Group','15','Vilkhivskiy Dmitry','2012-06-20 03:01:40','0','','Flexaspect (2)');
INSERT INTO `glpi_logs` VALUES ('1802','User','42','Group','15','Vilkhivskiy Dmitry','2012-06-20 03:01:40','0','','Flexaspect (2)');
INSERT INTO `glpi_logs` VALUES ('1803','User','44','Group','15','Vilkhivskiy Dmitry','2012-06-20 03:01:40','0','','Flexaspect (2)');
INSERT INTO `glpi_logs` VALUES ('1804','User','46','Group','15','Vilkhivskiy Dmitry','2012-06-20 03:01:40','0','','Flexaspect (2)');
INSERT INTO `glpi_logs` VALUES ('1805','User','52','Group','15','Vilkhivskiy Dmitry','2012-06-20 03:01:40','0','','Flexaspect (2)');
INSERT INTO `glpi_logs` VALUES ('1806','User','53','Group','15','Vilkhivskiy Dmitry','2012-06-20 03:01:40','0','','Flexaspect (2)');
INSERT INTO `glpi_logs` VALUES ('1807','User','56','Group','15','Vilkhivskiy Dmitry','2012-06-20 03:01:40','0','','Flexaspect (2)');
INSERT INTO `glpi_logs` VALUES ('1808','User','57','Group','15','Vilkhivskiy Dmitry','2012-06-20 03:01:40','0','','Flexaspect (2)');
INSERT INTO `glpi_logs` VALUES ('1809','User','61','Group','15','Vilkhivskiy Dmitry','2012-06-20 03:01:40','0','','Flexaspect (2)');
INSERT INTO `glpi_logs` VALUES ('1810','User','65','Group','15','Vilkhivskiy Dmitry','2012-06-20 03:01:40','0','','Flexaspect (2)');
INSERT INTO `glpi_logs` VALUES ('1811','User','66','Group','15','Vilkhivskiy Dmitry','2012-06-20 03:01:40','0','','Flexaspect (2)');
INSERT INTO `glpi_logs` VALUES ('1812','User','74','Group','15','Vilkhivskiy Dmitry','2012-06-20 03:01:40','0','','Flexaspect (2)');
INSERT INTO `glpi_logs` VALUES ('1813','User','75','Group','15','Vilkhivskiy Dmitry','2012-06-20 03:01:40','0','','Flexaspect (2)');
INSERT INTO `glpi_logs` VALUES ('1814','User','76','Group','15','Vilkhivskiy Dmitry','2012-06-20 03:01:40','0','','Flexaspect (2)');
INSERT INTO `glpi_logs` VALUES ('1815','Location','13','0','20','Vilkhivskiy Dmitry','2012-06-20 03:03:27','0','','');
INSERT INTO `glpi_logs` VALUES ('1816','User','10','','0','Vilkhivskiy Dmitry','2012-06-20 03:03:50','3','&nbsp;','306');
INSERT INTO `glpi_logs` VALUES ('1817','User','13','','0','Vilkhivskiy Dmitry','2012-06-20 03:03:50','3','&nbsp;','306');
INSERT INTO `glpi_logs` VALUES ('1818','User','49','','0','Vilkhivskiy Dmitry','2012-06-20 03:03:50','3','&nbsp;','306');
INSERT INTO `glpi_logs` VALUES ('1819','User','51','','0','Vilkhivskiy Dmitry','2012-06-20 03:03:50','3','&nbsp;','306');
INSERT INTO `glpi_logs` VALUES ('1820','User','55','','0','Vilkhivskiy Dmitry','2012-06-20 03:03:50','3','&nbsp;','306');
INSERT INTO `glpi_logs` VALUES ('1821','User','63','','0','Vilkhivskiy Dmitry','2012-06-20 03:03:50','3','&nbsp;','306');
INSERT INTO `glpi_logs` VALUES ('1822','User','14','0','13','Vilkhivskiy Dmitry','2012-06-20 03:04:08','0','','');
INSERT INTO `glpi_logs` VALUES ('1823','User','15','Group','16','Vilkhivskiy Dmitry','2012-06-20 04:21:04','0','Flexaspect (2)','');
INSERT INTO `glpi_logs` VALUES ('1824','User','15','Group','15','Vilkhivskiy Dmitry','2012-06-20 04:21:16','0','','Flexaspect (2)');
INSERT INTO `glpi_logs` VALUES ('1825','User','15','Group','16','Vilkhivskiy Dmitry','2012-06-20 04:21:30','0','Flexaspect (2)','');
INSERT INTO `glpi_logs` VALUES ('1826','User','15','Group','15','Vilkhivskiy Dmitry','2012-06-20 04:21:38','0','','Flexaspect (2)');
INSERT INTO `glpi_logs` VALUES ('1827','Location','14','0','20','Vilkhivskiy Dmitry','2012-06-20 04:23:11','0','','');
INSERT INTO `glpi_logs` VALUES ('1828','User','10','','0','Vilkhivskiy Dmitry','2012-06-20 04:23:17','3','306','307');
INSERT INTO `glpi_logs` VALUES ('1829','User','13','','0','Vilkhivskiy Dmitry','2012-06-20 04:23:17','3','306','307');
INSERT INTO `glpi_logs` VALUES ('1830','User','49','','0','Vilkhivskiy Dmitry','2012-06-20 04:23:17','3','306','307');
INSERT INTO `glpi_logs` VALUES ('1831','User','51','','0','Vilkhivskiy Dmitry','2012-06-20 04:23:17','3','306','307');
INSERT INTO `glpi_logs` VALUES ('1832','User','55','','0','Vilkhivskiy Dmitry','2012-06-20 04:23:17','3','306','307');
INSERT INTO `glpi_logs` VALUES ('1833','User','63','','0','Vilkhivskiy Dmitry','2012-06-20 04:23:17','3','306','307');
INSERT INTO `glpi_logs` VALUES ('1834','User','49','Group','15','Vilkhivskiy Dmitry','2012-06-20 04:23:36','0','','Flexaspect (2)');
INSERT INTO `glpi_logs` VALUES ('1835','User','49','Group','16','Vilkhivskiy Dmitry','2012-06-20 04:23:51','0','Flexaspect (2)','');
INSERT INTO `glpi_logs` VALUES ('1836','Monitor','82','0','20','Vilkhivskiy Dmitry','2012-06-20 04:24:48','0','','');
INSERT INTO `glpi_logs` VALUES ('1837','Monitor','83','0','20','Vilkhivskiy Dmitry','2012-06-20 04:25:30','0','','');
INSERT INTO `glpi_logs` VALUES ('1838','PluginGenericobjectMotherboard','53','0','20','Vilkhivskiy Dmitry','2012-06-20 04:27:01','0','','');
INSERT INTO `glpi_logs` VALUES ('1839','PluginGenericobjectMemory','100','0','20','Vilkhivskiy Dmitry','2012-06-20 04:28:04','0','','');
INSERT INTO `glpi_logs` VALUES ('1840','PluginGenericobjectMemory','101','0','20','Vilkhivskiy Dmitry','2012-06-20 04:29:01','0','','');
INSERT INTO `glpi_logs` VALUES ('1841','PluginGenericobjectMemory','102','0','20','Vilkhivskiy Dmitry','2012-06-20 04:29:25','0','','');
INSERT INTO `glpi_logs` VALUES ('1842','PluginGenericobjectMemory','103','0','20','Vilkhivskiy Dmitry','2012-06-20 04:29:46','0','','');
INSERT INTO `glpi_logs` VALUES ('1843','PluginGenericobjectProcessor','52','0','20','Vilkhivskiy Dmitry','2012-06-20 04:32:00','0','','');
INSERT INTO `glpi_logs` VALUES ('1844','PluginGenericobjectHdd','53','0','20','Vilkhivskiy Dmitry','2012-06-20 04:32:59','0','','');
INSERT INTO `glpi_logs` VALUES ('1845','PluginGenericobjectPower','45','0','20','Vilkhivskiy Dmitry','2012-06-20 04:34:03','0','','');
INSERT INTO `glpi_logs` VALUES ('1846','PluginGenericobjectVideocard','12','0','20','Vilkhivskiy Dmitry','2012-06-20 04:35:12','0','','');
INSERT INTO `glpi_logs` VALUES ('1847','Monitor','84','0','20','Vilkhivskiy Dmitry','2012-06-20 04:36:38','0','','');
INSERT INTO `glpi_logs` VALUES ('1848','PluginGenericobjectMotherboard','54','0','20','Vilkhivskiy Dmitry','2012-06-20 04:38:21','0','','');
INSERT INTO `glpi_logs` VALUES ('1849','PluginGenericobjectMemory','104','0','20','Vilkhivskiy Dmitry','2012-06-20 04:39:33','0','','');
INSERT INTO `glpi_logs` VALUES ('1850','PluginGenericobjectHdd','54','0','20','Vilkhivskiy Dmitry','2012-06-20 04:40:55','0','','');
INSERT INTO `glpi_logs` VALUES ('1851','PluginGenericobjectPower','46','0','20','Vilkhivskiy Dmitry','2012-06-20 04:41:59','0','','');
INSERT INTO `glpi_logs` VALUES ('1852','Monitor','85','0','20','Vilkhivskiy Dmitry','2012-06-20 04:45:13','0','','');
INSERT INTO `glpi_logs` VALUES ('1853','PluginGenericobjectMotherboard','55','0','20','Vilkhivskiy Dmitry','2012-06-20 04:46:24','0','','');
INSERT INTO `glpi_logs` VALUES ('1854','PluginGenericobjectProcessor','53','0','20','Vilkhivskiy Dmitry','2012-06-20 04:47:01','0','','');
INSERT INTO `glpi_logs` VALUES ('1855','PluginGenericobjectMemory','105','0','20','Vilkhivskiy Dmitry','2012-06-20 04:48:52','0','','');
INSERT INTO `glpi_logs` VALUES ('1856','PluginGenericobjectMemory','106','0','20','Vilkhivskiy Dmitry','2012-06-20 04:49:04','0','','');
INSERT INTO `glpi_logs` VALUES ('1857','PluginGenericobjectHdd','55','0','20','Vilkhivskiy Dmitry','2012-06-20 04:51:12','0','','');
INSERT INTO `glpi_logs` VALUES ('1858','PluginGenericobjectPower','47','0','20','Vilkhivskiy Dmitry','2012-06-20 04:53:15','0','','');
INSERT INTO `glpi_logs` VALUES ('1859','Monitor','86','0','20','Vilkhivskiy Dmitry','2012-06-20 04:54:50','0','','');
INSERT INTO `glpi_logs` VALUES ('1860','PluginGenericobjectMotherboard','56','0','20','Vilkhivskiy Dmitry','2012-06-20 04:56:04','0','','');
INSERT INTO `glpi_logs` VALUES ('1861','PluginGenericobjectMemory','107','0','20','Vilkhivskiy Dmitry','2012-06-20 04:58:23','0','','');
INSERT INTO `glpi_logs` VALUES ('1862','PluginGenericobjectHdd','56','0','20','Vilkhivskiy Dmitry','2012-06-20 04:59:48','0','','');
INSERT INTO `glpi_logs` VALUES ('1863','PluginGenericobjectPower','48','0','20','Vilkhivskiy Dmitry','2012-06-20 05:00:36','0','','');
INSERT INTO `glpi_logs` VALUES ('1864','Monitor','86','','0','Vilkhivskiy Dmitry','2012-06-20 05:01:21','3','&nbsp;','307');
INSERT INTO `glpi_logs` VALUES ('1865','Monitor','86','','0','Vilkhivskiy Dmitry','2012-06-20 05:01:21','40','&nbsp;','W2346S');
INSERT INTO `glpi_logs` VALUES ('1866','PluginGenericobjectMotherboard','53','','0','Vilkhivskiy Dmitry','2012-06-20 05:02:37','17','&nbsp;','775');
INSERT INTO `glpi_logs` VALUES ('1867','PluginGenericobjectMotherboard','53','','0','Vilkhivskiy Dmitry','2012-06-20 05:02:37','20','&nbsp;','4 slots');
INSERT INTO `glpi_logs` VALUES ('1868','PluginGenericobjectMotherboard','57','0','20','Vilkhivskiy Dmitry','2012-06-20 05:14:02','0','','');
INSERT INTO `glpi_logs` VALUES ('1869','PluginGenericobjectMotherboard','57','','0','Vilkhivskiy Dmitry','2012-06-20 05:14:11','15','','MS6C96B50501816');
INSERT INTO `glpi_logs` VALUES ('1870','PluginGenericobjectMemory','108','0','20','Vilkhivskiy Dmitry','2012-06-20 05:14:40','0','','');
INSERT INTO `glpi_logs` VALUES ('1871','PluginGenericobjectMemory','108','','0','Vilkhivskiy Dmitry','2012-06-20 05:14:53','21','&nbsp;','Flexaspect');
INSERT INTO `glpi_logs` VALUES ('1872','PluginGenericobjectMemory','108','','0','Vilkhivskiy Dmitry','2012-06-20 05:14:53','22','&nbsp;','alex.devyatkin');
INSERT INTO `glpi_logs` VALUES ('1873','PluginGenericobjectMemory','109','0','20','Vilkhivskiy Dmitry','2012-06-20 05:15:39','0','','');
INSERT INTO `glpi_logs` VALUES ('1874','PluginGenericobjectHdd','57','0','20','Vilkhivskiy Dmitry','2012-06-20 05:16:09','0','','');
INSERT INTO `glpi_logs` VALUES ('1875','PluginGenericobjectProcessor','54','0','20','Vilkhivskiy Dmitry','2012-06-20 05:16:47','0','','');
INSERT INTO `glpi_logs` VALUES ('1876','PluginGenericobjectVideocard','13','0','20','Vilkhivskiy Dmitry','2012-06-20 05:17:50','0','','');
INSERT INTO `glpi_logs` VALUES ('1877','PluginGenericobjectPower','49','0','20','Vilkhivskiy Dmitry','2012-06-20 05:18:27','0','','');
INSERT INTO `glpi_logs` VALUES ('1878','Monitor','87','0','20','Vilkhivskiy Dmitry','2012-06-20 05:19:46','0','','');
INSERT INTO `glpi_logs` VALUES ('1879','Monitor','88','0','20','Vilkhivskiy Dmitry','2012-06-20 05:20:21','0','','');
INSERT INTO `glpi_logs` VALUES ('1880','PluginGenericobjectMotherboard','58','0','20','Vilkhivskiy Dmitry','2012-06-20 05:23:08','0','','');
INSERT INTO `glpi_logs` VALUES ('1881','PluginGenericobjectMemory','110','0','20','Vilkhivskiy Dmitry','2012-06-20 05:30:12','0','','');
INSERT INTO `glpi_logs` VALUES ('1882','PluginGenericobjectProcessor','55','0','20','Vilkhivskiy Dmitry','2012-06-20 05:30:56','0','','');
INSERT INTO `glpi_logs` VALUES ('1883','PluginGenericobjectHdd','58','0','20','Vilkhivskiy Dmitry','2012-06-20 05:31:46','0','','');
INSERT INTO `glpi_logs` VALUES ('1884','PluginGenericobjectPower','50','0','20','Vilkhivskiy Dmitry','2012-06-20 05:32:54','0','','');
INSERT INTO `glpi_logs` VALUES ('1885','Monitor','89','0','20','Vilkhivskiy Dmitry','2012-06-20 05:34:16','0','','');
INSERT INTO `glpi_logs` VALUES ('1886','User','10','Group','15','Vilkhivskiy Dmitry','2012-06-20 05:35:46','0','','Flexaspect (2)');
INSERT INTO `glpi_logs` VALUES ('1887','User','13','Group','15','Vilkhivskiy Dmitry','2012-06-20 05:35:46','0','','Flexaspect (2)');
INSERT INTO `glpi_logs` VALUES ('1888','User','49','Group','15','Vilkhivskiy Dmitry','2012-06-20 05:35:46','0','','Flexaspect (2)');
INSERT INTO `glpi_logs` VALUES ('1889','User','51','Group','15','Vilkhivskiy Dmitry','2012-06-20 05:35:46','0','','Flexaspect (2)');
INSERT INTO `glpi_logs` VALUES ('1890','User','55','Group','15','Vilkhivskiy Dmitry','2012-06-20 05:35:46','0','','Flexaspect (2)');
INSERT INTO `glpi_logs` VALUES ('1891','User','63','Group','15','Vilkhivskiy Dmitry','2012-06-20 05:35:46','0','','Flexaspect (2)');
INSERT INTO `glpi_logs` VALUES ('1892','User','11','','0','Vilkhivskiy Dmitry','2012-06-20 05:43:57','3','&nbsp;','305');
INSERT INTO `glpi_logs` VALUES ('1893','PluginGenericobjectMemory','59','','0','Vilkhivskiy Dmitry','2012-06-20 05:59:13','15','000','3F608DCDh (3448594495)');
INSERT INTO `glpi_logs` VALUES ('1894','PluginGenericobjectMemory','60','','0','Vilkhivskiy Dmitry','2012-06-20 05:59:20','15','000','3F608DD3h (3549257791)');
INSERT INTO `glpi_logs` VALUES ('1895','PluginGenericobjectHdd','32','','0','Vilkhivskiy Dmitry','2012-06-20 05:59:51','17','000','S0VPJ1EPB01113');
INSERT INTO `glpi_logs` VALUES ('1896','PluginGenericobjectPower','51','0','20','Vilkhivskiy Dmitry','2012-06-20 06:10:45','0','','');
INSERT INTO `glpi_logs` VALUES ('1897','PluginGenericobjectMotherboard','59','0','20','Vilkhivskiy Dmitry','2012-06-20 06:44:20','0','','');
INSERT INTO `glpi_logs` VALUES ('1898','PluginGenericobjectMemory','111','0','20','Vilkhivskiy Dmitry','2012-06-20 06:45:37','0','','');
INSERT INTO `glpi_logs` VALUES ('1899','PluginGenericobjectMemory','112','0','20','Vilkhivskiy Dmitry','2012-06-20 06:45:58','0','','');
INSERT INTO `glpi_logs` VALUES ('1900','PluginGenericobjectHdd','59','0','20','Vilkhivskiy Dmitry','2012-06-20 06:48:12','0','','');
INSERT INTO `glpi_logs` VALUES ('1901','PluginGenericobjectPower','52','0','20','Vilkhivskiy Dmitry','2012-06-20 06:49:18','0','','');
INSERT INTO `glpi_logs` VALUES ('1902','Monitor','90','0','20','Vilkhivskiy Dmitry','2012-06-20 06:53:36','0','','');
INSERT INTO `glpi_logs` VALUES ('1903','PluginGenericobjectMotherboard','32','','0','Vilkhivskiy Dmitry','2012-06-21 00:50:12','15','0014AD236C42','113960026150');
INSERT INTO `glpi_logs` VALUES ('1904','PluginGenericobjectMotherboard','32','','0','Vilkhivskiy Dmitry','2012-06-21 00:50:12','16','GA-945P-S3','GA-G41MT-S2PT');
INSERT INTO `glpi_logs` VALUES ('1905','PluginGenericobjectMemory','61','','0','Vilkhivskiy Dmitry','2012-06-21 00:51:15','22','artem.pyhtin','&nbsp;');
INSERT INTO `glpi_logs` VALUES ('1906','PluginGenericobjectMemory','62','','0','Vilkhivskiy Dmitry','2012-06-21 00:51:19','22','artem.pyhtin','&nbsp;');
INSERT INTO `glpi_logs` VALUES ('1907','PluginGenericobjectMemory','63','','0','Vilkhivskiy Dmitry','2012-06-21 00:51:22','22','artem.pyhtin','&nbsp;');
INSERT INTO `glpi_logs` VALUES ('1908','PluginGenericobjectMemory','64','','0','Vilkhivskiy Dmitry','2012-06-21 00:51:27','22','artem.pyhtin','&nbsp;');
INSERT INTO `glpi_logs` VALUES ('1909','PluginGenericobjectMemory','113','0','20','Vilkhivskiy Dmitry','2012-06-21 00:54:23','0','','');
INSERT INTO `glpi_logs` VALUES ('1910','PluginGenericobjectMemory','114','0','20','Vilkhivskiy Dmitry','2012-06-21 00:55:03','0','','');
INSERT INTO `glpi_logs` VALUES ('1911','User','20','','0','Vilkhivskiy Dmitry','2012-06-21 01:24:56','3','&nbsp;','302');
INSERT INTO `glpi_logs` VALUES ('1912','User','66','','0','Vilkhivskiy Dmitry','2012-06-21 01:24:56','3','&nbsp;','302');
INSERT INTO `glpi_logs` VALUES ('1913','User','27','','0','Vilkhivskiy Dmitry','2012-06-21 01:24:56','3','&nbsp;','302');
INSERT INTO `glpi_logs` VALUES ('1914','PluginGenericobjectMotherboard','60','0','20','Vilkhivskiy Dmitry','2012-06-21 01:26:42','0','','');
INSERT INTO `glpi_logs` VALUES ('1915','PluginGenericobjectMemory','115','0','20','Vilkhivskiy Dmitry','2012-06-21 01:27:20','0','','');
INSERT INTO `glpi_logs` VALUES ('1916','PluginGenericobjectMemory','116','0','20','Vilkhivskiy Dmitry','2012-06-21 01:28:04','0','','');
INSERT INTO `glpi_logs` VALUES ('1917','PluginGenericobjectHdd','60','0','20','Vilkhivskiy Dmitry','2012-06-21 01:30:37','0','','');
INSERT INTO `glpi_logs` VALUES ('1918','PluginGenericobjectVideocard','14','0','20','Vilkhivskiy Dmitry','2012-06-21 01:33:00','0','','');
INSERT INTO `glpi_logs` VALUES ('1919','PluginGenericobjectPower','53','0','20','Vilkhivskiy Dmitry','2012-06-21 01:33:53','0','','');
INSERT INTO `glpi_logs` VALUES ('1920','PluginGenericobjectMotherboard','61','0','20','Vilkhivskiy Dmitry','2012-06-21 01:35:12','0','','');
INSERT INTO `glpi_logs` VALUES ('1921','PluginGenericobjectMemory','117','0','20','Vilkhivskiy Dmitry','2012-06-21 01:35:59','0','','');
INSERT INTO `glpi_logs` VALUES ('1922','PluginGenericobjectMemory','118','0','20','Vilkhivskiy Dmitry','2012-06-21 01:36:19','0','','');
INSERT INTO `glpi_logs` VALUES ('1923','PluginGenericobjectHdd','61','0','20','Vilkhivskiy Dmitry','2012-06-21 01:37:07','0','','');
INSERT INTO `glpi_logs` VALUES ('1924','PluginGenericobjectPower','54','0','20','Vilkhivskiy Dmitry','2012-06-21 01:39:09','0','','');
INSERT INTO `glpi_logs` VALUES ('1925','PluginGenericobjectMotherboard','26','','0','Vilkhivskiy Dmitry','2012-06-21 01:56:39','15','0000','MS1C89B23201652');
INSERT INTO `glpi_logs` VALUES ('1926','PluginGenericobjectHdd','21','','0','Vilkhivskiy Dmitry','2012-06-21 01:56:56','17','0000','9SZ5QZMQ');
INSERT INTO `glpi_logs` VALUES ('1927','PluginGenericobjectVideocard','15','0','20','Vilkhivskiy Dmitry','2012-06-21 01:57:53','0','','');
INSERT INTO `glpi_logs` VALUES ('1928','PluginGenericobjectPower','55','0','20','Vilkhivskiy Dmitry','2012-06-21 01:59:06','0','','');
INSERT INTO `glpi_logs` VALUES ('1929','PluginGenericobjectMemory','119','0','20','Vilkhivskiy Dmitry','2012-06-21 01:59:43','0','','');
INSERT INTO `glpi_logs` VALUES ('1930','PluginGenericobjectMemory','120','0','20','Vilkhivskiy Dmitry','2012-06-21 02:00:14','0','','');
INSERT INTO `glpi_logs` VALUES ('1931','PluginGenericobjectMemory','121','0','20','Vilkhivskiy Dmitry','2012-06-21 02:00:41','0','','');
INSERT INTO `glpi_logs` VALUES ('1932','PluginGenericobjectMemory','122','0','20','Vilkhivskiy Dmitry','2012-06-21 02:01:16','0','','');
INSERT INTO `glpi_logs` VALUES ('1933','PluginGenericobjectMotherboard','27','','0','Vilkhivskiy Dmitry','2012-06-21 02:01:50','15','0000','MS1C96B48800437');
INSERT INTO `glpi_logs` VALUES ('1934','PluginGenericobjectHdd','20','','0','Vilkhivskiy Dmitry','2012-06-21 02:03:02','1','SAMSUNG','Western Digital');
INSERT INTO `glpi_logs` VALUES ('1935','PluginGenericobjectHdd','20','','0','Vilkhivskiy Dmitry','2012-06-21 02:03:02','15','Ukad','Flexaspect');
INSERT INTO `glpi_logs` VALUES ('1936','PluginGenericobjectHdd','20','','0','Vilkhivskiy Dmitry','2012-06-21 02:03:02','17','0000','WD-WCAEK1477628');
INSERT INTO `glpi_logs` VALUES ('1937','PluginGenericobjectHdd','20','','0','Vilkhivskiy Dmitry','2012-06-21 02:03:02','19','ST3320418AS','WD1200JB-00EVA0');
INSERT INTO `glpi_logs` VALUES ('1938','PluginGenericobjectPower','56','0','20','Vilkhivskiy Dmitry','2012-06-21 02:03:50','0','','');
INSERT INTO `glpi_logs` VALUES ('1939','PluginGenericobjectVideocard','16','0','20','Vilkhivskiy Dmitry','2012-06-21 02:04:33','0','','');
INSERT INTO `glpi_logs` VALUES ('1940','PluginGenericobjectMemory','123','0','20','Vilkhivskiy Dmitry','2012-06-21 02:05:21','0','','');
INSERT INTO `glpi_logs` VALUES ('1941','PluginGenericobjectMemory','124','0','20','Vilkhivskiy Dmitry','2012-06-21 02:05:42','0','','');
INSERT INTO `glpi_logs` VALUES ('1942','Monitor','49','','0','Vilkhivskiy Dmitry','2012-06-21 02:06:04','71','BOSSdev','Flexaspect');
INSERT INTO `glpi_logs` VALUES ('1943','Monitor','50','','0','Vilkhivskiy Dmitry','2012-06-21 02:06:08','71','Ukad','Flexaspect');
INSERT INTO `glpi_logs` VALUES ('1944','PluginGenericobjectMotherboard','27','','0','Vilkhivskiy Dmitry','2012-06-21 02:06:17','19','Ukad','Flexaspect');
INSERT INTO `glpi_logs` VALUES ('1945','PluginGenericobjectProcessor','25','','0','Vilkhivskiy Dmitry','2012-06-21 02:06:21','20','Ukad','Flexaspect');
INSERT INTO `glpi_logs` VALUES ('1946','PluginGenericobjectOperationsystem','25','','0','Vilkhivskiy Dmitry','2012-06-21 02:06:37','17','Ukad','Flexaspect');
INSERT INTO `glpi_logs` VALUES ('1947','Monitor','91','0','20','Vilkhivskiy Dmitry','2012-06-21 02:14:46','0','','');
INSERT INTO `glpi_logs` VALUES ('1948','User','77','Profile_User','17','Vilkhivskiy Dmitry','2012-06-21 02:55:17','0','','Self-Service,  , D');
INSERT INTO `glpi_logs` VALUES ('1949','User','77','0','20','Vilkhivskiy Dmitry','2012-06-21 02:55:17','0','','');
INSERT INTO `glpi_logs` VALUES ('1950','PluginGenericobjectMotherboard','62','0','20','Vilkhivskiy Dmitry','2012-06-21 02:56:20','0','','');
INSERT INTO `glpi_logs` VALUES ('1951','PluginGenericobjectMemory','125','0','20','Vilkhivskiy Dmitry','2012-06-21 02:57:03','0','','');
INSERT INTO `glpi_logs` VALUES ('1952','PluginGenericobjectMemory','126','0','20','Vilkhivskiy Dmitry','2012-06-21 02:57:30','0','','');
INSERT INTO `glpi_logs` VALUES ('1953','PluginGenericobjectHdd','62','0','20','Vilkhivskiy Dmitry','2012-06-21 02:58:16','0','','');
INSERT INTO `glpi_logs` VALUES ('1954','PluginGenericobjectPower','57','0','20','Vilkhivskiy Dmitry','2012-06-21 02:59:59','0','','');
INSERT INTO `glpi_logs` VALUES ('1955','PluginGenericobjectPower','57','','0','Vilkhivskiy Dmitry','2012-06-21 03:06:36','16','','none');
INSERT INTO `glpi_logs` VALUES ('1956','Monitor','92','0','20','Vilkhivskiy Dmitry','2012-06-21 03:49:15','0','','');
INSERT INTO `glpi_logs` VALUES ('1957','Monitor','93','0','20','Vilkhivskiy Dmitry','2012-06-21 03:53:36','0','','');
INSERT INTO `glpi_logs` VALUES ('1958','PluginGenericobjectMotherboard','63','0','20','Vilkhivskiy Dmitry','2012-06-21 03:55:52','0','','');
INSERT INTO `glpi_logs` VALUES ('1959','PluginGenericobjectMemory','127','0','20','Vilkhivskiy Dmitry','2012-06-21 03:56:50','0','','');
INSERT INTO `glpi_logs` VALUES ('1960','PluginGenericobjectMemory','128','0','20','Vilkhivskiy Dmitry','2012-06-21 03:57:26','0','','');
INSERT INTO `glpi_logs` VALUES ('1961','PluginGenericobjectMemory','129','0','20','Vilkhivskiy Dmitry','2012-06-21 03:58:01','0','','');
INSERT INTO `glpi_logs` VALUES ('1962','PluginGenericobjectMemory','130','0','20','Vilkhivskiy Dmitry','2012-06-21 03:58:24','0','','');
INSERT INTO `glpi_logs` VALUES ('1963','PluginGenericobjectVideocard','17','0','20','Vilkhivskiy Dmitry','2012-06-21 03:59:21','0','','');
INSERT INTO `glpi_logs` VALUES ('1964','PluginGenericobjectHdd','63','0','20','Vilkhivskiy Dmitry','2012-06-21 04:00:41','0','','');
INSERT INTO `glpi_logs` VALUES ('1965','PluginGenericobjectPower','58','0','20','Vilkhivskiy Dmitry','2012-06-21 04:01:36','0','','');
INSERT INTO `glpi_logs` VALUES ('1966','User','9','','0','Vilkhivskiy Dmitry','2012-06-21 04:03:43','3','&nbsp;','306');
INSERT INTO `glpi_logs` VALUES ('1967','User','44','','0','Vilkhivskiy Dmitry','2012-06-21 04:04:09','3','&nbsp;','304');
INSERT INTO `glpi_logs` VALUES ('1968','User','8','','0','Vilkhivskiy Dmitry','2012-06-21 04:04:56','3','&nbsp;','306');
INSERT INTO `glpi_logs` VALUES ('1969','PluginGenericobjectMotherboard','64','0','20','Vilkhivskiy Dmitry','2012-06-21 04:19:34','0','','');
INSERT INTO `glpi_logs` VALUES ('1970','PluginGenericobjectMemory','131','0','20','Vilkhivskiy Dmitry','2012-06-21 04:20:15','0','','');
INSERT INTO `glpi_logs` VALUES ('1971','PluginGenericobjectMemory','132','0','20','Vilkhivskiy Dmitry','2012-06-21 04:20:58','0','','');
INSERT INTO `glpi_logs` VALUES ('1972','PluginGenericobjectHdd','64','0','20','Vilkhivskiy Dmitry','2012-06-21 04:22:18','0','','');
INSERT INTO `glpi_logs` VALUES ('1973','PluginGenericobjectProcessor','56','0','20','Vilkhivskiy Dmitry','2012-06-21 04:23:23','0','','');
INSERT INTO `glpi_logs` VALUES ('1974','PluginGenericobjectPower','59','0','20','Vilkhivskiy Dmitry','2012-06-21 04:24:34','0','','');
INSERT INTO `glpi_logs` VALUES ('1975','PluginGenericobjectVideocard','18','0','20','Vilkhivskiy Dmitry','2012-06-21 04:25:28','0','','');
INSERT INTO `glpi_logs` VALUES ('1976','Monitor','94','0','20','Vilkhivskiy Dmitry','2012-06-21 04:28:47','0','','');
INSERT INTO `glpi_logs` VALUES ('1977','Monitor','95','0','20','Vilkhivskiy Dmitry','2012-06-21 04:30:07','0','','');
INSERT INTO `glpi_logs` VALUES ('1978','PluginGenericobjectOperationsystem','33','0','20','Vilkhivskiy Dmitry','2012-06-21 05:53:48','0','','');
INSERT INTO `glpi_logs` VALUES ('1979','PluginGenericobjectOperationsystem','34','0','20','Vilkhivskiy Dmitry','2012-06-21 05:55:14','0','','');
INSERT INTO `glpi_logs` VALUES ('1980','PluginGenericobjectOperationsystem','35','0','20','Vilkhivskiy Dmitry','2012-06-21 05:56:09','0','','');
INSERT INTO `glpi_logs` VALUES ('1981','PluginGenericobjectMotherboard','65','0','20','Vilkhivskiy Dmitry','2012-06-21 06:04:49','0','','');
INSERT INTO `glpi_logs` VALUES ('1982','PluginGenericobjectMotherboard','66','0','20','Vilkhivskiy Dmitry','2012-06-21 06:05:45','0','','');
INSERT INTO `glpi_logs` VALUES ('1983','PluginGenericobjectMotherboard','67','0','20','Vilkhivskiy Dmitry','2012-06-21 06:07:58','0','','');
INSERT INTO `glpi_logs` VALUES ('1984','PluginGenericobjectMotherboard','68','0','20','Vilkhivskiy Dmitry','2012-06-21 06:12:26','0','','');
INSERT INTO `glpi_logs` VALUES ('1985','PluginGenericobjectMotherboard','69','0','20','Vilkhivskiy Dmitry','2012-06-21 06:22:47','0','','');
INSERT INTO `glpi_logs` VALUES ('1986','PluginGenericobjectMotherboard','70','0','20','Vilkhivskiy Dmitry','2012-06-21 06:33:00','0','','');
INSERT INTO `glpi_logs` VALUES ('1987','PluginGenericobjectMotherboard','71','0','20','Vilkhivskiy Dmitry','2012-06-21 06:34:16','0','','');
INSERT INTO `glpi_logs` VALUES ('1988','PluginGenericobjectMotherboard','72','0','20','Vilkhivskiy Dmitry','2012-06-21 06:39:11','0','','');
INSERT INTO `glpi_logs` VALUES ('1989','PluginGenericobjectMotherboard','73','0','20','Vilkhivskiy Dmitry','2012-06-21 06:40:31','0','','');
INSERT INTO `glpi_logs` VALUES ('1990','PluginGenericobjectMotherboard','74','0','20','Vilkhivskiy Dmitry','2012-06-21 06:42:33','0','','');
INSERT INTO `glpi_logs` VALUES ('1991','PluginGenericobjectMotherboard','73','','0','Vilkhivskiy Dmitry','2012-06-21 07:21:22','19','Flexaspect','BOSSdev');
INSERT INTO `glpi_logs` VALUES ('1992','User','78','Profile_User','17','Vilkhivskiy Dmitry','2012-06-21 07:22:35','0','','Self-Service,  , D');
INSERT INTO `glpi_logs` VALUES ('1993','User','78','0','20','Vilkhivskiy Dmitry','2012-06-21 07:22:35','0','','');
INSERT INTO `glpi_logs` VALUES ('1994','PluginGenericobjectMotherboard','67','','0','Vilkhivskiy Dmitry','2012-06-21 07:23:25','18','Rezerv','Spisano');
INSERT INTO `glpi_logs` VALUES ('1995','PluginGenericobjectMotherboard','67','','0','Vilkhivskiy Dmitry','2012-06-21 07:23:33','18','Spisano','Rezerv');
INSERT INTO `glpi_logs` VALUES ('1996','PluginGenericobjectMotherboard','67','','0','Vilkhivskiy Dmitry','2012-06-21 07:23:39','19','BOSSdev','Ukad');
INSERT INTO `glpi_logs` VALUES ('1997','PluginGenericobjectMotherboard','67','','0','Vilkhivskiy Dmitry','2012-06-21 07:23:47','19','Ukad','BOSSdev');
INSERT INTO `glpi_logs` VALUES ('1998','PluginGenericobjectMemory','133','0','20','Vilkhivskiy Dmitry','2012-06-21 07:26:01','0','','');
INSERT INTO `glpi_logs` VALUES ('1999','PluginGenericobjectMotherboard','68','','0','Vilkhivskiy Dmitry','2012-06-21 07:26:54','20','&nbsp;','2 Slots');
INSERT INTO `glpi_logs` VALUES ('2000','PluginGenericobjectMemory','134','0','20','Vilkhivskiy Dmitry','2012-06-21 07:34:32','0','','');
INSERT INTO `glpi_logs` VALUES ('2001','PluginGenericobjectMemory','135','0','20','Vilkhivskiy Dmitry','2012-06-21 07:36:18','0','','');
INSERT INTO `glpi_logs` VALUES ('2002','PluginGenericobjectMemory','134','0','13','Vilkhivskiy Dmitry','2012-06-21 07:39:01','0','','');
INSERT INTO `glpi_logs` VALUES ('2003','PluginGenericobjectMemory','135','0','13','Vilkhivskiy Dmitry','2012-06-21 07:39:01','0','','');
INSERT INTO `glpi_logs` VALUES ('2004','PluginGenericobjectMemory','136','0','20','Vilkhivskiy Dmitry','2012-06-21 07:53:25','0','','');
INSERT INTO `glpi_logs` VALUES ('2005','PluginGenericobjectMemory','137','0','20','Vilkhivskiy Dmitry','2012-06-21 07:53:38','0','','');
INSERT INTO `glpi_logs` VALUES ('2006','PluginGenericobjectMemory','138','0','20','Vilkhivskiy Dmitry','2012-06-21 07:53:41','0','','');
INSERT INTO `glpi_logs` VALUES ('2007','PluginGenericobjectMemory','139','0','20','Vilkhivskiy Dmitry','2012-06-21 07:53:44','0','','');
INSERT INTO `glpi_logs` VALUES ('2008','PluginGenericobjectMemory','140','0','20','Vilkhivskiy Dmitry','2012-06-21 07:53:48','0','','');
INSERT INTO `glpi_logs` VALUES ('2009','PluginGenericobjectMemory','141','0','20','Vilkhivskiy Dmitry','2012-06-21 07:55:29','0','','');
INSERT INTO `glpi_logs` VALUES ('2010','PluginGenericobjectMemory','142','0','20','Vilkhivskiy Dmitry','2012-06-21 07:56:12','0','','');
INSERT INTO `glpi_logs` VALUES ('2011','PluginGenericobjectMemory','142','','0','Vilkhivskiy Dmitry','2012-06-21 07:56:25','21','Flexaspect','BOSSdev');
INSERT INTO `glpi_logs` VALUES ('2012','PluginGenericobjectMemory','143','0','20','Vilkhivskiy Dmitry','2012-06-21 07:57:30','0','','');
INSERT INTO `glpi_logs` VALUES ('2013','PluginGenericobjectMemory','144','0','20','Vilkhivskiy Dmitry','2012-06-21 07:58:05','0','','');
INSERT INTO `glpi_logs` VALUES ('2014','PluginGenericobjectMemory','143','','0','Vilkhivskiy Dmitry','2012-06-21 07:58:10','1','HYNIX','NONAME');
INSERT INTO `glpi_logs` VALUES ('2015','PluginGenericobjectMemory','145','0','20','Vilkhivskiy Dmitry','2012-06-21 07:58:37','0','','');
INSERT INTO `glpi_logs` VALUES ('2016','PluginGenericobjectMemory','142','','0','Vilkhivskiy Dmitry','2012-06-21 07:59:04','16','512MB','256M');
INSERT INTO `glpi_logs` VALUES ('2017','PluginGenericobjectMemory','143','','0','Vilkhivskiy Dmitry','2012-06-21 07:59:23','21','Flexaspect','BOSSdev');
INSERT INTO `glpi_logs` VALUES ('2018','PluginGenericobjectMemory','144','','0','Vilkhivskiy Dmitry','2012-06-21 07:59:27','21','Flexaspect','BOSSdev');
INSERT INTO `glpi_logs` VALUES ('2019','PluginGenericobjectMemory','145','','0','Vilkhivskiy Dmitry','2012-06-21 07:59:30','21','Flexaspect','BOSSdev');
INSERT INTO `glpi_logs` VALUES ('2020','PluginGenericobjectMemory','146','0','20','Vilkhivskiy Dmitry','2012-06-21 08:01:11','0','','');
INSERT INTO `glpi_logs` VALUES ('2021','PluginGenericobjectMemory','147','0','20','Vilkhivskiy Dmitry','2012-06-21 08:01:36','0','','');
INSERT INTO `glpi_logs` VALUES ('2022','PluginGenericobjectMemory','148','0','20','Vilkhivskiy Dmitry','2012-06-21 08:02:28','0','','');
INSERT INTO `glpi_logs` VALUES ('2023','PluginGenericobjectMemory','149','0','20','Vilkhivskiy Dmitry','2012-06-21 08:02:56','0','','');
INSERT INTO `glpi_logs` VALUES ('2024','PluginGenericobjectMemory','150','0','20','Vilkhivskiy Dmitry','2012-06-21 08:04:46','0','','');
INSERT INTO `glpi_logs` VALUES ('2025','PluginGenericobjectMemory','151','0','20','Vilkhivskiy Dmitry','2012-06-21 08:06:29','0','','');
INSERT INTO `glpi_logs` VALUES ('2026','PluginGenericobjectMemory','152','0','20','Vilkhivskiy Dmitry','2012-06-21 08:09:38','0','','');
INSERT INTO `glpi_logs` VALUES ('2027','PluginGenericobjectMemory','153','0','20','Vilkhivskiy Dmitry','2012-06-21 08:10:06','0','','');
INSERT INTO `glpi_logs` VALUES ('2028','PluginGenericobjectMemory','153','','0','Vilkhivskiy Dmitry','2012-06-21 08:12:03','15','M471B2873GB0-CH9','M471B2873GB0-CH9-1203');
INSERT INTO `glpi_logs` VALUES ('2029','PluginGenericobjectMemory','153','','0','Vilkhivskiy Dmitry','2012-06-21 08:12:03','21','Flexaspect','Ukad');
INSERT INTO `glpi_logs` VALUES ('2030','PluginGenericobjectMemory','154','0','20','Vilkhivskiy Dmitry','2012-06-21 08:12:42','0','','');
INSERT INTO `glpi_logs` VALUES ('2031','PluginGenericobjectMemory','154','','0','Vilkhivskiy Dmitry','2012-06-21 08:13:04','18','DDR3','SO-DDR3');
INSERT INTO `glpi_logs` VALUES ('2032','PluginGenericobjectMemory','155','0','20','Vilkhivskiy Dmitry','2012-06-21 08:14:16','0','','');
INSERT INTO `glpi_logs` VALUES ('2033','PluginGenericobjectMemory','155','','0','Vilkhivskiy Dmitry','2012-06-21 08:14:23','16','512MB','1GB');
INSERT INTO `glpi_logs` VALUES ('2034','PluginGenericobjectMemory','152','','0','Vilkhivskiy Dmitry','2012-06-21 08:16:21','18','DDR3','SO-DDR3');
INSERT INTO `glpi_logs` VALUES ('2035','PluginGenericobjectMemory','153','','0','Vilkhivskiy Dmitry','2012-06-21 08:16:50','1','HYNIX','SAMSUNG');
INSERT INTO `glpi_logs` VALUES ('2036','PluginGenericobjectMemory','153','','0','Vilkhivskiy Dmitry','2012-06-21 08:16:50','15','M471B2873GB0-CH9-1203','M471B2873GB0-CH9');
INSERT INTO `glpi_logs` VALUES ('2037','PluginGenericobjectMemory','153','','0','Vilkhivskiy Dmitry','2012-06-21 08:16:50','18','DDR3','SO-DDR3');
INSERT INTO `glpi_logs` VALUES ('2038','PluginGenericobjectMemory','153','','0','Vilkhivskiy Dmitry','2012-06-21 08:17:11','21','Ukad','Flexaspect');
INSERT INTO `glpi_logs` VALUES ('2039','PluginGenericobjectMemory','154','','0','Vilkhivskiy Dmitry','2012-06-21 08:17:35','21','Flexaspect','Ukad');
INSERT INTO `glpi_logs` VALUES ('2040','PluginGenericobjectMemory','156','0','20','Vilkhivskiy Dmitry','2012-06-21 08:19:05','0','','');
INSERT INTO `glpi_logs` VALUES ('2041','PluginGenericobjectMemory','156','','0','Vilkhivskiy Dmitry','2012-06-21 08:19:16','21','Flexaspect','Ukad');
INSERT INTO `glpi_logs` VALUES ('2042','PluginGenericobjectMemory','157','0','20','Vilkhivskiy Dmitry','2012-06-21 08:19:53','0','','');
INSERT INTO `glpi_logs` VALUES ('2043','PluginGenericobjectMemory','154','','0','Vilkhivskiy Dmitry','2012-06-21 08:20:05','17','11','');
INSERT INTO `glpi_logs` VALUES ('2044','PluginGenericobjectHdd','65','0','20','Vilkhivskiy Dmitry','2012-06-21 08:30:21','0','','');
INSERT INTO `glpi_logs` VALUES ('2045','PluginGenericobjectHdd','66','0','20','Vilkhivskiy Dmitry','2012-06-21 08:32:13','0','','');
INSERT INTO `glpi_logs` VALUES ('2046','PluginGenericobjectVideocard','19','0','20','Vilkhivskiy Dmitry','2012-06-21 08:36:41','0','','');
INSERT INTO `glpi_logs` VALUES ('2047','PluginGenericobjectVideocard','20','0','20','Vilkhivskiy Dmitry','2012-06-21 08:40:02','0','','');
INSERT INTO `glpi_logs` VALUES ('2048','PluginGenericobjectMotherboard','75','0','20','Vilkhivskiy Dmitry','2012-06-21 08:42:28','0','','');
INSERT INTO `glpi_logs` VALUES ('2049','User','8','','0','Dmitriy Yenin','2012-06-25 02:37:35','17','','ru_RU');
INSERT INTO `glpi_logs` VALUES ('2050','PluginGenericobjectMotherboard','24','','0','Vilkhivskiy Dmitry','2012-06-25 02:51:28','19','Ukad','Flexaspect');
INSERT INTO `glpi_logs` VALUES ('2051','PluginGenericobjectMotherboard','23','','0','Vilkhivskiy Dmitry','2012-06-25 02:51:58','19','Ukad','Flexaspect');
INSERT INTO `glpi_logs` VALUES ('2052','Monitor','45','','0','Vilkhivskiy Dmitry','2012-06-25 02:54:15','71','Ukad','Flexaspect');
INSERT INTO `glpi_logs` VALUES ('2053','PluginGenericobjectMotherboard','25','','0','Vilkhivskiy Dmitry','2012-06-25 02:54:23','19','Ukad','Flexaspect');
INSERT INTO `glpi_logs` VALUES ('2054','PluginGenericobjectMemory','49','','0','Vilkhivskiy Dmitry','2012-06-25 02:54:32','21','Ukad','Flexaspect');
INSERT INTO `glpi_logs` VALUES ('2055','PluginGenericobjectProcessor','23','','0','Vilkhivskiy Dmitry','2012-06-25 02:54:43','20','Ukad','Flexaspect');
INSERT INTO `glpi_logs` VALUES ('2056','PluginGenericobjectHdd','18','','0','Vilkhivskiy Dmitry','2012-06-25 02:55:13','15','Ukad','Flexaspect');
INSERT INTO `glpi_logs` VALUES ('2057','PluginGenericobjectHdd','19','','0','Vilkhivskiy Dmitry','2012-06-25 02:55:21','15','Ukad','Flexaspect');
INSERT INTO `glpi_logs` VALUES ('2058','Monitor','44','','0','Vilkhivskiy Dmitry','2012-06-25 02:55:49','71','Ukad','Flexaspect');
INSERT INTO `glpi_logs` VALUES ('2059','PluginGenericobjectProcessor','28','','0','Vilkhivskiy Dmitry','2012-06-25 02:56:00','20','Ukad','Flexaspect');
INSERT INTO `glpi_logs` VALUES ('2060','PluginGenericobjectHdd','17','','0','Vilkhivskiy Dmitry','2012-06-25 02:56:08','15','Ukad','Flexaspect');
INSERT INTO `glpi_logs` VALUES ('2061','PluginGenericobjectHdd','16','','0','Vilkhivskiy Dmitry','2012-06-25 02:56:47','15','Ukad','Flexaspect');
INSERT INTO `glpi_logs` VALUES ('2062','PluginGenericobjectProcessor','27','','0','Vilkhivskiy Dmitry','2012-06-25 02:56:55','20','Ukad','Flexaspect');
INSERT INTO `glpi_logs` VALUES ('2063','Monitor','43','','0','Vilkhivskiy Dmitry','2012-06-25 02:57:08','71','Ukad','Flexaspect');
INSERT INTO `glpi_logs` VALUES ('2064','PluginGenericobjectOperationsystem','24','','0','Vilkhivskiy Dmitry','2012-06-25 02:57:18','17','Ukad','Flexaspect');
INSERT INTO `glpi_logs` VALUES ('2065','PluginGenericobjectMotherboard','65','','0','Vilkhivskiy Dmitry','2012-06-25 03:02:36','17','&nbsp;','754');
INSERT INTO `glpi_logs` VALUES ('2066','PluginGenericobjectMotherboard','66','','0','Vilkhivskiy Dmitry','2012-06-25 03:02:36','17','&nbsp;','754');
INSERT INTO `glpi_logs` VALUES ('2067','PluginGenericobjectMotherboard','72','','0','Vilkhivskiy Dmitry','2012-06-25 03:02:36','17','&nbsp;','754');
INSERT INTO `glpi_logs` VALUES ('2068','PluginGenericobjectMotherboard','57','','0','Vilkhivskiy Dmitry','2012-06-25 03:04:17','17','&nbsp;','775');
INSERT INTO `glpi_logs` VALUES ('2069','PluginGenericobjectMotherboard','57','','0','Vilkhivskiy Dmitry','2012-06-25 03:04:17','20','&nbsp;','2 Slots');
INSERT INTO `glpi_logs` VALUES ('2070','PluginGenericobjectMotherboard','57','','0','Vilkhivskiy Dmitry','2012-06-25 03:05:00','1','ASUS','P5QL-SE');
INSERT INTO `glpi_logs` VALUES ('2071','PluginGenericobjectMotherboard','57','','0','Vilkhivskiy Dmitry','2012-06-25 03:05:20','1','P5QL-SE','ASUS');
INSERT INTO `glpi_logs` VALUES ('2072','User','7','','0','Vilkhivskiy Dmitry','2012-06-25 03:43:53','3','&nbsp;','205');
INSERT INTO `glpi_logs` VALUES ('2073','User','40','','0','Vilkhivskiy Dmitry','2012-06-25 03:44:24','3','&nbsp;','304');
INSERT INTO `glpi_logs` VALUES ('2074','PluginGenericobjectMotherboard','63','','0','Vilkhivskiy Dmitry','2012-06-25 03:45:02','17','&nbsp;','939');
INSERT INTO `glpi_logs` VALUES ('2075','PluginGenericobjectMotherboard','63','','0','Vilkhivskiy Dmitry','2012-06-25 03:45:02','20','&nbsp;','4 slots');
INSERT INTO `glpi_logs` VALUES ('2076','PluginGenericobjectMotherboard','64','','0','Vilkhivskiy Dmitry','2012-06-25 03:45:51','17','&nbsp;','775');
INSERT INTO `glpi_logs` VALUES ('2077','PluginGenericobjectMotherboard','64','','0','Vilkhivskiy Dmitry','2012-06-25 03:45:51','20','&nbsp;','2 Slots');
INSERT INTO `glpi_logs` VALUES ('2078','PluginGenericobjectMotherboard','67','','0','Vilkhivskiy Dmitry','2012-06-25 03:46:50','17','&nbsp;','478');
INSERT INTO `glpi_logs` VALUES ('2079','PluginGenericobjectMotherboard','73','','0','Vilkhivskiy Dmitry','2012-06-25 03:47:10','17','&nbsp;','478');
INSERT INTO `glpi_logs` VALUES ('2080','PluginGenericobjectMotherboard','75','','0','Vilkhivskiy Dmitry','2012-06-25 03:47:10','17','&nbsp;','478');
INSERT INTO `glpi_logs` VALUES ('2081','PluginGenericobjectMotherboard','56','','0','Vilkhivskiy Dmitry','2012-06-25 03:47:56','17','&nbsp;','1155');
INSERT INTO `glpi_logs` VALUES ('2082','PluginGenericobjectMotherboard','56','','0','Vilkhivskiy Dmitry','2012-06-25 03:47:56','20','&nbsp;','2 Slots');
INSERT INTO `glpi_logs` VALUES ('2083','PluginGenericobjectMotherboard','58','','0','Vilkhivskiy Dmitry','2012-06-25 03:48:21','17','&nbsp;','1155');
INSERT INTO `glpi_logs` VALUES ('2084','PluginGenericobjectMotherboard','58','','0','Vilkhivskiy Dmitry','2012-06-25 03:48:21','20','&nbsp;','2 Slots');
INSERT INTO `glpi_logs` VALUES ('2085','PluginGenericobjectMotherboard','54','','0','Vilkhivskiy Dmitry','2012-06-25 03:48:47','20','&nbsp;','2 Slots');
INSERT INTO `glpi_logs` VALUES ('2086','PluginGenericobjectMotherboard','59','','0','Vilkhivskiy Dmitry','2012-06-25 03:49:23','17','&nbsp;','1155');
INSERT INTO `glpi_logs` VALUES ('2087','PluginGenericobjectMotherboard','59','','0','Vilkhivskiy Dmitry','2012-06-25 03:49:23','20','&nbsp;','4 slots');
INSERT INTO `glpi_logs` VALUES ('2088','PluginGenericobjectMotherboard','61','','0','Vilkhivskiy Dmitry','2012-06-25 03:50:00','17','&nbsp;','1155');
INSERT INTO `glpi_logs` VALUES ('2089','PluginGenericobjectMotherboard','61','','0','Vilkhivskiy Dmitry','2012-06-25 03:50:00','20','&nbsp;','4 slots');
INSERT INTO `glpi_logs` VALUES ('2090','PluginGenericobjectMotherboard','62','','0','Vilkhivskiy Dmitry','2012-06-25 03:51:08','17','&nbsp;','754');
INSERT INTO `glpi_logs` VALUES ('2091','PluginGenericobjectMotherboard','62','','0','Vilkhivskiy Dmitry','2012-06-25 03:51:08','20','&nbsp;','2 Slots');
INSERT INTO `glpi_logs` VALUES ('2092','PluginGenericobjectMotherboard','68','','0','Vilkhivskiy Dmitry','2012-06-25 03:53:15','17','&nbsp;','AM2');
INSERT INTO `glpi_logs` VALUES ('2093','PluginGenericobjectMotherboard','69','','0','Vilkhivskiy Dmitry','2012-06-25 03:53:55','17','&nbsp;','AM2');
INSERT INTO `glpi_logs` VALUES ('2094','PluginGenericobjectMotherboard','74','','0','Vilkhivskiy Dmitry','2012-06-25 03:54:28','17','&nbsp;','775');
INSERT INTO `glpi_logs` VALUES ('2095','PluginGenericobjectMotherboard','60','','0','Vilkhivskiy Dmitry','2012-06-25 03:54:49','17','&nbsp;','775');
INSERT INTO `glpi_logs` VALUES ('2096','PluginGenericobjectMotherboard','60','','0','Vilkhivskiy Dmitry','2012-06-25 03:54:49','20','&nbsp;','4 slots');
INSERT INTO `glpi_logs` VALUES ('2097','PluginGenericobjectMotherboard','70','','0','Vilkhivskiy Dmitry','2012-06-25 03:55:32','17','&nbsp;','478');
INSERT INTO `glpi_logs` VALUES ('2098','PluginGenericobjectMotherboard','71','','0','Vilkhivskiy Dmitry','2012-06-25 03:55:32','17','&nbsp;','478');
INSERT INTO `glpi_logs` VALUES ('2099','User','32','','0','Vilkhivskiy Dmitry','2012-06-25 03:59:24','3','&nbsp;','203');
INSERT INTO `glpi_logs` VALUES ('2100','User','32','','0','Vilkhivskiy Dmitry','2012-06-25 03:59:30','3','203','303');
INSERT INTO `glpi_logs` VALUES ('2101','PluginGenericobjectMotherboard','29','','0','Vilkhivskiy Dmitry','2012-06-25 03:59:53','19','Flexaspect','BOSSdev');
INSERT INTO `glpi_logs` VALUES ('2102','PluginGenericobjectMemory','55','0','13','Vilkhivskiy Dmitry','2012-06-25 04:00:53','0','','');
INSERT INTO `glpi_logs` VALUES ('2103','PluginGenericobjectMemory','56','0','13','Vilkhivskiy Dmitry','2012-06-25 04:00:53','0','','');
INSERT INTO `glpi_logs` VALUES ('2104','PluginGenericobjectProcessor','30','0','13','Vilkhivskiy Dmitry','2012-06-25 04:01:25','0','','');
INSERT INTO `glpi_logs` VALUES ('2105','PluginGenericobjectMemory','73','','0','Vilkhivskiy Dmitry','2012-06-25 04:01:45','21','Flexaspect','BOSSdev');
INSERT INTO `glpi_logs` VALUES ('2106','PluginGenericobjectMemory','74','','0','Vilkhivskiy Dmitry','2012-06-25 04:01:51','21','Flexaspect','BOSSdev');
INSERT INTO `glpi_logs` VALUES ('2107','PluginGenericobjectProcessor','31','','0','Vilkhivskiy Dmitry','2012-06-25 04:02:00','20','Flexaspect','BOSSdev');
INSERT INTO `glpi_logs` VALUES ('2108','PluginGenericobjectHdd','30','','0','Vilkhivskiy Dmitry','2012-06-25 04:02:08','15','Flexaspect','BOSSdev');
INSERT INTO `glpi_logs` VALUES ('2109','PluginGenericobjectMotherboard','60','','0','Vilkhivskiy Dmitry','2012-06-25 04:03:22','19','Flexaspect','BOSSdev');
INSERT INTO `glpi_logs` VALUES ('2110','PluginGenericobjectMemory','115','','0','Vilkhivskiy Dmitry','2012-06-25 04:03:41','21','Flexaspect','BOSSdev');
INSERT INTO `glpi_logs` VALUES ('2111','PluginGenericobjectMemory','116','','0','Vilkhivskiy Dmitry','2012-06-25 04:03:45','21','Flexaspect','BOSSdev');
INSERT INTO `glpi_logs` VALUES ('2112','PluginGenericobjectHdd','60','','0','Vilkhivskiy Dmitry','2012-06-25 04:03:50','15','Flexaspect','BOSSdev');
INSERT INTO `glpi_logs` VALUES ('2113','PluginGenericobjectVideocard','14','','0','Vilkhivskiy Dmitry','2012-06-25 04:03:54','15','Flexaspect','BOSSdev');
INSERT INTO `glpi_logs` VALUES ('2114','PluginGenericobjectPower','53','','0','Vilkhivskiy Dmitry','2012-06-25 04:04:18','17','Flexaspect','BOSSdev');
INSERT INTO `glpi_logs` VALUES ('2115','PluginGenericobjectPower','32','','0','Vilkhivskiy Dmitry','2012-06-25 04:04:46','17','Flexaspect','BOSSdev');
INSERT INTO `glpi_logs` VALUES ('2116','PluginGenericobjectMotherboard','31','','0','Vilkhivskiy Dmitry','2012-06-25 04:06:16','19','Flexaspect','BOSSdev');
INSERT INTO `glpi_logs` VALUES ('2117','PluginGenericobjectMemory','59','','0','Vilkhivskiy Dmitry','2012-06-25 04:06:20','21','Flexaspect','BOSSdev');
INSERT INTO `glpi_logs` VALUES ('2118','PluginGenericobjectMemory','60','','0','Vilkhivskiy Dmitry','2012-06-25 04:06:24','21','Flexaspect','BOSSdev');
INSERT INTO `glpi_logs` VALUES ('2119','PluginGenericobjectProcessor','33','','0','Vilkhivskiy Dmitry','2012-06-25 04:06:29','20','Flexaspect','BOSSdev');
INSERT INTO `glpi_logs` VALUES ('2120','PluginGenericobjectHdd','32','','0','Vilkhivskiy Dmitry','2012-06-25 04:06:36','15','Flexaspect','BOSSdev');
INSERT INTO `glpi_logs` VALUES ('2121','PluginGenericobjectPower','51','','0','Vilkhivskiy Dmitry','2012-06-25 04:06:40','17','Flexaspect','BOSSdev');
INSERT INTO `glpi_logs` VALUES ('2122','PluginGenericobjectOperationsystem','29','','0','Vilkhivskiy Dmitry','2012-06-25 04:06:45','17','Ukad','BOSSdev');
INSERT INTO `glpi_logs` VALUES ('2123','User','8','Group','15','Vilkhivskiy Dmitry','2012-06-25 04:08:36','0','','Flexaspect (2)');
INSERT INTO `glpi_logs` VALUES ('2124','User','9','Group','15','Vilkhivskiy Dmitry','2012-06-25 04:08:36','0','','Flexaspect (2)');
INSERT INTO `glpi_logs` VALUES ('2125','User','77','Group','15','Vilkhivskiy Dmitry','2012-06-25 04:08:36','0','','Flexaspect (2)');
INSERT INTO `glpi_logs` VALUES ('2126','Monitor','94','','0','Vilkhivskiy Dmitry','2012-06-25 04:09:09','71','Flexaspect','BOSSdev');
INSERT INTO `glpi_logs` VALUES ('2127','PluginGenericobjectVideocard','18','','0','Vilkhivskiy Dmitry','2012-06-25 04:10:03','15','Flexaspect','BOSSdev');
INSERT INTO `glpi_logs` VALUES ('2128','PluginGenericobjectPower','59','','0','Vilkhivskiy Dmitry','2012-06-25 04:10:07','17','Flexaspect','BOSSdev');
INSERT INTO `glpi_logs` VALUES ('2129','PluginGenericobjectHdd','64','','0','Vilkhivskiy Dmitry','2012-06-25 04:10:11','15','Flexaspect','BOSSdev');
INSERT INTO `glpi_logs` VALUES ('2130','PluginGenericobjectProcessor','56','','0','Vilkhivskiy Dmitry','2012-06-25 04:10:15','20','Flexaspect','BOSSdev');
INSERT INTO `glpi_logs` VALUES ('2131','PluginGenericobjectMemory','132','','0','Vilkhivskiy Dmitry','2012-06-25 04:10:20','21','Flexaspect','BOSSdev');
INSERT INTO `glpi_logs` VALUES ('2132','PluginGenericobjectMemory','131','','0','Vilkhivskiy Dmitry','2012-06-25 04:10:24','21','Flexaspect','BOSSdev');
INSERT INTO `glpi_logs` VALUES ('2133','PluginGenericobjectMotherboard','64','','0','Vilkhivskiy Dmitry','2012-06-25 04:10:27','19','Flexaspect','BOSSdev');
INSERT INTO `glpi_logs` VALUES ('2134','User','6','Group','15','Vilkhivskiy Dmitry','2012-06-25 05:16:49','0','','Ukad-users (5)');
INSERT INTO `glpi_logs` VALUES ('2135','User','12','Group','15','Vilkhivskiy Dmitry','2012-06-25 05:16:49','0','','Ukad-users (5)');
INSERT INTO `glpi_logs` VALUES ('2136','User','16','Group','15','Vilkhivskiy Dmitry','2012-06-25 05:16:49','0','','Ukad-users (5)');
INSERT INTO `glpi_logs` VALUES ('2137','User','17','Group','15','Vilkhivskiy Dmitry','2012-06-25 05:16:49','0','','Ukad-users (5)');
INSERT INTO `glpi_logs` VALUES ('2138','User','22','Group','15','Vilkhivskiy Dmitry','2012-06-25 05:16:49','0','','Ukad-users (5)');
INSERT INTO `glpi_logs` VALUES ('2139','User','24','Group','15','Vilkhivskiy Dmitry','2012-06-25 05:16:49','0','','Ukad-users (5)');
INSERT INTO `glpi_logs` VALUES ('2140','User','25','Group','15','Vilkhivskiy Dmitry','2012-06-25 05:16:49','0','','Ukad-users (5)');
INSERT INTO `glpi_logs` VALUES ('2141','User','28','Group','15','Vilkhivskiy Dmitry','2012-06-25 05:16:49','0','','Ukad-users (5)');
INSERT INTO `glpi_logs` VALUES ('2142','User','37','Group','15','Vilkhivskiy Dmitry','2012-06-25 05:16:49','0','','Ukad-users (5)');
INSERT INTO `glpi_logs` VALUES ('2143','User','39','Group','15','Vilkhivskiy Dmitry','2012-06-25 05:16:49','0','','Ukad-users (5)');
INSERT INTO `glpi_logs` VALUES ('2144','User','43','Group','15','Vilkhivskiy Dmitry','2012-06-25 05:16:49','0','','Ukad-users (5)');
INSERT INTO `glpi_logs` VALUES ('2145','User','45','Group','15','Vilkhivskiy Dmitry','2012-06-25 05:16:49','0','','Ukad-users (5)');
INSERT INTO `glpi_logs` VALUES ('2146','User','47','Group','15','Vilkhivskiy Dmitry','2012-06-25 05:16:49','0','','Ukad-users (5)');
INSERT INTO `glpi_logs` VALUES ('2147','User','50','Group','15','Vilkhivskiy Dmitry','2012-06-25 05:16:49','0','','Ukad-users (5)');
INSERT INTO `glpi_logs` VALUES ('2148','User','54','Group','15','Vilkhivskiy Dmitry','2012-06-25 05:16:49','0','','Ukad-users (5)');
INSERT INTO `glpi_logs` VALUES ('2149','User','58','Group','15','Vilkhivskiy Dmitry','2012-06-25 05:16:49','0','','Ukad-users (5)');
INSERT INTO `glpi_logs` VALUES ('2150','User','60','Group','15','Vilkhivskiy Dmitry','2012-06-25 05:16:49','0','','Ukad-users (5)');
INSERT INTO `glpi_logs` VALUES ('2151','User','62','Group','15','Vilkhivskiy Dmitry','2012-06-25 05:16:49','0','','Ukad-users (5)');
INSERT INTO `glpi_logs` VALUES ('2152','User','64','Group','15','Vilkhivskiy Dmitry','2012-06-25 05:16:49','0','','Ukad-users (5)');
INSERT INTO `glpi_logs` VALUES ('2153','User','68','Group','15','Vilkhivskiy Dmitry','2012-06-25 05:16:49','0','','Ukad-users (5)');
INSERT INTO `glpi_logs` VALUES ('2154','User','69','Group','15','Vilkhivskiy Dmitry','2012-06-25 05:16:49','0','','Ukad-users (5)');
INSERT INTO `glpi_logs` VALUES ('2155','User','70','Group','15','Vilkhivskiy Dmitry','2012-06-25 05:16:49','0','','Ukad-users (5)');
INSERT INTO `glpi_logs` VALUES ('2156','User','73','Group','15','Vilkhivskiy Dmitry','2012-06-25 05:16:49','0','','Ukad-users (5)');
INSERT INTO `glpi_logs` VALUES ('2157','User','6','Group','16','Vilkhivskiy Dmitry','2012-06-25 05:17:59','0','Ukad (3)','');
INSERT INTO `glpi_logs` VALUES ('2158','User','45','Group','16','Vilkhivskiy Dmitry','2012-06-25 05:18:49','0','Ukad (3)','');
INSERT INTO `glpi_logs` VALUES ('2159','User','47','Group','16','Vilkhivskiy Dmitry','2012-06-25 05:18:57','0','Ukad (3)','');
INSERT INTO `glpi_logs` VALUES ('2160','User','50','Group','16','Vilkhivskiy Dmitry','2012-06-25 05:19:04','0','Ukad (3)','');
INSERT INTO `glpi_logs` VALUES ('2161','User','54','Group','16','Vilkhivskiy Dmitry','2012-06-25 05:19:12','0','Ukad (3)','');
INSERT INTO `glpi_logs` VALUES ('2162','User','58','Group','16','Vilkhivskiy Dmitry','2012-06-25 05:19:18','0','Ukad (3)','');
INSERT INTO `glpi_logs` VALUES ('2163','User','60','Group','16','Vilkhivskiy Dmitry','2012-06-25 05:19:24','0','Ukad (3)','');
INSERT INTO `glpi_logs` VALUES ('2164','User','62','Group','16','Vilkhivskiy Dmitry','2012-06-25 05:19:30','0','Ukad (3)','');
INSERT INTO `glpi_logs` VALUES ('2165','User','64','Group','16','Vilkhivskiy Dmitry','2012-06-25 05:19:36','0','Ukad (3)','');
INSERT INTO `glpi_logs` VALUES ('2166','User','68','Group','16','Vilkhivskiy Dmitry','2012-06-25 05:19:41','0','Ukad (3)','');
INSERT INTO `glpi_logs` VALUES ('2167','User','69','Group','16','Vilkhivskiy Dmitry','2012-06-25 05:19:47','0','Ukad (3)','');
INSERT INTO `glpi_logs` VALUES ('2168','User','70','Group','16','Vilkhivskiy Dmitry','2012-06-25 05:19:53','0','Ukad (3)','');
INSERT INTO `glpi_logs` VALUES ('2169','User','73','Group','16','Vilkhivskiy Dmitry','2012-06-25 05:19:58','0','Ukad (3)','');
INSERT INTO `glpi_logs` VALUES ('2170','User','43','Group','16','Vilkhivskiy Dmitry','2012-06-25 05:20:05','0','Ukad (3)','');
INSERT INTO `glpi_logs` VALUES ('2171','User','39','Group','16','Vilkhivskiy Dmitry','2012-06-25 05:20:10','0','Ukad (3)','');
INSERT INTO `glpi_logs` VALUES ('2172','User','37','Group','16','Vilkhivskiy Dmitry','2012-06-25 05:20:16','0','Ukad (3)','');
INSERT INTO `glpi_logs` VALUES ('2173','User','28','Group','16','Vilkhivskiy Dmitry','2012-06-25 05:20:22','0','Ukad (3)','');
INSERT INTO `glpi_logs` VALUES ('2174','User','25','Group','16','Vilkhivskiy Dmitry','2012-06-25 05:20:32','0','Ukad (3)','');
INSERT INTO `glpi_logs` VALUES ('2175','User','24','Group','16','Vilkhivskiy Dmitry','2012-06-25 05:20:38','0','Ukad (3)','');
INSERT INTO `glpi_logs` VALUES ('2176','User','22','Group','16','Vilkhivskiy Dmitry','2012-06-25 05:20:44','0','Ukad (3)','');
INSERT INTO `glpi_logs` VALUES ('2177','User','17','Group','16','Vilkhivskiy Dmitry','2012-06-25 05:20:50','0','Ukad (3)','');
INSERT INTO `glpi_logs` VALUES ('2178','User','16','Group','16','Vilkhivskiy Dmitry','2012-06-25 05:20:55','0','Ukad (3)','');
INSERT INTO `glpi_logs` VALUES ('2179','User','12','Group','16','Vilkhivskiy Dmitry','2012-06-25 05:21:00','0','Ukad (3)','');
INSERT INTO `glpi_logs` VALUES ('2180','PluginGenericobjectProcessor','57','0','20','Vilkhivskiy Dmitry','2012-06-25 05:26:04','0','','');
INSERT INTO `glpi_logs` VALUES ('2181','PluginGenericobjectMotherboard','61','','0','Vilkhivskiy Dmitry','2012-06-25 05:27:04','17','1155','1156');
INSERT INTO `glpi_logs` VALUES ('2182','User','7','Group','15','Vilkhivskiy Dmitry','2012-06-25 05:28:55','0','','Flexaspect-users (4)');
INSERT INTO `glpi_logs` VALUES ('2183','User','8','Group','15','Vilkhivskiy Dmitry','2012-06-25 05:28:55','0','','Flexaspect-users (4)');
INSERT INTO `glpi_logs` VALUES ('2184','User','9','Group','15','Vilkhivskiy Dmitry','2012-06-25 05:28:55','0','','Flexaspect-users (4)');
INSERT INTO `glpi_logs` VALUES ('2185','User','10','Group','15','Vilkhivskiy Dmitry','2012-06-25 05:28:55','0','','Flexaspect-users (4)');
INSERT INTO `glpi_logs` VALUES ('2186','User','11','Group','15','Vilkhivskiy Dmitry','2012-06-25 05:28:55','0','','Flexaspect-users (4)');
INSERT INTO `glpi_logs` VALUES ('2187','User','13','Group','15','Vilkhivskiy Dmitry','2012-06-25 05:28:55','0','','Flexaspect-users (4)');
INSERT INTO `glpi_logs` VALUES ('2188','User','15','Group','15','Vilkhivskiy Dmitry','2012-06-25 05:28:55','0','','Flexaspect-users (4)');
INSERT INTO `glpi_logs` VALUES ('2189','User','18','Group','15','Vilkhivskiy Dmitry','2012-06-25 05:28:55','0','','Flexaspect-users (4)');
INSERT INTO `glpi_logs` VALUES ('2190','User','19','Group','15','Vilkhivskiy Dmitry','2012-06-25 05:28:55','0','','Flexaspect-users (4)');
INSERT INTO `glpi_logs` VALUES ('2191','User','20','Group','15','Vilkhivskiy Dmitry','2012-06-25 05:28:55','0','','Flexaspect-users (4)');
INSERT INTO `glpi_logs` VALUES ('2192','User','21','Group','15','Vilkhivskiy Dmitry','2012-06-25 05:28:55','0','','Flexaspect-users (4)');
INSERT INTO `glpi_logs` VALUES ('2193','User','23','Group','15','Vilkhivskiy Dmitry','2012-06-25 05:28:55','0','','Flexaspect-users (4)');
INSERT INTO `glpi_logs` VALUES ('2194','User','26','Group','15','Vilkhivskiy Dmitry','2012-06-25 05:28:55','0','','Flexaspect-users (4)');
INSERT INTO `glpi_logs` VALUES ('2195','User','27','Group','15','Vilkhivskiy Dmitry','2012-06-25 05:28:55','0','','Flexaspect-users (4)');
INSERT INTO `glpi_logs` VALUES ('2196','User','29','Group','15','Vilkhivskiy Dmitry','2012-06-25 05:28:55','0','','Flexaspect-users (4)');
INSERT INTO `glpi_logs` VALUES ('2197','User','30','Group','15','Vilkhivskiy Dmitry','2012-06-25 05:28:55','0','','Flexaspect-users (4)');
INSERT INTO `glpi_logs` VALUES ('2198','User','31','Group','15','Vilkhivskiy Dmitry','2012-06-25 05:28:55','0','','Flexaspect-users (4)');
INSERT INTO `glpi_logs` VALUES ('2199','User','32','Group','15','Vilkhivskiy Dmitry','2012-06-25 05:28:55','0','','Flexaspect-users (4)');
INSERT INTO `glpi_logs` VALUES ('2200','User','33','Group','15','Vilkhivskiy Dmitry','2012-06-25 05:28:55','0','','Flexaspect-users (4)');
INSERT INTO `glpi_logs` VALUES ('2201','User','34','Group','15','Vilkhivskiy Dmitry','2012-06-25 05:28:55','0','','Flexaspect-users (4)');
INSERT INTO `glpi_logs` VALUES ('2202','User','35','Group','15','Vilkhivskiy Dmitry','2012-06-25 05:28:55','0','','Flexaspect-users (4)');
INSERT INTO `glpi_logs` VALUES ('2203','User','36','Group','15','Vilkhivskiy Dmitry','2012-06-25 05:28:55','0','','Flexaspect-users (4)');
INSERT INTO `glpi_logs` VALUES ('2204','User','38','Group','15','Vilkhivskiy Dmitry','2012-06-25 05:28:55','0','','Flexaspect-users (4)');
INSERT INTO `glpi_logs` VALUES ('2205','User','40','Group','15','Vilkhivskiy Dmitry','2012-06-25 05:28:55','0','','Flexaspect-users (4)');
INSERT INTO `glpi_logs` VALUES ('2206','User','41','Group','15','Vilkhivskiy Dmitry','2012-06-25 05:28:55','0','','Flexaspect-users (4)');
INSERT INTO `glpi_logs` VALUES ('2207','User','42','Group','15','Vilkhivskiy Dmitry','2012-06-25 05:28:55','0','','Flexaspect-users (4)');
INSERT INTO `glpi_logs` VALUES ('2208','User','44','Group','15','Vilkhivskiy Dmitry','2012-06-25 05:28:55','0','','Flexaspect-users (4)');
INSERT INTO `glpi_logs` VALUES ('2209','User','46','Group','15','Vilkhivskiy Dmitry','2012-06-25 05:28:55','0','','Flexaspect-users (4)');
INSERT INTO `glpi_logs` VALUES ('2210','User','48','Group','15','Vilkhivskiy Dmitry','2012-06-25 05:28:55','0','','Flexaspect-users (4)');
INSERT INTO `glpi_logs` VALUES ('2211','User','49','Group','15','Vilkhivskiy Dmitry','2012-06-25 05:28:55','0','','Flexaspect-users (4)');
INSERT INTO `glpi_logs` VALUES ('2212','User','51','Group','15','Vilkhivskiy Dmitry','2012-06-25 05:28:55','0','','Flexaspect-users (4)');
INSERT INTO `glpi_logs` VALUES ('2213','User','52','Group','15','Vilkhivskiy Dmitry','2012-06-25 05:28:55','0','','Flexaspect-users (4)');
INSERT INTO `glpi_logs` VALUES ('2214','User','53','Group','15','Vilkhivskiy Dmitry','2012-06-25 05:28:55','0','','Flexaspect-users (4)');
INSERT INTO `glpi_logs` VALUES ('2215','User','55','Group','15','Vilkhivskiy Dmitry','2012-06-25 05:28:55','0','','Flexaspect-users (4)');
INSERT INTO `glpi_logs` VALUES ('2216','User','56','Group','15','Vilkhivskiy Dmitry','2012-06-25 05:28:55','0','','Flexaspect-users (4)');
INSERT INTO `glpi_logs` VALUES ('2217','User','57','Group','15','Vilkhivskiy Dmitry','2012-06-25 05:28:55','0','','Flexaspect-users (4)');
INSERT INTO `glpi_logs` VALUES ('2218','User','61','Group','15','Vilkhivskiy Dmitry','2012-06-25 05:28:55','0','','Flexaspect-users (4)');
INSERT INTO `glpi_logs` VALUES ('2219','User','63','Group','15','Vilkhivskiy Dmitry','2012-06-25 05:28:55','0','','Flexaspect-users (4)');
INSERT INTO `glpi_logs` VALUES ('2220','User','65','Group','15','Vilkhivskiy Dmitry','2012-06-25 05:28:55','0','','Flexaspect-users (4)');
INSERT INTO `glpi_logs` VALUES ('2221','User','66','Group','15','Vilkhivskiy Dmitry','2012-06-25 05:28:55','0','','Flexaspect-users (4)');
INSERT INTO `glpi_logs` VALUES ('2222','User','67','Group','15','Vilkhivskiy Dmitry','2012-06-25 05:28:55','0','','Flexaspect-users (4)');
INSERT INTO `glpi_logs` VALUES ('2223','User','74','Group','15','Vilkhivskiy Dmitry','2012-06-25 05:28:55','0','','Flexaspect-users (4)');
INSERT INTO `glpi_logs` VALUES ('2224','User','75','Group','15','Vilkhivskiy Dmitry','2012-06-25 05:28:55','0','','Flexaspect-users (4)');
INSERT INTO `glpi_logs` VALUES ('2225','User','76','Group','15','Vilkhivskiy Dmitry','2012-06-25 05:28:55','0','','Flexaspect-users (4)');
INSERT INTO `glpi_logs` VALUES ('2226','User','77','Group','15','Vilkhivskiy Dmitry','2012-06-25 05:28:55','0','','Flexaspect-users (4)');
INSERT INTO `glpi_logs` VALUES ('2227','User','21','Group','16','Vilkhivskiy Dmitry','2012-06-25 05:30:18','0','Flexaspect (2)','');
INSERT INTO `glpi_logs` VALUES ('2228','User','23','Group','16','Vilkhivskiy Dmitry','2012-06-25 05:30:39','0','Flexaspect (2)','');
INSERT INTO `glpi_logs` VALUES ('2229','User','26','Group','16','Vilkhivskiy Dmitry','2012-06-25 05:30:51','0','Flexaspect (2)','');
INSERT INTO `glpi_logs` VALUES ('2230','User','27','Group','16','Vilkhivskiy Dmitry','2012-06-25 05:31:01','0','Flexaspect (2)','');
INSERT INTO `glpi_logs` VALUES ('2231','User','29','Group','16','Vilkhivskiy Dmitry','2012-06-25 05:31:09','0','Flexaspect (2)','');
INSERT INTO `glpi_logs` VALUES ('2232','User','20','Group','16','Vilkhivskiy Dmitry','2012-06-25 05:31:21','0','Flexaspect (2)','');
INSERT INTO `glpi_logs` VALUES ('2233','User','19','Group','16','Vilkhivskiy Dmitry','2012-06-25 05:31:28','0','Flexaspect (2)','');
INSERT INTO `glpi_logs` VALUES ('2234','User','18','Group','16','Vilkhivskiy Dmitry','2012-06-25 05:31:36','0','Flexaspect (2)','');
INSERT INTO `glpi_logs` VALUES ('2235','User','15','Group','16','Vilkhivskiy Dmitry','2012-06-25 05:31:44','0','Flexaspect (2)','');
INSERT INTO `glpi_logs` VALUES ('2236','User','13','Group','16','Vilkhivskiy Dmitry','2012-06-25 05:31:53','0','Flexaspect (2)','');
INSERT INTO `glpi_logs` VALUES ('2237','User','11','Group','16','Vilkhivskiy Dmitry','2012-06-25 05:32:01','0','Flexaspect (2)','');
INSERT INTO `glpi_logs` VALUES ('2238','User','10','Group','16','Vilkhivskiy Dmitry','2012-06-25 05:32:10','0','Flexaspect (2)','');
INSERT INTO `glpi_logs` VALUES ('2239','User','9','Group','16','Vilkhivskiy Dmitry','2012-06-25 05:32:18','0','Flexaspect (2)','');
INSERT INTO `glpi_logs` VALUES ('2240','User','8','Group','16','Vilkhivskiy Dmitry','2012-06-25 05:32:26','0','Flexaspect (2)','');
INSERT INTO `glpi_logs` VALUES ('2241','User','7','Group','16','Vilkhivskiy Dmitry','2012-06-25 05:32:37','0','Flexaspect (2)','');
INSERT INTO `glpi_logs` VALUES ('2242','User','42','Group','16','Vilkhivskiy Dmitry','2012-06-25 05:33:10','0','Flexaspect (2)','');
INSERT INTO `glpi_logs` VALUES ('2243','User','44','Group','16','Vilkhivskiy Dmitry','2012-06-25 05:33:17','0','Flexaspect (2)','');
INSERT INTO `glpi_logs` VALUES ('2244','User','41','Group','16','Vilkhivskiy Dmitry','2012-06-25 05:33:23','0','Flexaspect (2)','');
INSERT INTO `glpi_logs` VALUES ('2245','User','40','Group','16','Vilkhivskiy Dmitry','2012-06-25 05:33:28','0','Flexaspect (2)','');
INSERT INTO `glpi_logs` VALUES ('2246','User','38','Group','16','Vilkhivskiy Dmitry','2012-06-25 05:33:33','0','Flexaspect (2)','');
INSERT INTO `glpi_logs` VALUES ('2247','User','36','Group','16','Vilkhivskiy Dmitry','2012-06-25 05:33:38','0','Flexaspect (2)','');
INSERT INTO `glpi_logs` VALUES ('2248','User','35','Group','16','Vilkhivskiy Dmitry','2012-06-25 05:33:44','0','Flexaspect (2)','');
INSERT INTO `glpi_logs` VALUES ('2249','User','34','Group','16','Vilkhivskiy Dmitry','2012-06-25 05:33:49','0','Flexaspect (2)','');
INSERT INTO `glpi_logs` VALUES ('2250','User','33','Group','16','Vilkhivskiy Dmitry','2012-06-25 05:33:54','0','Flexaspect (2)','');
INSERT INTO `glpi_logs` VALUES ('2251','User','32','Group','16','Vilkhivskiy Dmitry','2012-06-25 05:33:59','0','Flexaspect (2)','');
INSERT INTO `glpi_logs` VALUES ('2252','User','31','Group','16','Vilkhivskiy Dmitry','2012-06-25 05:34:04','0','Flexaspect (2)','');
INSERT INTO `glpi_logs` VALUES ('2253','User','30','Group','16','Vilkhivskiy Dmitry','2012-06-25 05:34:09','0','Flexaspect (2)','');
INSERT INTO `glpi_logs` VALUES ('2254','User','61','Group','16','Vilkhivskiy Dmitry','2012-06-25 05:34:40','0','Flexaspect (2)','');
INSERT INTO `glpi_logs` VALUES ('2255','User','57','Group','16','Vilkhivskiy Dmitry','2012-06-25 05:34:45','0','Flexaspect (2)','');
INSERT INTO `glpi_logs` VALUES ('2256','User','56','Group','16','Vilkhivskiy Dmitry','2012-06-25 05:34:50','0','Flexaspect (2)','');
INSERT INTO `glpi_logs` VALUES ('2257','User','55','Group','16','Vilkhivskiy Dmitry','2012-06-25 05:34:54','0','Flexaspect (2)','');
INSERT INTO `glpi_logs` VALUES ('2258','User','53','Group','16','Vilkhivskiy Dmitry','2012-06-25 05:35:00','0','Flexaspect (2)','');
INSERT INTO `glpi_logs` VALUES ('2259','User','52','Group','16','Vilkhivskiy Dmitry','2012-06-25 05:35:05','0','Flexaspect (2)','');
INSERT INTO `glpi_logs` VALUES ('2260','User','51','Group','16','Vilkhivskiy Dmitry','2012-06-25 05:35:10','0','Flexaspect (2)','');
INSERT INTO `glpi_logs` VALUES ('2261','User','49','Group','16','Vilkhivskiy Dmitry','2012-06-25 05:35:15','0','Flexaspect (2)','');
INSERT INTO `glpi_logs` VALUES ('2262','User','48','Group','16','Vilkhivskiy Dmitry','2012-06-25 05:35:20','0','Flexaspect (2)','');
INSERT INTO `glpi_logs` VALUES ('2263','User','46','Group','16','Vilkhivskiy Dmitry','2012-06-25 05:35:24','0','Flexaspect (2)','');
INSERT INTO `glpi_logs` VALUES ('2264','User','77','Group','16','Vilkhivskiy Dmitry','2012-06-25 05:35:57','0','Flexaspect (2)','');
INSERT INTO `glpi_logs` VALUES ('2265','User','76','Group','16','Vilkhivskiy Dmitry','2012-06-25 05:36:02','0','Flexaspect (2)','');
INSERT INTO `glpi_logs` VALUES ('2266','User','75','Group','16','Vilkhivskiy Dmitry','2012-06-25 05:36:08','0','Flexaspect (2)','');
INSERT INTO `glpi_logs` VALUES ('2267','User','74','Group','16','Vilkhivskiy Dmitry','2012-06-25 05:36:13','0','Flexaspect (2)','');
INSERT INTO `glpi_logs` VALUES ('2268','User','67','Group','16','Vilkhivskiy Dmitry','2012-06-25 05:36:19','0','Flexaspect (2)','');
INSERT INTO `glpi_logs` VALUES ('2269','User','66','Group','16','Vilkhivskiy Dmitry','2012-06-25 05:36:24','0','Flexaspect (2)','');
INSERT INTO `glpi_logs` VALUES ('2270','User','65','Group','16','Vilkhivskiy Dmitry','2012-06-25 05:36:30','0','Flexaspect (2)','');
INSERT INTO `glpi_logs` VALUES ('2271','User','63','Group','16','Vilkhivskiy Dmitry','2012-06-25 05:36:36','0','Flexaspect (2)','');
INSERT INTO `glpi_logs` VALUES ('2272','User','65','','0','Vilkhivskiy Dmitry','2012-06-25 05:36:53','3','&nbsp;','305');
INSERT INTO `glpi_logs` VALUES ('2273','PluginGenericobjectMemory','62','','0','Vilkhivskiy Dmitry','2012-06-25 05:46:12','22','&nbsp;','Rezerv');
INSERT INTO `glpi_logs` VALUES ('2274','PluginGenericobjectMemory','61','','0','Vilkhivskiy Dmitry','2012-06-25 05:46:24','22','&nbsp;','Rezerv');
INSERT INTO `glpi_logs` VALUES ('2275','User','75','','0','Vilkhivskiy Dmitry','2012-06-25 05:46:48','34','Bezdverniy:','Bezdverniy');
INSERT INTO `glpi_logs` VALUES ('2276','PluginGenericobjectMemory','146','','0','Vilkhivskiy Dmitry','2012-06-25 05:47:00','1','Corsair','CORSAIR');
INSERT INTO `glpi_logs` VALUES ('2277','PluginGenericobjectMemory','147','','0','Vilkhivskiy Dmitry','2012-06-25 05:47:12','1','Corsair','CORSAIR');
INSERT INTO `glpi_logs` VALUES ('2278','PluginGenericobjectProcessor','43','','0','Vilkhivskiy Dmitry','2012-06-25 05:51:23','19','','3300MHz');
INSERT INTO `glpi_logs` VALUES ('2279','PluginGenericobjectProcessor','44','','0','Vilkhivskiy Dmitry','2012-06-25 05:51:39','19','','3100Mhz');
INSERT INTO `glpi_logs` VALUES ('2280','PluginGenericobjectProcessor','45','','0','Vilkhivskiy Dmitry','2012-06-25 05:52:09','19','','3100Mhz');
INSERT INTO `glpi_logs` VALUES ('2281','PluginGenericobjectProcessor','49','','0','Vilkhivskiy Dmitry','2012-06-25 05:52:09','19','','3100Mhz');
INSERT INTO `glpi_logs` VALUES ('2282','PluginGenericobjectProcessor','47','','0','Vilkhivskiy Dmitry','2012-06-25 05:53:17','19','','1800MHz');
INSERT INTO `glpi_logs` VALUES ('2283','PluginGenericobjectProcessor','52','','0','Vilkhivskiy Dmitry','2012-06-25 05:54:07','19','','2400MHz');
INSERT INTO `glpi_logs` VALUES ('2284','PluginGenericobjectProcessor','55','','0','Vilkhivskiy Dmitry','2012-06-25 05:54:26','19','','3100Mhz');
INSERT INTO `glpi_logs` VALUES ('2285','PluginGenericobjectProcessor','53','','0','Vilkhivskiy Dmitry','2012-06-25 05:54:29','19','','3100Mhz');
INSERT INTO `glpi_logs` VALUES ('2286','PluginGenericobjectProcessor','17','','0','Vilkhivskiy Dmitry','2012-06-25 05:54:54','16','1155','775');
INSERT INTO `glpi_logs` VALUES ('2287','PluginGenericobjectProcessor','54','','0','Vilkhivskiy Dmitry','2012-06-25 05:55:30','19','','2600Mhz');
INSERT INTO `glpi_logs` VALUES ('2288','PluginGenericobjectProcessor','57','','0','Vilkhivskiy Dmitry','2012-06-25 05:56:42','16','1155','1156');
INSERT INTO `glpi_logs` VALUES ('2289','PluginGenericobjectProcessor','56','','0','Vilkhivskiy Dmitry','2012-06-25 05:56:51','16','1155','775');
INSERT INTO `glpi_logs` VALUES ('2290','PluginGenericobjectProcessor','51','','0','Vilkhivskiy Dmitry','2012-06-25 05:57:23','16','1155','775');
INSERT INTO `glpi_logs` VALUES ('2291','User','59','0','13','Vilkhivskiy Dmitry','2012-06-25 06:55:50','0','','');
INSERT INTO `glpi_logs` VALUES ('2292','PluginGenericobjectMemory','129','','0','Vilkhivskiy Dmitry','2012-06-25 07:17:24','17','','400');
INSERT INTO `glpi_logs` VALUES ('2293','PluginGenericobjectMemory','130','','0','Vilkhivskiy Dmitry','2012-06-25 07:17:24','17','','400');
INSERT INTO `glpi_logs` VALUES ('2294','PluginGenericobjectMemory','137','','0','Vilkhivskiy Dmitry','2012-06-25 07:17:24','17','','400');
INSERT INTO `glpi_logs` VALUES ('2295','PluginGenericobjectMemory','138','','0','Vilkhivskiy Dmitry','2012-06-25 07:17:24','17','','400');
INSERT INTO `glpi_logs` VALUES ('2296','PluginGenericobjectMemory','139','','0','Vilkhivskiy Dmitry','2012-06-25 07:17:24','17','','400');
INSERT INTO `glpi_logs` VALUES ('2297','PluginGenericobjectMemory','140','','0','Vilkhivskiy Dmitry','2012-06-25 07:17:24','17','','400');
INSERT INTO `glpi_logs` VALUES ('2298','PluginGenericobjectMemory','127','','0','Vilkhivskiy Dmitry','2012-06-25 07:17:24','17','','400');
INSERT INTO `glpi_logs` VALUES ('2299','PluginGenericobjectMemory','143','','0','Vilkhivskiy Dmitry','2012-06-25 07:17:24','17','','400');
INSERT INTO `glpi_logs` VALUES ('2300','PluginGenericobjectMemory','144','','0','Vilkhivskiy Dmitry','2012-06-25 07:17:24','17','','400');
INSERT INTO `glpi_logs` VALUES ('2301','PluginGenericobjectMemory','145','','0','Vilkhivskiy Dmitry','2012-06-25 07:17:24','17','','400');
INSERT INTO `glpi_logs` VALUES ('2302','PluginGenericobjectMemory','128','','0','Vilkhivskiy Dmitry','2012-06-25 07:17:24','17','','400');
INSERT INTO `glpi_logs` VALUES ('2303','PluginGenericobjectMemory','141','','0','Vilkhivskiy Dmitry','2012-06-25 07:17:24','17','','400');
INSERT INTO `glpi_logs` VALUES ('2304','PluginGenericobjectMemory','142','','0','Vilkhivskiy Dmitry','2012-06-25 07:17:24','17','','400');
INSERT INTO `glpi_logs` VALUES ('2305','PluginGenericobjectMemory','152','','0','Vilkhivskiy Dmitry','2012-06-25 07:30:56','17','','1333');
INSERT INTO `glpi_logs` VALUES ('2306','PluginGenericobjectMemory','153','','0','Vilkhivskiy Dmitry','2012-06-25 07:30:56','17','','1333');
INSERT INTO `glpi_logs` VALUES ('2307','PluginGenericobjectMemory','156','','0','Vilkhivskiy Dmitry','2012-06-25 07:30:56','17','','1333');
INSERT INTO `glpi_logs` VALUES ('2308','PluginGenericobjectMemory','154','','0','Vilkhivskiy Dmitry','2012-06-25 07:30:56','17','','1333');
INSERT INTO `glpi_logs` VALUES ('2309','PluginGenericobjectMemory','155','','0','Vilkhivskiy Dmitry','2012-06-25 07:30:56','17','','1333');
INSERT INTO `glpi_logs` VALUES ('2310','PluginGenericobjectMemory','157','','0','Vilkhivskiy Dmitry','2012-06-25 07:30:56','17','','1333');
INSERT INTO `glpi_logs` VALUES ('2311','PluginGenericobjectMemory','111','','0','Vilkhivskiy Dmitry','2012-06-25 07:32:08','17','','1333');
INSERT INTO `glpi_logs` VALUES ('2312','PluginGenericobjectMemory','112','','0','Vilkhivskiy Dmitry','2012-06-25 07:32:08','17','','1333');
INSERT INTO `glpi_logs` VALUES ('2313','PluginGenericobjectMemory','133','','0','Vilkhivskiy Dmitry','2012-06-25 07:34:21','17','','800');
INSERT INTO `glpi_logs` VALUES ('2314','PluginGenericobjectMemory','146','','0','Vilkhivskiy Dmitry','2012-06-25 07:34:21','17','','800');
INSERT INTO `glpi_logs` VALUES ('2315','PluginGenericobjectMemory','147','','0','Vilkhivskiy Dmitry','2012-06-25 07:34:21','17','','800');
INSERT INTO `glpi_logs` VALUES ('2316','PluginGenericobjectMemory','148','','0','Vilkhivskiy Dmitry','2012-06-25 07:34:21','17','','800');
INSERT INTO `glpi_logs` VALUES ('2317','PluginGenericobjectMemory','149','','0','Vilkhivskiy Dmitry','2012-06-25 07:34:21','17','','800');
INSERT INTO `glpi_logs` VALUES ('2318','PluginGenericobjectMemory','150','','0','Vilkhivskiy Dmitry','2012-06-25 07:34:21','17','','800');
INSERT INTO `glpi_logs` VALUES ('2319','PluginGenericobjectMemory','151','','0','Vilkhivskiy Dmitry','2012-06-25 07:34:21','17','','800');
INSERT INTO `glpi_logs` VALUES ('2320','PluginGenericobjectMemory','100','','0','Vilkhivskiy Dmitry','2012-06-25 07:34:49','17','','800');
INSERT INTO `glpi_logs` VALUES ('2321','PluginGenericobjectMemory','101','','0','Vilkhivskiy Dmitry','2012-06-25 07:34:49','17','','800');
INSERT INTO `glpi_logs` VALUES ('2322','PluginGenericobjectMemory','102','','0','Vilkhivskiy Dmitry','2012-06-25 07:34:49','17','','800');
INSERT INTO `glpi_logs` VALUES ('2323','PluginGenericobjectMemory','103','','0','Vilkhivskiy Dmitry','2012-06-25 07:34:49','17','','800');
INSERT INTO `glpi_logs` VALUES ('2324','User','6','Profile_User','17','Vilkhivskiy Dmitry','2012-06-25 07:43:51','0','','Super-Admin,  ');
INSERT INTO `glpi_logs` VALUES ('2325','User','7','Profile_User','17','Vilkhivskiy Dmitry','2012-06-25 07:43:51','0','','Super-Admin,  ');
INSERT INTO `glpi_logs` VALUES ('2326','PluginGenericobjectHdd','53','','0','Vilkhivskiy Dmitry','2012-06-25 08:07:53','22','&nbsp;','320GB');
INSERT INTO `glpi_logs` VALUES ('2327','PluginGenericobjectHdd','34','','0','Vilkhivskiy Dmitry','2012-06-25 08:09:03','22','&nbsp;','200GB');
INSERT INTO `glpi_logs` VALUES ('2328','PluginGenericobjectHdd','35','','0','Vilkhivskiy Dmitry','2012-06-25 08:09:24','22','&nbsp;','80GB');
INSERT INTO `glpi_logs` VALUES ('2329','PluginGenericobjectHdd','36','','0','Vilkhivskiy Dmitry','2012-06-25 08:09:50','22','&nbsp;','500Gb');
INSERT INTO `glpi_logs` VALUES ('2330','PluginGenericobjectHdd','37','','0','Vilkhivskiy Dmitry','2012-06-25 08:09:54','22','&nbsp;','500Gb');
INSERT INTO `glpi_logs` VALUES ('2331','PluginGenericobjectHdd','38','','0','Vilkhivskiy Dmitry','2012-06-25 08:10:08','22','&nbsp;','80GB');
INSERT INTO `glpi_logs` VALUES ('2332','PluginGenericobjectHdd','40','','0','Vilkhivskiy Dmitry','2012-06-25 08:10:23','22','&nbsp;','80GB');
INSERT INTO `glpi_logs` VALUES ('2333','PluginGenericobjectHdd','43','','0','Vilkhivskiy Dmitry','2012-06-25 08:10:37','22','&nbsp;','80GB');
INSERT INTO `glpi_logs` VALUES ('2334','PluginGenericobjectHdd','44','','0','Vilkhivskiy Dmitry','2012-06-25 08:10:41','22','&nbsp;','500Gb');
INSERT INTO `glpi_logs` VALUES ('2335','PluginGenericobjectHdd','46','','0','Vilkhivskiy Dmitry','2012-06-25 08:11:17','22','&nbsp;','80GB');
INSERT INTO `glpi_logs` VALUES ('2336','PluginGenericobjectHdd','47','','0','Vilkhivskiy Dmitry','2012-06-25 08:11:26','22','&nbsp;','80GB');
INSERT INTO `glpi_logs` VALUES ('2337','PluginGenericobjectHdd','48','','0','Vilkhivskiy Dmitry','2012-06-25 08:11:33','22','&nbsp;','80GB');
INSERT INTO `glpi_logs` VALUES ('2338','PluginGenericobjectHdd','48','','0','Vilkhivskiy Dmitry','2012-06-25 08:11:58','20','&nbsp;','HDD-SATA2');
INSERT INTO `glpi_logs` VALUES ('2339','PluginGenericobjectHdd','37','','0','Vilkhivskiy Dmitry','2012-06-25 08:12:00','20','&nbsp;','HDD-SATA2');
INSERT INTO `glpi_logs` VALUES ('2340','PluginGenericobjectHdd','49','','0','Vilkhivskiy Dmitry','2012-06-25 08:13:04','22','&nbsp;','120GB');
INSERT INTO `glpi_logs` VALUES ('2341','PluginGenericobjectHdd','54','','0','Vilkhivskiy Dmitry','2012-06-25 08:13:18','22','&nbsp;','500Gb');
INSERT INTO `glpi_logs` VALUES ('2342','PluginGenericobjectHdd','55','','0','Vilkhivskiy Dmitry','2012-06-25 08:13:50','22','&nbsp;','80GB');
INSERT INTO `glpi_logs` VALUES ('2343','PluginGenericobjectHdd','57','','0','Vilkhivskiy Dmitry','2012-06-25 08:13:50','22','&nbsp;','80GB');
INSERT INTO `glpi_logs` VALUES ('2344','PluginGenericobjectHdd','59','','0','Vilkhivskiy Dmitry','2012-06-25 08:13:50','22','&nbsp;','80GB');
INSERT INTO `glpi_logs` VALUES ('2345','PluginGenericobjectHdd','56','','0','Vilkhivskiy Dmitry','2012-06-25 08:14:15','22','&nbsp;','500Gb');
INSERT INTO `glpi_logs` VALUES ('2346','PluginGenericobjectHdd','58','','0','Vilkhivskiy Dmitry','2012-06-25 08:14:22','22','&nbsp;','500Gb');
INSERT INTO `glpi_logs` VALUES ('2347','PluginGenericobjectHdd','62','','0','Vilkhivskiy Dmitry','2012-06-25 08:14:44','22','&nbsp;','80GB');
INSERT INTO `glpi_logs` VALUES ('2348','PluginGenericobjectHdd','64','','0','Vilkhivskiy Dmitry','2012-06-25 08:14:56','22','&nbsp;','500Gb');
INSERT INTO `glpi_logs` VALUES ('2349','PluginGenericobjectHdd','51','','0','Vilkhivskiy Dmitry','2012-06-25 08:15:44','22','&nbsp;','80GB');
INSERT INTO `glpi_logs` VALUES ('2350','PluginGenericobjectHdd','50','','0','Vilkhivskiy Dmitry','2012-06-25 08:16:14','22','&nbsp;','80GB');
INSERT INTO `glpi_logs` VALUES ('2351','PluginGenericobjectHdd','60','','0','Vilkhivskiy Dmitry','2012-06-25 08:16:41','22','&nbsp;','250GB');
INSERT INTO `glpi_logs` VALUES ('2352','PluginGenericobjectHdd','63','','0','Vilkhivskiy Dmitry','2012-06-25 08:17:54','22','&nbsp;','120GB');
INSERT INTO `glpi_logs` VALUES ('2353','User','10','','0','Vilkhivskiy Dmitry','2012-06-25 08:39:44','1','alex.devyatkin','1058');
INSERT INTO `glpi_logs` VALUES ('2354','User','10','Group','16','Vilkhivskiy Dmitry','2012-06-25 08:40:03','0','Flexaspect-users (4)','');
INSERT INTO `glpi_logs` VALUES ('2355','User','10','Group','15','Vilkhivskiy Dmitry','2012-06-25 08:40:09','0','','alex.devyatkin (6)');
INSERT INTO `glpi_logs` VALUES ('2356','User','8','Group','16','Vilkhivskiy Dmitry','2012-06-25 08:53:20','0','Flexaspect-users (4)','');
INSERT INTO `glpi_logs` VALUES ('2357','User','8','Group','15','Vilkhivskiy Dmitry','2012-06-25 08:53:27','0','','dmitriy.yenin (7)');
INSERT INTO `glpi_logs` VALUES ('2358','PluginGenericobjectMotherboard','25','','0','Vilkhivskiy Dmitry','2012-06-26 02:38:23','15','0000','50e54921390d');
INSERT INTO `glpi_logs` VALUES ('2359','PluginGenericobjectMemory','49','','0','Vilkhivskiy Dmitry','2012-06-26 02:38:39','15','0000','353CD055h (1439710261)');
INSERT INTO `glpi_logs` VALUES ('2360','PluginGenericobjectHdd','18','','0','Vilkhivskiy Dmitry','2012-06-26 02:39:12','17','0000','S20BJ9AB509143');
INSERT INTO `glpi_logs` VALUES ('2361','PluginGenericobjectPower','60','0','20','Vilkhivskiy Dmitry','2012-06-26 02:40:48','0','','');
INSERT INTO `glpi_logs` VALUES ('2362','User','10','Group','16','Vilkhivskiy Dmitry','2012-06-26 02:41:14','0','alex.devyatkin (6)','');
INSERT INTO `glpi_logs` VALUES ('2363','User','10','Group','15','Vilkhivskiy Dmitry','2012-06-26 02:41:21','0','','Flexaspect (2)');
INSERT INTO `glpi_logs` VALUES ('2364','User','10','','0','Vilkhivskiy Dmitry','2012-06-26 02:41:26','1','1058','alex.devyatkin');
INSERT INTO `glpi_logs` VALUES ('2365','User','10','Group','16','Vilkhivskiy Dmitry','2012-06-26 02:41:40','0','Flexaspect (2)','');
INSERT INTO `glpi_logs` VALUES ('2366','User','10','Group','15','Vilkhivskiy Dmitry','2012-06-26 02:41:47','0','','Flexaspect-users (4)');
INSERT INTO `glpi_logs` VALUES ('2367','User','8','Group','16','Vilkhivskiy Dmitry','2012-06-26 02:42:24','0','dmitriy.yenin (7)','');
INSERT INTO `glpi_logs` VALUES ('2368','User','8','Group','15','Vilkhivskiy Dmitry','2012-06-26 02:42:29','0','','Flexaspect-users (4)');
INSERT INTO `glpi_logs` VALUES ('2369','PluginGenericobjectMotherboard','23','','0','Vilkhivskiy Dmitry','2012-06-26 02:46:37','15','0000','WY3T63001620');
INSERT INTO `glpi_logs` VALUES ('2370','PluginGenericobjectMemory','158','0','20','Vilkhivskiy Dmitry','2012-06-26 02:47:33','0','','');
INSERT INTO `glpi_logs` VALUES ('2371','PluginGenericobjectMemory','159','0','20','Vilkhivskiy Dmitry','2012-06-26 02:47:54','0','','');
INSERT INTO `glpi_logs` VALUES ('2372','PluginGenericobjectHdd','16','','0','Vilkhivskiy Dmitry','2012-06-26 02:48:05','17','0000','S08EJ1CP124931');
INSERT INTO `glpi_logs` VALUES ('2373','PluginGenericobjectPower','61','0','20','Vilkhivskiy Dmitry','2012-06-26 02:49:08','0','','');
INSERT INTO `glpi_logs` VALUES ('2374','PluginGenericobjectMotherboard','24','','0','Vilkhivskiy Dmitry','2012-06-26 02:50:10','15','0000','6am0x1244344');
INSERT INTO `glpi_logs` VALUES ('2375','PluginGenericobjectMemory','160','0','20','Vilkhivskiy Dmitry','2012-06-26 02:51:14','0','','');
INSERT INTO `glpi_logs` VALUES ('2376','PluginGenericobjectMemory','161','0','20','Vilkhivskiy Dmitry','2012-06-26 02:51:32','0','','');
INSERT INTO `glpi_logs` VALUES ('2377','PluginGenericobjectHdd','17','','0','Vilkhivskiy Dmitry','2012-06-26 02:51:51','17','0000','S08EJ1OL569710');
INSERT INTO `glpi_logs` VALUES ('2378','PluginGenericobjectPower','62','0','20','Vilkhivskiy Dmitry','2012-06-26 02:52:37','0','','');
INSERT INTO `glpi_logs` VALUES ('2379','PluginGenericobjectPower','40','','0','Vilkhivskiy Dmitry','2012-06-26 02:53:08','1','BP','Delta Electronics');
INSERT INTO `glpi_logs` VALUES ('2380','PluginGenericobjectPower','6','','0','Vilkhivskiy Dmitry','2012-06-26 03:43:44','20','&nbsp;','ATX-S460');
INSERT INTO `glpi_logs` VALUES ('2381','User','7','','0','Vilkhivskiy Dmitry','2012-06-26 05:00:33','3','205','305');
INSERT INTO `glpi_logs` VALUES ('2382','Monitor','42','','0','Vilkhivskiy Dmitry','2012-06-26 05:01:18','71','Ukad','Flexaspect');
INSERT INTO `glpi_logs` VALUES ('2383','PluginGenericobjectApple','3','','0','Vilkhivskiy Dmitry','2012-06-26 05:01:22','18','Ukad','Flexaspect');
INSERT INTO `glpi_logs` VALUES ('2384','Monitor','46','','0','Vilkhivskiy Dmitry','2012-06-26 05:02:21','71','Ukad','Flexaspect');
INSERT INTO `glpi_logs` VALUES ('2385','PluginGenericobjectApple','4','','0','Vilkhivskiy Dmitry','2012-06-26 05:02:28','18','Ukad','Flexaspect');
INSERT INTO `glpi_logs` VALUES ('2386','PluginGenericobjectMotherboard','26','','0','Vilkhivskiy Dmitry','2012-06-26 05:03:13','19','Ukad','Flexaspect');
INSERT INTO `glpi_logs` VALUES ('2387','PluginGenericobjectProcessor','24','','0','Vilkhivskiy Dmitry','2012-06-26 05:03:24','20','Ukad','Flexaspect');
INSERT INTO `glpi_logs` VALUES ('2388','PluginGenericobjectHdd','21','','0','Vilkhivskiy Dmitry','2012-06-26 05:03:32','15','Ukad','Flexaspect');
INSERT INTO `glpi_logs` VALUES ('2389','PluginGenericobjectApple','1','','0','Vilkhivskiy Dmitry','2012-06-26 05:05:45','18','Ukad','Flexaspect');
INSERT INTO `glpi_logs` VALUES ('2390','PluginGenericobjectMemory','105','','0','Vilkhivskiy Dmitry','2012-06-26 05:17:13','22','&nbsp;','roman.lavrinenko');
INSERT INTO `glpi_logs` VALUES ('2391','PluginGenericobjectMemory','106','','0','Vilkhivskiy Dmitry','2012-06-26 05:17:13','22','&nbsp;','roman.lavrinenko');
INSERT INTO `glpi_logs` VALUES ('2392','PluginGenericobjectMemory','105','','0','Vilkhivskiy Dmitry','2012-06-26 05:17:27','21','&nbsp;','Flexaspect');
INSERT INTO `glpi_logs` VALUES ('2393','PluginGenericobjectMemory','106','','0','Vilkhivskiy Dmitry','2012-06-26 05:17:27','21','&nbsp;','Flexaspect');
INSERT INTO `glpi_logs` VALUES ('2394','Monitor','2','','0','Vilkhivskiy Dmitry','2012-06-26 05:23:03','70','nickolay.chizhikov','&nbsp;');
INSERT INTO `glpi_logs` VALUES ('2395','Monitor','2','','0','Vilkhivskiy Dmitry','2012-06-26 05:31:01','70','&nbsp;','olga.goncharova');
INSERT INTO `glpi_logs` VALUES ('2396','Monitor','17','','0','Vilkhivskiy Dmitry','2012-06-26 05:31:20','70','olga.goncharova','dmitry.vilkhivskiy');
INSERT INTO `glpi_logs` VALUES ('2397','Software','1','0','13','Vilkhivskiy Dmitry','2012-06-26 05:32:34','0','','');
INSERT INTO `glpi_logs` VALUES ('2398','User','2','','0','Dmitriy Yenin','2012-06-26 05:37:15','8','0','1');
INSERT INTO `glpi_logs` VALUES ('2399','PluginGenericobjectOperationsystem','36','0','20','Vilkhivskiy Dmitry','2012-06-26 07:00:04','0','','');
INSERT INTO `glpi_logs` VALUES ('2400','PluginGenericobjectPower','43','','0','Vilkhivskiy Dmitry','2012-06-27 02:19:16','18','dmitriy.zhdankin','Spisano');
INSERT INTO `glpi_logs` VALUES ('2401','Computer','27','Monitor','16','Dmitriy Yenin','2012-06-27 04:08:45','0','SAMSUNG943N (44)','');
INSERT INTO `glpi_logs` VALUES ('2402','Monitor','44','Computer','16','Dmitriy Yenin','2012-06-27 04:08:45','0','PC0025 (27)','');
INSERT INTO `glpi_logs` VALUES ('2403','PluginGenericobjectMemory','108','','0','Vilkhivskiy Dmitry','2012-06-27 04:17:59','17','800','');
INSERT INTO `glpi_logs` VALUES ('2404','PluginGenericobjectMemory','108','','0','Vilkhivskiy Dmitry','2012-06-27 04:18:33','17','','800');
INSERT INTO `glpi_logs` VALUES ('2405','Monitor','74','','0','Vilkhivskiy Dmitry','2012-06-27 05:28:49','3','&nbsp;','304');
INSERT INTO `glpi_logs` VALUES ('2406','Monitor','84','','0','Vilkhivskiy Dmitry','2012-06-27 05:28:58','3','&nbsp;','304');
INSERT INTO `glpi_logs` VALUES ('2407','Monitor','77','','0','Vilkhivskiy Dmitry','2012-06-27 05:29:20','1',' ASUSVW195D',' ASUS');
INSERT INTO `glpi_logs` VALUES ('2408','Monitor','1','','0','Vilkhivskiy Dmitry','2012-06-27 05:29:35','1','LG1730P','LG');
INSERT INTO `glpi_logs` VALUES ('2409','Computer','21','Monitor','16','Vilkhivskiy Dmitry','2012-06-27 05:29:39','0','LG (1)','');
INSERT INTO `glpi_logs` VALUES ('2410','Monitor','1','Computer','16','Vilkhivskiy Dmitry','2012-06-27 05:29:39','0','PC0021 (21)','');
INSERT INTO `glpi_logs` VALUES ('2411','Monitor','54','','0','Vilkhivskiy Dmitry','2012-06-27 05:29:51','1','LGE2411','LG');
INSERT INTO `glpi_logs` VALUES ('2412','Monitor','55','','0','Vilkhivskiy Dmitry','2012-06-27 05:30:01','1','LGE2411','LG');
INSERT INTO `glpi_logs` VALUES ('2413','Monitor','56','','0','Vilkhivskiy Dmitry','2012-06-27 05:30:29','1','LGE2411','LG');
INSERT INTO `glpi_logs` VALUES ('2414','Monitor','8','','0','Vilkhivskiy Dmitry','2012-06-27 05:30:38','1','LGW2346','LG');
INSERT INTO `glpi_logs` VALUES ('2415','Computer','4','Monitor','16','Vilkhivskiy Dmitry','2012-06-27 05:30:42','0','LG (8)','');
INSERT INTO `glpi_logs` VALUES ('2416','Monitor','8','Computer','16','Vilkhivskiy Dmitry','2012-06-27 05:30:42','0','PC0004 (4)','');
INSERT INTO `glpi_logs` VALUES ('2417','Computer','10','Monitor','16','Vilkhivskiy Dmitry','2012-06-27 05:30:50','0','LGW2346 (21)','');
INSERT INTO `glpi_logs` VALUES ('2418','Monitor','21','Computer','16','Vilkhivskiy Dmitry','2012-06-27 05:30:50','0','PC0010 (10)','');
INSERT INTO `glpi_logs` VALUES ('2419','Monitor','21','','0','Vilkhivskiy Dmitry','2012-06-27 05:30:56','1','LGW2346','LG');
INSERT INTO `glpi_logs` VALUES ('2420','Monitor','24','','0','Vilkhivskiy Dmitry','2012-06-27 05:31:05','1','LGW2346','LG');
INSERT INTO `glpi_logs` VALUES ('2421','Computer','12','Monitor','16','Vilkhivskiy Dmitry','2012-06-27 05:31:09','0','LG (24)','');
INSERT INTO `glpi_logs` VALUES ('2422','Monitor','24','Computer','16','Vilkhivskiy Dmitry','2012-06-27 05:31:09','0','PC0012 (12)','');
INSERT INTO `glpi_logs` VALUES ('2423','Monitor','28','','0','Vilkhivskiy Dmitry','2012-06-27 05:31:25','1','LGW2346','LG');
INSERT INTO `glpi_logs` VALUES ('2424','Computer','15','Monitor','16','Vilkhivskiy Dmitry','2012-06-27 05:31:29','0','LG (28)','');
INSERT INTO `glpi_logs` VALUES ('2425','Monitor','28','Computer','16','Vilkhivskiy Dmitry','2012-06-27 05:31:29','0','PC0015 (15)','');
INSERT INTO `glpi_logs` VALUES ('2426','Monitor','34','','0','Vilkhivskiy Dmitry','2012-06-27 05:31:40','1','LGW2346','LG');
INSERT INTO `glpi_logs` VALUES ('2427','Computer','21','Monitor','16','Vilkhivskiy Dmitry','2012-06-27 05:31:44','0','LG (34)','');
INSERT INTO `glpi_logs` VALUES ('2428','Monitor','34','Computer','16','Vilkhivskiy Dmitry','2012-06-27 05:31:44','0','PC0021 (21)','');
INSERT INTO `glpi_logs` VALUES ('2429','Monitor','36','','0','Vilkhivskiy Dmitry','2012-06-27 05:31:54','1','LGW2346','LG');
INSERT INTO `glpi_logs` VALUES ('2430','Computer','19','Monitor','16','Vilkhivskiy Dmitry','2012-06-27 05:31:58','0','LG (36)','');
INSERT INTO `glpi_logs` VALUES ('2431','Monitor','36','Computer','16','Vilkhivskiy Dmitry','2012-06-27 05:31:58','0','PC0019 (19)','');
INSERT INTO `glpi_logs` VALUES ('2432','Monitor','37','','0','Vilkhivskiy Dmitry','2012-06-27 05:32:11','1','LGW2346','LG');
INSERT INTO `glpi_logs` VALUES ('2433','Computer','6','Monitor','16','Vilkhivskiy Dmitry','2012-06-27 05:32:15','0','LG (37)','');
INSERT INTO `glpi_logs` VALUES ('2434','Monitor','37','Computer','16','Vilkhivskiy Dmitry','2012-06-27 05:32:15','0','PC0006 (6)','');
INSERT INTO `glpi_logs` VALUES ('2435','Monitor','52','','0','Vilkhivskiy Dmitry','2012-06-27 05:32:25','1','LGW2346','LG');
INSERT INTO `glpi_logs` VALUES ('2436','Monitor','53','','0','Vilkhivskiy Dmitry','2012-06-27 05:32:38','1','LGW2346','LG');
INSERT INTO `glpi_logs` VALUES ('2437','Monitor','66','','0','Vilkhivskiy Dmitry','2012-06-27 05:32:49','1','LGW2346','LG');
INSERT INTO `glpi_logs` VALUES ('2438','Monitor','67','','0','Vilkhivskiy Dmitry','2012-06-27 05:32:58','1','LGW2346','LG');
INSERT INTO `glpi_logs` VALUES ('2439','Monitor','70','','0','Vilkhivskiy Dmitry','2012-06-27 05:33:07','1','LGW2346','LG');
INSERT INTO `glpi_logs` VALUES ('2440','Monitor','74','','0','Vilkhivskiy Dmitry','2012-06-27 05:33:15','1','LGW2346','LG');
INSERT INTO `glpi_logs` VALUES ('2441','Monitor','81','','0','Vilkhivskiy Dmitry','2012-06-27 05:35:01','1','LGW2346','LG');
INSERT INTO `glpi_logs` VALUES ('2442','Monitor','84','','0','Vilkhivskiy Dmitry','2012-06-27 05:35:09','1','LGW2346','LG');
INSERT INTO `glpi_logs` VALUES ('2443','Monitor','5','','0','Vilkhivskiy Dmitry','2012-06-27 05:35:17','1','LGW2346S','LG');
INSERT INTO `glpi_logs` VALUES ('2444','Monitor','15','','0','Vilkhivskiy Dmitry','2012-06-27 05:35:24','1','LGW2346S','LG');
INSERT INTO `glpi_logs` VALUES ('2445','Monitor','26','','0','Vilkhivskiy Dmitry','2012-06-27 05:37:14','1','LGW2346S','LG');
INSERT INTO `glpi_logs` VALUES ('2446','Computer','14','Monitor','16','Vilkhivskiy Dmitry','2012-06-27 05:37:20','0','LG (26)','');
INSERT INTO `glpi_logs` VALUES ('2447','Monitor','26','Computer','16','Vilkhivskiy Dmitry','2012-06-27 05:37:20','0','PC0014 (14)','');
INSERT INTO `glpi_logs` VALUES ('2448','Monitor','31','','0','Vilkhivskiy Dmitry','2012-06-27 05:37:29','1','LGW2346S','LG');
INSERT INTO `glpi_logs` VALUES ('2449','Computer','17','Monitor','16','Vilkhivskiy Dmitry','2012-06-27 05:37:33','0','LG (31)','');
INSERT INTO `glpi_logs` VALUES ('2450','Monitor','31','Computer','16','Vilkhivskiy Dmitry','2012-06-27 05:37:33','0','PC0017 (17)','');
INSERT INTO `glpi_logs` VALUES ('2451','Monitor','35','','0','Vilkhivskiy Dmitry','2012-06-27 05:37:44','1','LGW2346S','LG');
INSERT INTO `glpi_logs` VALUES ('2452','Computer','20','Monitor','16','Vilkhivskiy Dmitry','2012-06-27 05:37:48','0','LG (35)','');
INSERT INTO `glpi_logs` VALUES ('2453','Monitor','35','Computer','16','Vilkhivskiy Dmitry','2012-06-27 05:37:48','0','PC0020 (20)','');
INSERT INTO `glpi_logs` VALUES ('2454','Monitor','45','','0','Vilkhivskiy Dmitry','2012-06-27 05:37:59','1','LGW2346S','LG');
INSERT INTO `glpi_logs` VALUES ('2455','Computer','28','Monitor','16','Vilkhivskiy Dmitry','2012-06-27 05:38:03','0','LG (45)','');
INSERT INTO `glpi_logs` VALUES ('2456','Monitor','45','Computer','16','Vilkhivskiy Dmitry','2012-06-27 05:38:03','0','PC0026 (28)','');
INSERT INTO `glpi_logs` VALUES ('2457','Monitor','57','','0','Vilkhivskiy Dmitry','2012-06-27 05:38:18','1','LGW2346S','LG');
INSERT INTO `glpi_logs` VALUES ('2458','Monitor','86','','0','Vilkhivskiy Dmitry','2012-06-27 05:38:27','1','LGW2346S','LG');
INSERT INTO `glpi_logs` VALUES ('2459','Monitor','89','','0','Vilkhivskiy Dmitry','2012-06-27 05:38:36','1','LGW2346S','LG');
INSERT INTO `glpi_logs` VALUES ('2460','Monitor','80','','0','Vilkhivskiy Dmitry','2012-06-27 05:38:44','1','LGW2346SW','LG');
INSERT INTO `glpi_logs` VALUES ('2461','Monitor','4','','0','Vilkhivskiy Dmitry','2012-06-27 05:38:52','1','LGW2346T','LG');
INSERT INTO `glpi_logs` VALUES ('2462','Computer','2','Monitor','16','Vilkhivskiy Dmitry','2012-06-27 05:39:05','0','LG (4)','');
INSERT INTO `glpi_logs` VALUES ('2463','Monitor','4','Computer','16','Vilkhivskiy Dmitry','2012-06-27 05:39:05','0','PC0002 (2)','');
INSERT INTO `glpi_logs` VALUES ('2464','Monitor','7','','0','Vilkhivskiy Dmitry','2012-06-27 05:39:13','1','LGW2346T','LG');
INSERT INTO `glpi_logs` VALUES ('2465','Computer','3','Monitor','16','Vilkhivskiy Dmitry','2012-06-27 05:39:18','0','LG (7)','');
INSERT INTO `glpi_logs` VALUES ('2466','Monitor','7','Computer','16','Vilkhivskiy Dmitry','2012-06-27 05:39:18','0','PC0003 (3)','');
INSERT INTO `glpi_logs` VALUES ('2467','Monitor','16','','0','Vilkhivskiy Dmitry','2012-06-27 05:39:27','1','LGW2346T','LG');
INSERT INTO `glpi_logs` VALUES ('2468','Computer','7','Monitor','16','Vilkhivskiy Dmitry','2012-06-27 05:39:31','0','LG (16)','');
INSERT INTO `glpi_logs` VALUES ('2469','Monitor','16','Computer','16','Vilkhivskiy Dmitry','2012-06-27 05:39:31','0','PC0007 (7)','');
INSERT INTO `glpi_logs` VALUES ('2470','Monitor','27','','0','Vilkhivskiy Dmitry','2012-06-27 05:39:42','1','LGW2346T','LG');
INSERT INTO `glpi_logs` VALUES ('2471','Computer','15','Monitor','16','Vilkhivskiy Dmitry','2012-06-27 05:39:45','0','LG (27)','');
INSERT INTO `glpi_logs` VALUES ('2472','Monitor','27','Computer','16','Vilkhivskiy Dmitry','2012-06-27 05:39:45','0','PC0015 (15)','');
INSERT INTO `glpi_logs` VALUES ('2473','Monitor','38','','0','Vilkhivskiy Dmitry','2012-06-27 05:39:56','1','OPTIQUEST-Q9','OPTIQUEST');
INSERT INTO `glpi_logs` VALUES ('2474','Computer','6','Monitor','16','Vilkhivskiy Dmitry','2012-06-27 05:40:00','0','OPTIQUEST (38)','');
INSERT INTO `glpi_logs` VALUES ('2475','Monitor','38','Computer','16','Vilkhivskiy Dmitry','2012-06-27 05:40:00','0','PC0006 (6)','');
INSERT INTO `glpi_logs` VALUES ('2476','Monitor','9','','0','Vilkhivskiy Dmitry','2012-06-27 05:40:17','1','PHILIPS190S','PHILIPS');
INSERT INTO `glpi_logs` VALUES ('2477','Monitor','51','','0','Vilkhivskiy Dmitry','2012-06-27 05:40:25','1','PHILIPS241S4LSB','PHILIPS');
INSERT INTO `glpi_logs` VALUES ('2478','Monitor','72','','0','Vilkhivskiy Dmitry','2012-06-27 05:40:37','1','PHILIPS241S4LSB','PHILIPS');
INSERT INTO `glpi_logs` VALUES ('2479','Monitor','10','','0','Vilkhivskiy Dmitry','2012-06-27 05:40:45','1','PHILIPS241SL','PHILIPS');
INSERT INTO `glpi_logs` VALUES ('2480','Computer','5','Monitor','16','Vilkhivskiy Dmitry','2012-06-27 05:40:50','0','PHILIPS (10)','');
INSERT INTO `glpi_logs` VALUES ('2481','Monitor','10','Computer','16','Vilkhivskiy Dmitry','2012-06-27 05:40:50','0','PC0005 (5)','');
INSERT INTO `glpi_logs` VALUES ('2482','Computer','13','Monitor','16','Vilkhivskiy Dmitry','2012-06-27 05:41:24','0','PHILIPS241SL (25)','');
INSERT INTO `glpi_logs` VALUES ('2483','Monitor','25','Computer','16','Vilkhivskiy Dmitry','2012-06-27 05:41:24','0','PC0013 (13)','');
INSERT INTO `glpi_logs` VALUES ('2484','Monitor','25','','0','Vilkhivskiy Dmitry','2012-06-27 05:41:40','1','PHILIPS241SL','PHILIPS');
INSERT INTO `glpi_logs` VALUES ('2485','Monitor','39','','0','Vilkhivskiy Dmitry','2012-06-27 05:41:49','1','PHILIPS241SL','PHILIPS');
INSERT INTO `glpi_logs` VALUES ('2486','Computer','22','Monitor','16','Vilkhivskiy Dmitry','2012-06-27 05:41:52','0','PHILIPS (39)','');
INSERT INTO `glpi_logs` VALUES ('2487','Monitor','39','Computer','16','Vilkhivskiy Dmitry','2012-06-27 05:41:52','0','PC0022 (22)','');
INSERT INTO `glpi_logs` VALUES ('2488','Computer','29','Monitor','16','Vilkhivskiy Dmitry','2012-06-27 05:42:18','0','PHILIPS241SL (46)','');
INSERT INTO `glpi_logs` VALUES ('2489','Monitor','46','Computer','16','Vilkhivskiy Dmitry','2012-06-27 05:42:18','0','MACMINI0003 (29)','');
INSERT INTO `glpi_logs` VALUES ('2490','Monitor','46','','0','Vilkhivskiy Dmitry','2012-06-27 05:42:26','1','PHILIPS241SL','PHILIPS');
INSERT INTO `glpi_logs` VALUES ('2491','Monitor','85','','0','Vilkhivskiy Dmitry','2012-06-27 05:42:35','1','PHILIPS241SL','PHILIPS');
INSERT INTO `glpi_logs` VALUES ('2492','Monitor','90','','0','Vilkhivskiy Dmitry','2012-06-27 05:42:45','1','PHILIPS241SL','PHILIPS');
INSERT INTO `glpi_logs` VALUES ('2493','Monitor','41','','0','Vilkhivskiy Dmitry','2012-06-27 05:42:55','1','PHILIPS246ELH','PHILIPS');
INSERT INTO `glpi_logs` VALUES ('2494','Computer','23','Monitor','16','Vilkhivskiy Dmitry','2012-06-27 05:42:59','0','PHILIPS (41)','');
INSERT INTO `glpi_logs` VALUES ('2495','Monitor','41','Computer','16','Vilkhivskiy Dmitry','2012-06-27 05:42:59','0','PC0023 (23)','');
INSERT INTO `glpi_logs` VALUES ('2496','Monitor','78','','0','Vilkhivskiy Dmitry','2012-06-27 05:43:07','1','SAMSUNG2033','SAMSUNG');
INSERT INTO `glpi_logs` VALUES ('2497','Monitor','19','','0','Vilkhivskiy Dmitry','2012-06-27 05:43:23','1','SAMSUNG241SL','SAMSUNG');
INSERT INTO `glpi_logs` VALUES ('2498','Computer','9','Monitor','16','Vilkhivskiy Dmitry','2012-06-27 05:43:27','0','SAMSUNG (19)','');
INSERT INTO `glpi_logs` VALUES ('2499','Monitor','19','Computer','16','Vilkhivskiy Dmitry','2012-06-27 05:43:27','0','PC0009 (9)','');
INSERT INTO `glpi_logs` VALUES ('2500','Computer','25','Monitor','16','Vilkhivskiy Dmitry','2012-06-27 05:43:35','0','SAMSUNG2494 (42)','');
INSERT INTO `glpi_logs` VALUES ('2501','Monitor','42','Computer','16','Vilkhivskiy Dmitry','2012-06-27 05:43:35','0','MACMINI0002 (25)','');
INSERT INTO `glpi_logs` VALUES ('2502','Monitor','42','','0','Vilkhivskiy Dmitry','2012-06-27 05:43:44','1','SAMSUNG2494','SAMSUNG');
INSERT INTO `glpi_logs` VALUES ('2503','Monitor','91','','0','Vilkhivskiy Dmitry','2012-06-27 05:43:55','1','SAMSUNG2494','SAMSUNG');
INSERT INTO `glpi_logs` VALUES ('2504','Monitor','17','','0','Vilkhivskiy Dmitry','2012-06-27 05:44:15','1','SAMSUNG710N','SAMSUNG');
INSERT INTO `glpi_logs` VALUES ('2505','Monitor','2','','0','Vilkhivskiy Dmitry','2012-06-27 05:44:24','1','SAMSUNG923NW','SAMSUNG');
INSERT INTO `glpi_logs` VALUES ('2506','Computer','4','Monitor','16','Vilkhivskiy Dmitry','2012-06-27 05:44:28','0','SAMSUNG (2)','');
INSERT INTO `glpi_logs` VALUES ('2507','Monitor','2','Computer','16','Vilkhivskiy Dmitry','2012-06-27 05:44:28','0','PC0004 (4)','');
INSERT INTO `glpi_logs` VALUES ('2508','Monitor','22','','0','Vilkhivskiy Dmitry','2012-06-27 05:44:36','1','SAMSUNG923NW','SAMSUNG');
INSERT INTO `glpi_logs` VALUES ('2509','Computer','11','Monitor','16','Vilkhivskiy Dmitry','2012-06-27 05:44:40','0','SAMSUNG (22)','');
INSERT INTO `glpi_logs` VALUES ('2510','Monitor','22','Computer','16','Vilkhivskiy Dmitry','2012-06-27 05:44:40','0','PC0011 (11)','');
INSERT INTO `glpi_logs` VALUES ('2511','Computer','9','Monitor','16','Vilkhivskiy Dmitry','2012-06-27 05:44:49','0','SAMSUNG940N (18)','');
INSERT INTO `glpi_logs` VALUES ('2512','Monitor','18','Computer','16','Vilkhivskiy Dmitry','2012-06-27 05:44:49','0','PC0009 (9)','');
INSERT INTO `glpi_logs` VALUES ('2513','Monitor','18','','0','Vilkhivskiy Dmitry','2012-06-27 05:44:54','1','SAMSUNG940N','SAMSUNG');
INSERT INTO `glpi_logs` VALUES ('2514','Monitor','23','','0','Vilkhivskiy Dmitry','2012-06-27 05:45:01','1','SAMSUNG940N','SAMSUNG');
INSERT INTO `glpi_logs` VALUES ('2515','Computer','12','Monitor','16','Vilkhivskiy Dmitry','2012-06-27 05:45:05','0','SAMSUNG (23)','');
INSERT INTO `glpi_logs` VALUES ('2516','Monitor','23','Computer','16','Vilkhivskiy Dmitry','2012-06-27 05:45:05','0','PC0012 (12)','');
INSERT INTO `glpi_logs` VALUES ('2517','Monitor','33','','0','Vilkhivskiy Dmitry','2012-06-27 05:59:27','1','SAMSUNG940N','SAMSUNG');
INSERT INTO `glpi_logs` VALUES ('2518','Computer','18','Monitor','16','Vilkhivskiy Dmitry','2012-06-27 05:59:30','0','SAMSUNG (33)','');
INSERT INTO `glpi_logs` VALUES ('2519','Monitor','33','Computer','16','Vilkhivskiy Dmitry','2012-06-27 05:59:30','0','PC0018 (18)','');
INSERT INTO `glpi_logs` VALUES ('2520','Monitor','40','','0','Vilkhivskiy Dmitry','2012-06-27 05:59:39','1','SAMSUNG940N','SAMSUNG');
INSERT INTO `glpi_logs` VALUES ('2521','Computer','22','Monitor','16','Vilkhivskiy Dmitry','2012-06-27 05:59:43','0','SAMSUNG (40)','');
INSERT INTO `glpi_logs` VALUES ('2522','Monitor','40','Computer','16','Vilkhivskiy Dmitry','2012-06-27 05:59:43','0','PC0022 (22)','');
INSERT INTO `glpi_logs` VALUES ('2523','Computer','26','Monitor','16','Vilkhivskiy Dmitry','2012-06-27 05:59:56','0','SAMSUNG940N (43)','');
INSERT INTO `glpi_logs` VALUES ('2524','Monitor','43','Computer','16','Vilkhivskiy Dmitry','2012-06-27 05:59:56','0','PC0024 (26)','');
INSERT INTO `glpi_logs` VALUES ('2525','Monitor','43','','0','Vilkhivskiy Dmitry','2012-06-27 06:00:08','1','SAMSUNG940N','SAMSUNG');
INSERT INTO `glpi_logs` VALUES ('2526','Monitor','49','','0','Vilkhivskiy Dmitry','2012-06-27 06:00:17','1','SAMSUNG940N','SAMSUNG');
INSERT INTO `glpi_logs` VALUES ('2527','Computer','32','Monitor','16','Vilkhivskiy Dmitry','2012-06-27 06:00:21','0','SAMSUNG (49)','');
INSERT INTO `glpi_logs` VALUES ('2528','Monitor','49','Computer','16','Vilkhivskiy Dmitry','2012-06-27 06:00:21','0','PC0028 (32)','');
INSERT INTO `glpi_logs` VALUES ('2529','Monitor','50','','0','Vilkhivskiy Dmitry','2012-06-27 06:00:29','1','SAMSUNG940N','SAMSUNG');
INSERT INTO `glpi_logs` VALUES ('2530','Computer','32','Monitor','16','Vilkhivskiy Dmitry','2012-06-27 06:00:32','0','SAMSUNG (50)','');
INSERT INTO `glpi_logs` VALUES ('2531','Monitor','50','Computer','16','Vilkhivskiy Dmitry','2012-06-27 06:00:32','0','PC0028 (32)','');
INSERT INTO `glpi_logs` VALUES ('2532','Monitor','58','','0','Vilkhivskiy Dmitry','2012-06-27 06:00:41','1','SAMSUNG940N','SAMSUNG');
INSERT INTO `glpi_logs` VALUES ('2533','Monitor','59','','0','Vilkhivskiy Dmitry','2012-06-27 06:00:49','1','SAMSUNG940N','SAMSUNG');
INSERT INTO `glpi_logs` VALUES ('2534','Monitor','60','','0','Vilkhivskiy Dmitry','2012-06-27 06:00:57','1','SAMSUNG940N','SAMSUNG');
INSERT INTO `glpi_logs` VALUES ('2535','Monitor','61','','0','Vilkhivskiy Dmitry','2012-06-27 06:01:08','1','SAMSUNG940N','SAMSUNG');
INSERT INTO `glpi_logs` VALUES ('2536','Monitor','63','','0','Vilkhivskiy Dmitry','2012-06-27 06:01:17','1','SAMSUNG940N','SAMSUNG');
INSERT INTO `glpi_logs` VALUES ('2537','Monitor','64','','0','Vilkhivskiy Dmitry','2012-06-27 06:01:26','1','SAMSUNG940N','SAMSUNG');
INSERT INTO `glpi_logs` VALUES ('2538','Monitor','68','','0','Vilkhivskiy Dmitry','2012-06-27 06:01:38','1','SAMSUNG940N','SAMSUNG');
INSERT INTO `glpi_logs` VALUES ('2539','Monitor','69','','0','Vilkhivskiy Dmitry','2012-06-27 06:01:46','1','SAMSUNG940N','SAMSUNG');
INSERT INTO `glpi_logs` VALUES ('2540','Monitor','73','','0','Vilkhivskiy Dmitry','2012-06-27 06:01:54','1','SAMSUNG940N','SAMSUNG');
INSERT INTO `glpi_logs` VALUES ('2541','Monitor','82','','0','Vilkhivskiy Dmitry','2012-06-27 06:02:02','1','SAMSUNG940N','SAMSUNG');
INSERT INTO `glpi_logs` VALUES ('2542','Monitor','83','','0','Vilkhivskiy Dmitry','2012-06-27 06:02:10','1','SAMSUNG940N','SAMSUNG');
INSERT INTO `glpi_logs` VALUES ('2543','Monitor','87','','0','Vilkhivskiy Dmitry','2012-06-27 06:02:19','1','SAMSUNG940N','SAMSUNG');
INSERT INTO `glpi_logs` VALUES ('2544','Monitor','88','','0','Vilkhivskiy Dmitry','2012-06-27 06:02:29','1','SAMSUNG940N','SAMSUNG');
INSERT INTO `glpi_logs` VALUES ('2545','Monitor','94','','0','Vilkhivskiy Dmitry','2012-06-27 06:02:45','1','SAMSUNG940N','SAMSUNG');
INSERT INTO `glpi_logs` VALUES ('2546','Monitor','95','','0','Vilkhivskiy Dmitry','2012-06-27 06:03:04','1','SAMSUNG940N','SAMSUNG');
INSERT INTO `glpi_logs` VALUES ('2547','Monitor','14','','0','Vilkhivskiy Dmitry','2012-06-27 06:03:20','1','SAMSUNG943','SAMSUNG');
INSERT INTO `glpi_logs` VALUES ('2548','Computer','8','Monitor','16','Vilkhivskiy Dmitry','2012-06-27 06:03:23','0','SAMSUNG (14)','');
INSERT INTO `glpi_logs` VALUES ('2549','Monitor','14','Computer','16','Vilkhivskiy Dmitry','2012-06-27 06:03:23','0','PC0008 (8)','');
INSERT INTO `glpi_logs` VALUES ('2550','Monitor','29','','0','Vilkhivskiy Dmitry','2012-06-27 06:03:31','1','SAMSUNG943','SAMSUNG');
INSERT INTO `glpi_logs` VALUES ('2551','Computer','16','Monitor','16','Vilkhivskiy Dmitry','2012-06-27 06:03:34','0','SAMSUNG (29)','');
INSERT INTO `glpi_logs` VALUES ('2552','Monitor','29','Computer','16','Vilkhivskiy Dmitry','2012-06-27 06:03:34','0','PC0016 (16)','');
INSERT INTO `glpi_logs` VALUES ('2553','Monitor','32','','0','Vilkhivskiy Dmitry','2012-06-27 06:03:42','1','SAMSUNG943','SAMSUNG');
INSERT INTO `glpi_logs` VALUES ('2554','Computer','17','Monitor','16','Vilkhivskiy Dmitry','2012-06-27 06:03:45','0','SAMSUNG (32)','');
INSERT INTO `glpi_logs` VALUES ('2555','Monitor','32','Computer','16','Vilkhivskiy Dmitry','2012-06-27 06:03:45','0','PC0017 (17)','');
INSERT INTO `glpi_logs` VALUES ('2556','Monitor','65','','0','Vilkhivskiy Dmitry','2012-06-27 06:03:53','1','SAMSUNG943','SAMSUNG');
INSERT INTO `glpi_logs` VALUES ('2557','Monitor','75','','0','Vilkhivskiy Dmitry','2012-06-27 06:04:01','1','SAMSUNG943','SAMSUNG');
INSERT INTO `glpi_logs` VALUES ('2558','Monitor','79','','0','Vilkhivskiy Dmitry','2012-06-27 06:04:10','1','SAMSUNG943','SAMSUNG');
INSERT INTO `glpi_logs` VALUES ('2559','Monitor','92','','0','Vilkhivskiy Dmitry','2012-06-27 06:04:19','1','SAMSUNG943','SAMSUNG');
INSERT INTO `glpi_logs` VALUES ('2560','Monitor','3','','0','Vilkhivskiy Dmitry','2012-06-27 06:04:30','1','SAMSUNG943N','SAMSUNG');
INSERT INTO `glpi_logs` VALUES ('2561','Computer','2','Monitor','16','Vilkhivskiy Dmitry','2012-06-27 06:04:34','0','SAMSUNG (3)','');
INSERT INTO `glpi_logs` VALUES ('2562','Monitor','3','Computer','16','Vilkhivskiy Dmitry','2012-06-27 06:04:34','0','PC0002 (2)','');
INSERT INTO `glpi_logs` VALUES ('2563','Monitor','6','','0','Vilkhivskiy Dmitry','2012-06-27 06:04:42','1','SAMSUNG943N','SAMSUNG');
INSERT INTO `glpi_logs` VALUES ('2564','Computer','3','Monitor','16','Vilkhivskiy Dmitry','2012-06-27 06:04:46','0','SAMSUNG (6)','');
INSERT INTO `glpi_logs` VALUES ('2565','Monitor','6','Computer','16','Vilkhivskiy Dmitry','2012-06-27 06:04:46','0','PC0003 (3)','');
INSERT INTO `glpi_logs` VALUES ('2566','Monitor','11','','0','Vilkhivskiy Dmitry','2012-06-27 06:04:54','1','SAMSUNG943N','SAMSUNG');
INSERT INTO `glpi_logs` VALUES ('2567','Computer','5','Monitor','16','Vilkhivskiy Dmitry','2012-06-27 06:04:57','0','SAMSUNG (11)','');
INSERT INTO `glpi_logs` VALUES ('2568','Monitor','11','Computer','16','Vilkhivskiy Dmitry','2012-06-27 06:04:57','0','PC0005 (5)','');
INSERT INTO `glpi_logs` VALUES ('2569','Monitor','12','','0','Vilkhivskiy Dmitry','2012-06-27 06:05:05','1','SAMSUNG943N','SAMSUNG');
INSERT INTO `glpi_logs` VALUES ('2570','Computer','7','Monitor','16','Vilkhivskiy Dmitry','2012-06-27 06:05:09','0','SAMSUNG (12)','');
INSERT INTO `glpi_logs` VALUES ('2571','Monitor','12','Computer','16','Vilkhivskiy Dmitry','2012-06-27 06:05:09','0','PC0007 (7)','');
INSERT INTO `glpi_logs` VALUES ('2572','Monitor','30','','0','Vilkhivskiy Dmitry','2012-06-27 06:05:18','1','SAMSUNG943N','SAMSUNG');
INSERT INTO `glpi_logs` VALUES ('2573','Computer','16','Monitor','16','Vilkhivskiy Dmitry','2012-06-27 06:05:21','0','SAMSUNG (30)','');
INSERT INTO `glpi_logs` VALUES ('2574','Monitor','30','Computer','16','Vilkhivskiy Dmitry','2012-06-27 06:05:21','0','PC0016 (16)','');
INSERT INTO `glpi_logs` VALUES ('2575','Monitor','44','','0','Vilkhivskiy Dmitry','2012-06-27 06:05:29','1','SAMSUNG943N','SAMSUNG');
INSERT INTO `glpi_logs` VALUES ('2576','Monitor','47','','0','Vilkhivskiy Dmitry','2012-06-27 06:05:36','1','SAMSUNG943N','SAMSUNG');
INSERT INTO `glpi_logs` VALUES ('2577','Computer','31','Monitor','16','Vilkhivskiy Dmitry','2012-06-27 06:05:39','0','SAMSUNG (47)','');
INSERT INTO `glpi_logs` VALUES ('2578','Monitor','47','Computer','16','Vilkhivskiy Dmitry','2012-06-27 06:05:39','0','PC0027 (31)','');
INSERT INTO `glpi_logs` VALUES ('2579','Monitor','48','','0','Vilkhivskiy Dmitry','2012-06-27 06:05:46','1','SAMSUNG943N','SAMSUNG');
INSERT INTO `glpi_logs` VALUES ('2580','Computer','31','Monitor','16','Vilkhivskiy Dmitry','2012-06-27 06:05:51','0','SAMSUNG (48)','');
INSERT INTO `glpi_logs` VALUES ('2581','Monitor','48','Computer','16','Vilkhivskiy Dmitry','2012-06-27 06:05:51','0','PC0027 (31)','');
INSERT INTO `glpi_logs` VALUES ('2582','Monitor','62','','0','Vilkhivskiy Dmitry','2012-06-27 06:06:00','1','SAMSUNG943N','SAMSUNG');
INSERT INTO `glpi_logs` VALUES ('2583','Monitor','71','','0','Vilkhivskiy Dmitry','2012-06-27 06:06:08','1','SAMSUNG943NW','SAMSUNG');
INSERT INTO `glpi_logs` VALUES ('2584','Monitor','20','','0','Vilkhivskiy Dmitry','2012-06-27 06:06:21','1','SAMSUNG971P','SAMSUNG');
INSERT INTO `glpi_logs` VALUES ('2585','Computer','10','Monitor','16','Vilkhivskiy Dmitry','2012-06-27 06:06:27','0','SAMSUNG (20)','');
INSERT INTO `glpi_logs` VALUES ('2586','Monitor','20','Computer','16','Vilkhivskiy Dmitry','2012-06-27 06:06:27','0','PC0010 (10)','');
INSERT INTO `glpi_logs` VALUES ('2587','Monitor','13','','0','Vilkhivskiy Dmitry','2012-06-27 06:06:37','1','SAMSUNGE2320','SAMSUNG');
INSERT INTO `glpi_logs` VALUES ('2588','Computer','18','Monitor','16','Vilkhivskiy Dmitry','2012-06-27 06:06:41','0','SAMSUNG (13)','');
INSERT INTO `glpi_logs` VALUES ('2589','Monitor','13','Computer','16','Vilkhivskiy Dmitry','2012-06-27 06:06:41','0','PC0018 (18)','');
INSERT INTO `glpi_logs` VALUES ('2590','Monitor','75','','0','Vilkhivskiy Dmitry','2012-06-27 06:07:20','23','&nbsp;','SAMSUNG');
INSERT INTO `glpi_logs` VALUES ('2591','Monitor','75','','0','Vilkhivskiy Dmitry','2012-06-27 06:07:20','40','&nbsp;','943');
INSERT INTO `glpi_logs` VALUES ('2592','Monitor','71','','0','Vilkhivskiy Dmitry','2012-06-27 06:07:41','23','&nbsp;','SAMSUNG');
INSERT INTO `glpi_logs` VALUES ('2593','Monitor','71','','0','Vilkhivskiy Dmitry','2012-06-27 06:07:41','40','&nbsp;','923NW');
INSERT INTO `glpi_logs` VALUES ('2594','Monitor','69','','0','Vilkhivskiy Dmitry','2012-06-27 06:08:01','23','&nbsp;','SAMSUNG');
INSERT INTO `glpi_logs` VALUES ('2595','Monitor','69','','0','Vilkhivskiy Dmitry','2012-06-27 06:08:01','40','&nbsp;','940N');
INSERT INTO `glpi_logs` VALUES ('2596','Monitor','68','','0','Vilkhivskiy Dmitry','2012-06-27 06:08:16','23','&nbsp;','SAMSUNG');
INSERT INTO `glpi_logs` VALUES ('2597','Monitor','68','','0','Vilkhivskiy Dmitry','2012-06-27 06:08:16','40','&nbsp;','940N');
INSERT INTO `glpi_logs` VALUES ('2598','Monitor','70','','0','Vilkhivskiy Dmitry','2012-06-27 06:08:43','23','&nbsp;','LG');
INSERT INTO `glpi_logs` VALUES ('2599','Monitor','70','','0','Vilkhivskiy Dmitry','2012-06-27 06:08:43','40','&nbsp;','W2346');
INSERT INTO `glpi_logs` VALUES ('2600','Monitor','66','','0','Vilkhivskiy Dmitry','2012-06-27 06:08:56','23','&nbsp;','LG');
INSERT INTO `glpi_logs` VALUES ('2601','Monitor','66','','0','Vilkhivskiy Dmitry','2012-06-27 06:08:56','40','&nbsp;','W2346');
INSERT INTO `glpi_logs` VALUES ('2602','Monitor','77','','0','Vilkhivskiy Dmitry','2012-06-27 06:09:27','23','&nbsp;','Asus');
INSERT INTO `glpi_logs` VALUES ('2603','Monitor','4','','0','Vilkhivskiy Dmitry','2012-06-27 06:13:06','11','20','23');
INSERT INTO `glpi_logs` VALUES ('2604','Monitor','16','','0','Vilkhivskiy Dmitry','2012-06-27 06:13:06','11','0','23');
INSERT INTO `glpi_logs` VALUES ('2605','Monitor','27','','0','Vilkhivskiy Dmitry','2012-06-27 06:13:06','11','0','23');
INSERT INTO `glpi_logs` VALUES ('2606','Monitor','15','','0','Vilkhivskiy Dmitry','2012-06-27 06:13:06','11','0','23');
INSERT INTO `glpi_logs` VALUES ('2607','Monitor','26','','0','Vilkhivskiy Dmitry','2012-06-27 06:13:06','11','0','23');
INSERT INTO `glpi_logs` VALUES ('2608','Monitor','31','','0','Vilkhivskiy Dmitry','2012-06-27 06:13:06','11','0','23');
INSERT INTO `glpi_logs` VALUES ('2609','Monitor','35','','0','Vilkhivskiy Dmitry','2012-06-27 06:13:06','11','0','23');
INSERT INTO `glpi_logs` VALUES ('2610','Monitor','45','','0','Vilkhivskiy Dmitry','2012-06-27 06:13:06','11','0','23');
INSERT INTO `glpi_logs` VALUES ('2611','Monitor','21','','0','Vilkhivskiy Dmitry','2012-06-27 06:13:06','11','0','23');
INSERT INTO `glpi_logs` VALUES ('2612','Monitor','24','','0','Vilkhivskiy Dmitry','2012-06-27 06:13:06','11','0','23');
INSERT INTO `glpi_logs` VALUES ('2613','Monitor','28','','0','Vilkhivskiy Dmitry','2012-06-27 06:13:06','11','0','23');
INSERT INTO `glpi_logs` VALUES ('2614','Monitor','36','','0','Vilkhivskiy Dmitry','2012-06-27 06:13:06','11','0','23');
INSERT INTO `glpi_logs` VALUES ('2615','Monitor','37','','0','Vilkhivskiy Dmitry','2012-06-27 06:13:06','11','0','23');
INSERT INTO `glpi_logs` VALUES ('2616','Monitor','38','','0','Vilkhivskiy Dmitry','2012-06-27 06:13:53','11','0','19');
INSERT INTO `glpi_logs` VALUES ('2617','Monitor','38','','0','Vilkhivskiy Dmitry','2012-06-27 06:15:33','11','19','23');
INSERT INTO `glpi_logs` VALUES ('2618','Monitor','13','','0','Vilkhivskiy Dmitry','2012-06-27 06:15:33','11','0','23');
INSERT INTO `glpi_logs` VALUES ('2619','Monitor','12','','0','Vilkhivskiy Dmitry','2012-06-27 06:16:08','11','0','19');
INSERT INTO `glpi_logs` VALUES ('2620','Monitor','30','','0','Vilkhivskiy Dmitry','2012-06-27 06:16:08','11','0','19');
INSERT INTO `glpi_logs` VALUES ('2621','Monitor','44','','0','Vilkhivskiy Dmitry','2012-06-27 06:16:08','11','0','19');
INSERT INTO `glpi_logs` VALUES ('2622','Monitor','47','','0','Vilkhivskiy Dmitry','2012-06-27 06:16:08','11','0','19');
INSERT INTO `glpi_logs` VALUES ('2623','Monitor','48','','0','Vilkhivskiy Dmitry','2012-06-27 06:16:08','11','0','19');
INSERT INTO `glpi_logs` VALUES ('2624','Monitor','14','','0','Vilkhivskiy Dmitry','2012-06-27 06:16:08','11','0','19');
INSERT INTO `glpi_logs` VALUES ('2625','Monitor','29','','0','Vilkhivskiy Dmitry','2012-06-27 06:16:08','11','0','19');
INSERT INTO `glpi_logs` VALUES ('2626','Monitor','32','','0','Vilkhivskiy Dmitry','2012-06-27 06:16:08','11','0','19');
INSERT INTO `glpi_logs` VALUES ('2627','Monitor','18','','0','Vilkhivskiy Dmitry','2012-06-27 06:16:08','11','0','19');
INSERT INTO `glpi_logs` VALUES ('2628','Monitor','23','','0','Vilkhivskiy Dmitry','2012-06-27 06:16:08','11','0','19');
INSERT INTO `glpi_logs` VALUES ('2629','Monitor','33','','0','Vilkhivskiy Dmitry','2012-06-27 06:16:08','11','0','19');
INSERT INTO `glpi_logs` VALUES ('2630','Monitor','40','','0','Vilkhivskiy Dmitry','2012-06-27 06:16:08','11','0','19');
INSERT INTO `glpi_logs` VALUES ('2631','Monitor','43','','0','Vilkhivskiy Dmitry','2012-06-27 06:16:08','11','0','19');
INSERT INTO `glpi_logs` VALUES ('2632','Monitor','49','','0','Vilkhivskiy Dmitry','2012-06-27 06:16:08','11','0','19');
INSERT INTO `glpi_logs` VALUES ('2633','Monitor','50','','0','Vilkhivskiy Dmitry','2012-06-27 06:16:08','11','0','19');
INSERT INTO `glpi_logs` VALUES ('2634','Monitor','19','','0','Vilkhivskiy Dmitry','2012-06-27 06:16:56','11','0','24');
INSERT INTO `glpi_logs` VALUES ('2635','Monitor','25','','0','Vilkhivskiy Dmitry','2012-06-27 06:16:56','11','0','24');
INSERT INTO `glpi_logs` VALUES ('2636','Monitor','39','','0','Vilkhivskiy Dmitry','2012-06-27 06:16:56','11','0','24');
INSERT INTO `glpi_logs` VALUES ('2637','Monitor','46','','0','Vilkhivskiy Dmitry','2012-06-27 06:16:56','11','0','24');
INSERT INTO `glpi_logs` VALUES ('2638','Monitor','72','','0','Vilkhivskiy Dmitry','2012-06-27 06:16:56','11','0','24');
INSERT INTO `glpi_logs` VALUES ('2639','Monitor','20','','0','Vilkhivskiy Dmitry','2012-06-27 06:17:48','11','0','19');
INSERT INTO `glpi_logs` VALUES ('2640','Monitor','22','','0','Vilkhivskiy Dmitry','2012-06-27 06:18:27','11','0','19');
INSERT INTO `glpi_logs` VALUES ('2641','Monitor','17','','0','Vilkhivskiy Dmitry','2012-06-27 06:18:58','11','0','17');
INSERT INTO `glpi_logs` VALUES ('2642','Monitor','42','','0','Vilkhivskiy Dmitry','2012-06-27 06:19:50','11','0','24');
INSERT INTO `glpi_logs` VALUES ('2643','Monitor','41','','0','Vilkhivskiy Dmitry','2012-06-27 06:20:35','11','0','24');
INSERT INTO `glpi_logs` VALUES ('2644','User','2','','0','Dmitriy Yenin','2012-06-27 07:16:15','8','1','0');
INSERT INTO `glpi_logs` VALUES ('2645','PluginGenericobjectMotherboard','76','0','20','Vilkhivskiy Dmitry','2012-06-29 02:14:12','0','','');
INSERT INTO `glpi_logs` VALUES ('2646','PluginGenericobjectProcessor','58','0','20','Vilkhivskiy Dmitry','2012-06-29 02:15:40','0','','');
INSERT INTO `glpi_logs` VALUES ('2647','PluginGenericobjectMemory','162','0','20','Vilkhivskiy Dmitry','2012-06-29 02:16:29','0','','');
INSERT INTO `glpi_logs` VALUES ('2648','PluginGenericobjectMemory','163','0','20','Vilkhivskiy Dmitry','2012-06-29 02:17:03','0','','');
INSERT INTO `glpi_logs` VALUES ('2649','PluginGenericobjectMemory','163','','0','Vilkhivskiy Dmitry','2012-06-29 02:17:35','1','KINGSTON','1KINGSTON');
INSERT INTO `glpi_logs` VALUES ('2650','PluginGenericobjectMemory','162','','0','Vilkhivskiy Dmitry','2012-06-29 02:18:03','1','KINGSTON','1KINGSTON');
INSERT INTO `glpi_logs` VALUES ('2651','PluginGenericobjectHdd','67','0','20','Vilkhivskiy Dmitry','2012-06-29 02:20:08','0','','');
INSERT INTO `glpi_logs` VALUES ('2652','PluginGenericobjectPower','63','0','20','Vilkhivskiy Dmitry','2012-06-29 02:21:35','0','','');
INSERT INTO `glpi_logs` VALUES ('2653','PluginGenericobjectOperationsystem','37','0','20','Vilkhivskiy Dmitry','2012-06-29 02:22:55','0','','');
INSERT INTO `glpi_logs` VALUES ('2654','User','79','Profile_User','17','Vilkhivskiy Dmitry','2012-06-29 02:56:52','0','','Self-Service,  , D');
INSERT INTO `glpi_logs` VALUES ('2655','User','79','0','20','Vilkhivskiy Dmitry','2012-06-29 02:56:52','0','','');
INSERT INTO `glpi_logs` VALUES ('2656','User','79','','0','Vilkhivskiy Dmitry','2012-06-29 02:57:40','1','roman.pikalov','alexander.cozuberda');
INSERT INTO `glpi_logs` VALUES ('2657','User','79','','0','Vilkhivskiy Dmitry','2012-06-29 02:57:50','3','201','204');
INSERT INTO `glpi_logs` VALUES ('2658','User','79','Group','15','Vilkhivskiy Dmitry','2012-06-29 02:57:57','0','','Ukad-users (5)');
INSERT INTO `glpi_logs` VALUES ('2659','User','80','Profile_User','17','Vilkhivskiy Dmitry','2012-06-29 02:58:33','0','','Self-Service,  , D');
INSERT INTO `glpi_logs` VALUES ('2660','User','80','0','20','Vilkhivskiy Dmitry','2012-06-29 02:58:33','0','','');
INSERT INTO `glpi_logs` VALUES ('2661','User','80','Group','15','Vilkhivskiy Dmitry','2012-06-29 02:58:44','0','','Ukad-users (5)');
INSERT INTO `glpi_logs` VALUES ('2662','PluginGenericobjectMotherboard','8','','0','Vilkhivskiy Dmitry','2012-06-29 02:59:26','18','ivan.doroshenko','roman.pikalov');
INSERT INTO `glpi_logs` VALUES ('2663','PluginGenericobjectMemory','18','','0','Vilkhivskiy Dmitry','2012-06-29 02:59:42','22','ivan.doroshenko','roman.pikalov');
INSERT INTO `glpi_logs` VALUES ('2664','PluginGenericobjectMemory','19','','0','Vilkhivskiy Dmitry','2012-06-29 02:59:46','22','ivan.doroshenko','roman.pikalov');
INSERT INTO `glpi_logs` VALUES ('2665','PluginGenericobjectMemory','20','','0','Vilkhivskiy Dmitry','2012-06-29 02:59:50','22','ivan.doroshenko','roman.pikalov');
INSERT INTO `glpi_logs` VALUES ('2666','PluginGenericobjectMemory','21','','0','Vilkhivskiy Dmitry','2012-06-29 02:59:55','22','ivan.doroshenko','roman.pikalov');
INSERT INTO `glpi_logs` VALUES ('2667','PluginGenericobjectProcessor','9','','0','Vilkhivskiy Dmitry','2012-06-29 03:00:31','21','ivan.doroshenko','roman.pikalov');
INSERT INTO `glpi_logs` VALUES ('2668','PluginGenericobjectHdd','5','','0','Vilkhivskiy Dmitry','2012-06-29 03:00:52','18','ivan.doroshenko','roman.pikalov');
INSERT INTO `glpi_logs` VALUES ('2669','PluginGenericobjectPower','4','','0','Vilkhivskiy Dmitry','2012-06-29 03:01:43','18','ivan.doroshenko','roman.pikalov');
INSERT INTO `glpi_logs` VALUES ('2670','PluginGenericobjectOperationsystem','9','','0','Vilkhivskiy Dmitry','2012-06-29 03:01:51','16','ivan.doroshenko','roman.pikalov');
INSERT INTO `glpi_logs` VALUES ('2671','PluginGenericobjectVideocard','6','','0','Vilkhivskiy Dmitry','2012-06-29 03:02:07','16','ivan.doroshenko','roman.pikalov');
INSERT INTO `glpi_logs` VALUES ('2672','PluginGenericobjectMotherboard','76','','0','Vilkhivskiy Dmitry','2012-06-29 03:02:35','1','1GIGABYTE','GIGABYTE');
INSERT INTO `glpi_logs` VALUES ('2673','PluginGenericobjectMemory','162','','0','Vilkhivskiy Dmitry','2012-06-29 03:02:52','1','1KINGSTON','KINGSTON');
INSERT INTO `glpi_logs` VALUES ('2674','PluginGenericobjectMemory','163','','0','Vilkhivskiy Dmitry','2012-06-29 03:03:01','1','1KINGSTON','KINGSTON');
INSERT INTO `glpi_logs` VALUES ('2675','PluginGenericobjectProcessor','58','','0','Vilkhivskiy Dmitry','2012-06-29 03:03:07','1','1INTEL','INTEL');
INSERT INTO `glpi_logs` VALUES ('2676','PluginGenericobjectHdd','67','','0','Vilkhivskiy Dmitry','2012-06-29 03:03:14','1','1KINGSTON','KINGSTON');
INSERT INTO `glpi_logs` VALUES ('2677','PluginGenericobjectPower','63','','0','Vilkhivskiy Dmitry','2012-06-29 03:03:23','1','1Cooler Master','Cooler Master');
INSERT INTO `glpi_logs` VALUES ('2678','PluginGenericobjectOperationsystem','37','','0','Vilkhivskiy Dmitry','2012-06-29 03:03:30','1','1Microsoft Windows','Microsoft Windows');

### Dump table glpi_mailcollectors

DROP TABLE IF EXISTS `glpi_mailcollectors`;
CREATE TABLE `glpi_mailcollectors` (
  `id` int(11) NOT NULL AUTO_INCREMENT,
  `name` varchar(255) COLLATE utf8_unicode_ci DEFAULT NULL,
  `host` varchar(255) COLLATE utf8_unicode_ci DEFAULT NULL,
  `login` varchar(255) COLLATE utf8_unicode_ci DEFAULT NULL,
  `filesize_max` int(11) NOT NULL DEFAULT '2097152',
  `is_active` tinyint(1) NOT NULL DEFAULT '1',
  `date_mod` datetime DEFAULT NULL,
  `comment` text COLLATE utf8_unicode_ci,
  `passwd` varchar(255) COLLATE utf8_unicode_ci DEFAULT NULL,
  PRIMARY KEY (`id`),
  KEY `is_active` (`is_active`),
  KEY `date_mod` (`date_mod`)
) ENGINE=MyISAM DEFAULT CHARSET=utf8 COLLATE=utf8_unicode_ci;


### Dump table glpi_manufacturers

DROP TABLE IF EXISTS `glpi_manufacturers`;
CREATE TABLE `glpi_manufacturers` (
  `id` int(11) NOT NULL AUTO_INCREMENT,
  `name` varchar(255) COLLATE utf8_unicode_ci DEFAULT NULL,
  `comment` text COLLATE utf8_unicode_ci,
  PRIMARY KEY (`id`),
  KEY `name` (`name`)
) ENGINE=MyISAM  DEFAULT CHARSET=utf8 COLLATE=utf8_unicode_ci;

INSERT INTO `glpi_manufacturers` VALUES ('1','LG','');
INSERT INTO `glpi_manufacturers` VALUES ('2','SAMSUNG','');
INSERT INTO `glpi_manufacturers` VALUES ('3','PHILIPS','');
INSERT INTO `glpi_manufacturers` VALUES ('4','INTEL','');
INSERT INTO `glpi_manufacturers` VALUES ('5','AMD','');
INSERT INTO `glpi_manufacturers` VALUES ('6','Asus','');
INSERT INTO `glpi_manufacturers` VALUES ('7','KINGSTON','');
INSERT INTO `glpi_manufacturers` VALUES ('8','Microsoft','');
INSERT INTO `glpi_manufacturers` VALUES ('9','Gigabyte','');
INSERT INTO `glpi_manufacturers` VALUES ('10','Hitachi','');
INSERT INTO `glpi_manufacturers` VALUES ('11','NVIDIA','');
INSERT INTO `glpi_manufacturers` VALUES ('12','Apple','');
INSERT INTO `glpi_manufacturers` VALUES ('13','HYNIX','');
INSERT INTO `glpi_manufacturers` VALUES ('14','SEAGATE','');
INSERT INTO `glpi_manufacturers` VALUES ('15','Western Digital','');
INSERT INTO `glpi_manufacturers` VALUES ('16','OPTIQUEST','');
INSERT INTO `glpi_manufacturers` VALUES ('17','TRANSCEND','');
INSERT INTO `glpi_manufacturers` VALUES ('18','ASROCK','');
INSERT INTO `glpi_manufacturers` VALUES ('19','Foxconn','');
INSERT INTO `glpi_manufacturers` VALUES ('20','D-Link','');
INSERT INTO `glpi_manufacturers` VALUES ('21','BENQ','');

### Dump table glpi_monitormodels

DROP TABLE IF EXISTS `glpi_monitormodels`;
CREATE TABLE `glpi_monitormodels` (
  `id` int(11) NOT NULL AUTO_INCREMENT,
  `name` varchar(255) COLLATE utf8_unicode_ci DEFAULT NULL,
  `comment` text COLLATE utf8_unicode_ci,
  PRIMARY KEY (`id`),
  KEY `name` (`name`)
) ENGINE=MyISAM  DEFAULT CHARSET=utf8 COLLATE=utf8_unicode_ci;

INSERT INTO `glpi_monitormodels` VALUES ('1','L1730P','');
INSERT INTO `glpi_monitormodels` VALUES ('2','923NW','');
INSERT INTO `glpi_monitormodels` VALUES ('3','943N','');
INSERT INTO `glpi_monitormodels` VALUES ('4','W2346T','');
INSERT INTO `glpi_monitormodels` VALUES ('5','W2346S','');
INSERT INTO `glpi_monitormodels` VALUES ('6','943','');
INSERT INTO `glpi_monitormodels` VALUES ('7','W2346','');
INSERT INTO `glpi_monitormodels` VALUES ('8','190S','');
INSERT INTO `glpi_monitormodels` VALUES ('9','241SL','');
INSERT INTO `glpi_monitormodels` VALUES ('10','E2320','');
INSERT INTO `glpi_monitormodels` VALUES ('11','710N','');
INSERT INTO `glpi_monitormodels` VALUES ('12','940N','');
INSERT INTO `glpi_monitormodels` VALUES ('13','971P','');
INSERT INTO `glpi_monitormodels` VALUES ('14','Q9','');
INSERT INTO `glpi_monitormodels` VALUES ('15','246ELH','');
INSERT INTO `glpi_monitormodels` VALUES ('16','2494','');
INSERT INTO `glpi_monitormodels` VALUES ('17','E2411','');
INSERT INTO `glpi_monitormodels` VALUES ('18','VW195D','');
INSERT INTO `glpi_monitormodels` VALUES ('19','2033','');
INSERT INTO `glpi_monitormodels` VALUES ('20','FP91G+','');

### Dump table glpi_monitors

DROP TABLE IF EXISTS `glpi_monitors`;
CREATE TABLE `glpi_monitors` (
  `id` int(11) NOT NULL AUTO_INCREMENT,
  `entities_id` int(11) NOT NULL DEFAULT '0',
  `name` varchar(255) COLLATE utf8_unicode_ci DEFAULT NULL,
  `date_mod` datetime DEFAULT NULL,
  `contact` varchar(255) COLLATE utf8_unicode_ci DEFAULT NULL,
  `contact_num` varchar(255) COLLATE utf8_unicode_ci DEFAULT NULL,
  `users_id_tech` int(11) NOT NULL DEFAULT '0',
  `groups_id_tech` int(11) NOT NULL DEFAULT '0',
  `comment` text COLLATE utf8_unicode_ci,
  `serial` varchar(255) COLLATE utf8_unicode_ci DEFAULT NULL,
  `otherserial` varchar(255) COLLATE utf8_unicode_ci DEFAULT NULL,
  `size` int(11) NOT NULL DEFAULT '0',
  `have_micro` tinyint(1) NOT NULL DEFAULT '0',
  `have_speaker` tinyint(1) NOT NULL DEFAULT '0',
  `have_subd` tinyint(1) NOT NULL DEFAULT '0',
  `have_bnc` tinyint(1) NOT NULL DEFAULT '0',
  `have_dvi` tinyint(1) NOT NULL DEFAULT '0',
  `have_pivot` tinyint(1) NOT NULL DEFAULT '0',
  `have_hdmi` tinyint(1) NOT NULL DEFAULT '0',
  `have_displayport` tinyint(1) NOT NULL DEFAULT '0',
  `locations_id` int(11) NOT NULL DEFAULT '0',
  `monitortypes_id` int(11) NOT NULL DEFAULT '0',
  `monitormodels_id` int(11) NOT NULL DEFAULT '0',
  `manufacturers_id` int(11) NOT NULL DEFAULT '0',
  `is_global` tinyint(1) NOT NULL DEFAULT '0',
  `is_deleted` tinyint(1) NOT NULL DEFAULT '0',
  `is_template` tinyint(1) NOT NULL DEFAULT '0',
  `template_name` varchar(255) COLLATE utf8_unicode_ci DEFAULT NULL,
  `notepad` longtext COLLATE utf8_unicode_ci,
  `users_id` int(11) NOT NULL DEFAULT '0',
  `groups_id` int(11) NOT NULL DEFAULT '0',
  `states_id` int(11) NOT NULL DEFAULT '0',
  `ticket_tco` decimal(20,4) DEFAULT '0.0000',
  PRIMARY KEY (`id`),
  KEY `name` (`name`),
  KEY `is_template` (`is_template`),
  KEY `is_global` (`is_global`),
  KEY `entities_id` (`entities_id`),
  KEY `manufacturers_id` (`manufacturers_id`),
  KEY `groups_id` (`groups_id`),
  KEY `users_id` (`users_id`),
  KEY `locations_id` (`locations_id`),
  KEY `monitormodels_id` (`monitormodels_id`),
  KEY `states_id` (`states_id`),
  KEY `users_id_tech` (`users_id_tech`),
  KEY `monitortypes_id` (`monitortypes_id`),
  KEY `is_deleted` (`is_deleted`),
  KEY `groups_id_tech` (`groups_id_tech`)
) ENGINE=MyISAM  DEFAULT CHARSET=utf8 COLLATE=utf8_unicode_ci;

INSERT INTO `glpi_monitors` VALUES ('1','0','LG','2012-06-27 05:29:35','','','9','3','','','','17','0','0','0','0','0','0','0','0','1','0','1','1','0','0','0',NULL,NULL,'60','1','0','0.0000');
INSERT INTO `glpi_monitors` VALUES ('2','0','SAMSUNG','2012-06-27 05:44:24','','','9','3','','HA19H9FS204859T','','19','0','0','0','0','0','0','0','0','1','0','2','2','0','0','0',NULL,NULL,'73','3','0','0.0000');
INSERT INTO `glpi_monitors` VALUES ('3','0','SAMSUNG','2012-06-27 06:04:30','','','9','3','','MY19HCZ12655','','19','0','0','0','0','0','0','0','0','1','0','3','2','0','0','0',NULL,NULL,'62','3','0','0.0000');
INSERT INTO `glpi_monitors` VALUES ('4','0','LG','2012-06-27 06:13:06','','','9','3','','004MAWL6H633','','23','0','0','0','0','0','0','0','0','1','0','4','1','0','0','0',NULL,NULL,'62','3','0','0.0000');
INSERT INTO `glpi_monitors` VALUES ('5','0','LG','2012-06-27 05:35:17','','','9','3','','912NDQAF7396','','23','0','0','0','0','0','0','0','0','1','0','5','1','0','0','0',NULL,NULL,'22','3','0','0.0000');
INSERT INTO `glpi_monitors` VALUES ('6','0','SAMSUNG','2012-06-27 06:04:42','','','9','3','','LS19MYAKBBA/EN','','19','0','0','0','0','0','0','0','0','1','0','6','2','0','0','0',NULL,NULL,'22','3','0','0.0000');
INSERT INTO `glpi_monitors` VALUES ('7','0','LG','2012-06-27 05:39:13','','','9','3','','005MANJ61727','','23','0','0','0','0','0','0','0','0','1','0','4','1','0','0','0',NULL,NULL,'22','3','0','0.0000');
INSERT INTO `glpi_monitors` VALUES ('8','0','LG','2012-06-27 05:30:38','','','9','3','','011NDMT2T331','','23','0','0','0','0','0','0','0','0','1','0','7','1','0','0','0',NULL,NULL,'45','3','0','0.0000');
INSERT INTO `glpi_monitors` VALUES ('9','0','PHILIPS','2012-06-27 05:40:17','','','9','3','','BZ3A0647331165','','19','0','0','0','0','0','0','0','0','1','0','8','3','0','0','0',NULL,NULL,'45','3','0','0.0000');
INSERT INTO `glpi_monitors` VALUES ('10','0','PHILIPS','2012-06-27 05:40:45','','','9','3','','DL1A1146451941','','24','0','0','0','0','0','0','0','0','2','0','9','3','0','0','0',NULL,NULL,'68','3','0','0.0000');
INSERT INTO `glpi_monitors` VALUES ('11','0','SAMSUNG','2012-06-27 06:04:54','','','9','1','','HA19H9NP162119A','','19','0','0','0','0','0','0','0','0','2','0','3','2','0','0','0',NULL,NULL,'68','1','0','0.0000');
INSERT INTO `glpi_monitors` VALUES ('12','0','SAMSUNG','2012-06-27 06:16:08','','','9','1','','MY19HMDQ500479N','','19','0','0','0','0','0','0','0','0','2','0','3','2','0','0','0',NULL,NULL,'70','1','0','0.0000');
INSERT INTO `glpi_monitors` VALUES ('13','0','SAMSUNG','2012-06-27 06:15:33','','','9','3','','CL23H9XZ600611E','','23','0','0','0','0','0','0','0','0','5','0','10','2','0','0','0',NULL,NULL,'47','3','0','0.0000');
INSERT INTO `glpi_monitors` VALUES ('14','0','SAMSUNG','2012-06-27 06:16:08','','','9','3','','MY19H9FSD21697N','','19','0','0','0','0','0','0','0','0','2','0','6','2','0','0','0',NULL,NULL,'69','3','0','0.0000');
INSERT INTO `glpi_monitors` VALUES ('15','0','LG','2012-06-27 06:13:06','','','9','3','','912WDJXF7412','','23','0','0','0','0','0','0','0','0','2','0','5','1','0','0','0',NULL,NULL,'73','3','0','0.0000');
INSERT INTO `glpi_monitors` VALUES ('16','0','LG','2012-06-27 06:13:06','','','9','3','','005MAPN61832','','23','0','0','0','0','0','0','0','0','2','0','4','1','0','0','0',NULL,NULL,'70','3','0','0.0000');
INSERT INTO `glpi_monitors` VALUES ('17','0','SAMSUNG','2012-06-27 06:18:58','','','9','3','','MS17HMEXC08008M','','17','0','0','0','0','0','0','0','0','1','0','11','2','0','0','0',NULL,NULL,'9','1','0','0.0000');
INSERT INTO `glpi_monitors` VALUES ('18','0','SAMSUNG','2012-06-27 06:16:08','','','9','3','','HA19H9NLCO3269D','','19','0','0','0','0','0','0','0','0','3','0','12','2','0','0','0',NULL,NULL,'17','3','0','0.0000');
INSERT INTO `glpi_monitors` VALUES ('19','0','SAMSUNG','2012-06-27 06:16:56','','','9','3','','DL1A1146451898','','24','0','0','0','0','0','0','0','0','3','0','9','2','0','0','0',NULL,NULL,'17','3','0','0.0000');
INSERT INTO `glpi_monitors` VALUES ('20','0','SAMSUNG','2012-06-27 06:17:48','','','9','3','','MB19HVNQ901485K','','19','0','0','0','0','0','0','0','0','3','0','13','2','0','0','0',NULL,NULL,'43','3','0','0.0000');
INSERT INTO `glpi_monitors` VALUES ('21','0','LG','2012-06-27 06:13:06','','','9','3','','102NDLS19648','','23','0','0','0','0','0','0','0','0','3','0','7','1','0','0','0',NULL,NULL,'43','3','0','0.0000');
INSERT INTO `glpi_monitors` VALUES ('22','0','SAMSUNG','2012-06-27 06:18:27','','','9','3','','HA19H9FS2031902','','19','0','0','0','0','0','0','0','0','3','0','2','2','0','0','0',NULL,NULL,'24','3','0','0.0000');
INSERT INTO `glpi_monitors` VALUES ('23','0','SAMSUNG','2012-06-27 06:16:08','','','9','3','','HA19H9NP4473854','','19','0','0','0','0','0','0','0','0','3','0','12','2','0','0','0',NULL,NULL,'39','2','0','0.0000');
INSERT INTO `glpi_monitors` VALUES ('24','0','LG','2012-06-27 06:13:06','','','9','3','','011NDTC2T329','','23','0','0','0','0','0','0','0','0','3','0','7','1','0','0','0',NULL,NULL,'39','3','0','0.0000');
INSERT INTO `glpi_monitors` VALUES ('25','0','PHILIPS','2012-06-27 06:16:56','','','9','3','','DL1A1146461937','','24','0','0','0','0','0','0','0','0','4','0','9','3','0','0','0',NULL,NULL,'50','3','0','0.0000');
INSERT INTO `glpi_monitors` VALUES ('26','0','LG','2012-06-27 06:13:06','','','9','3','','001NDNV26559','','23','0','0','0','0','0','0','0','0','4','0','5','1','0','0','0',NULL,NULL,'54','3','0','0.0000');
INSERT INTO `glpi_monitors` VALUES ('27','0','LG','2012-06-27 06:13:06','','','9','3','','004MAXS6H634','','23','0','0','0','0','0','0','0','0','4','0','4','1','0','0','0',NULL,NULL,'25','3','0','0.0000');
INSERT INTO `glpi_monitors` VALUES ('28','0','LG','2012-06-27 06:13:06','','','9','3','','011NDEZ2T332','','23','0','0','0','0','0','0','0','0','4','0','7','1','0','0','0',NULL,NULL,'25','3','0','0.0000');
INSERT INTO `glpi_monitors` VALUES ('29','0','SAMSUNG','2012-06-27 06:16:08','','','9','3','','MY19HMCSA07397P','','19','0','0','0','0','0','0','0','0','4','0','6','2','0','0','0',NULL,NULL,'28','3','0','0.0000');
INSERT INTO `glpi_monitors` VALUES ('30','0','SAMSUNG','2012-06-27 06:16:08','','','9','1','','MY19HMDQ500517Z','','19','0','0','0','0','0','0','0','0','4','0','3','2','0','0','0',NULL,NULL,'28','1','0','0.0000');
INSERT INTO `glpi_monitors` VALUES ('31','0','LG','2012-06-27 06:13:06','','','9','3','','912NDXQF7410','','23','0','0','0','0','0','0','0','0','4','0','5','1','0','0','0',NULL,NULL,'64','3','0','0.0000');
INSERT INTO `glpi_monitors` VALUES ('32','0','SAMSUNG','2012-06-27 06:16:08','','','9','3','','MY19HMBSA38550R','','19','0','0','0','0','0','0','0','0','4','0','6','2','0','0','0',NULL,NULL,'64','3','0','0.0000');
INSERT INTO `glpi_monitors` VALUES ('33','0','SAMSUNG','2012-06-27 06:16:08','','','9','1','','HA19HS4P41104OC','','19','0','0','0','0','0','0','0','0','5','0','12','2','0','0','0',NULL,NULL,'47','1','0','0.0000');
INSERT INTO `glpi_monitors` VALUES ('34','0','LG','2012-06-27 05:31:40','','','9','3','','102NDAY19632','','23','0','0','0','0','0','0','0','0','1','0','7','1','0','0','0',NULL,NULL,'60','3','0','0.0000');
INSERT INTO `glpi_monitors` VALUES ('35','0','LG','2012-06-27 06:13:06','','','9','3','','912NDQAF7396','','23','0','0','0','0','0','0','0','0','5','0','5','1','0','0','0',NULL,NULL,'12','3','0','0.0000');
INSERT INTO `glpi_monitors` VALUES ('36','0','LG','2012-06-27 06:13:06','','','9','0','','102NDEZ1T092','','23','0','0','0','0','0','0','0','0','5','0','7','1','0','0','0',NULL,NULL,'58','3','0','0.0000');
INSERT INTO `glpi_monitors` VALUES ('37','0','LG','2012-06-27 06:13:06','','','9','3','','011NDUN2T334','','23','0','0','0','0','0','0','0','0','5','0','7','1','0','0','0',NULL,NULL,'16','3','0','0.0000');
INSERT INTO `glpi_monitors` VALUES ('38','0','OPTIQUEST','2012-06-27 06:15:33','','','9','3','','QD8062905963','','23','0','0','0','0','0','0','0','0','5','0','14','16','0','0','0',NULL,NULL,'16','3','0','0.0000');
INSERT INTO `glpi_monitors` VALUES ('39','0','PHILIPS','2012-06-27 06:16:56','','','9','3','','DL1A1146451986','','24','0','0','0','0','0','0','0','0','5','0','9','3','0','0','0',NULL,NULL,'37','3','0','0.0000');
INSERT INTO `glpi_monitors` VALUES ('40','0','SAMSUNG','2012-06-27 06:16:08','','','9','3','','HA19HMBP412261Y','','19','0','0','0','0','0','0','0','0','5','0','12','2','0','0','0',NULL,NULL,'37','3','0','0.0000');
INSERT INTO `glpi_monitors` VALUES ('41','0','PHILIPS','2012-06-27 06:20:35','','','9','3','','UF5A1135000783','','24','0','0','0','0','0','0','0','0','5','0','15','3','0','0','0',NULL,NULL,'6','3','0','0.0000');
INSERT INTO `glpi_monitors` VALUES ('42','0','SAMSUNG','2012-06-27 06:19:50','','','9','3','','K124H9XZ502027N','','24','0','0','0','0','0','0','0','0','6','0','16','2','0','0','0',NULL,NULL,'15','2','0','0.0000');
INSERT INTO `glpi_monitors` VALUES ('43','0','SAMSUNG','2012-06-27 06:16:08','','','9','3','','HA19H9NLC03278Z','','19','0','0','0','0','0','0','0','0','6','0','12','2','0','0','0',NULL,NULL,'21','2','0','0.0000');
INSERT INTO `glpi_monitors` VALUES ('44','0','SAMSUNG','2012-06-27 06:16:08','','','9','3','','MY19HMBQ401063L','','19','0','0','0','0','0','0','0','0','6','0','3','2','0','0','0',NULL,NULL,'36','2','0','0.0000');
INSERT INTO `glpi_monitors` VALUES ('45','0','LG','2012-06-27 06:13:06','','','9','3','','912NDBPF7389','','23','0','0','0','0','0','0','0','0','6','0','5','1','0','0','0',NULL,NULL,'38','2','0','0.0000');
INSERT INTO `glpi_monitors` VALUES ('46','0','PHILIPS','2012-06-27 06:16:56','','','9','3','','DL1A1146451925','','24','0','0','0','0','0','0','0','0','7','0','9','3','0','0','0',NULL,NULL,'31','2','0','0.0000');
INSERT INTO `glpi_monitors` VALUES ('47','0','SAMSUNG','2012-06-27 06:16:08','','','9','3','','MY19HMDQ500497B','','19','0','0','0','0','0','0','0','0','7','0','3','2','0','0','0',NULL,NULL,'33','1','0','0.0000');
INSERT INTO `glpi_monitors` VALUES ('48','0','SAMSUNG','2012-06-27 06:16:08','','','9','3','','MY19HMDQ500434W','','19','0','0','0','0','0','0','0','0','7','0','3','2','0','0','0',NULL,NULL,'33','1','0','0.0000');
INSERT INTO `glpi_monitors` VALUES ('49','0','SAMSUNG','2012-06-27 06:16:08','','','9','1','','HA19H9NL823183Y','','19','0','0','0','0','0','0','0','0','7','0','12','2','0','0','0',NULL,NULL,'48','2','0','0.0000');
INSERT INTO `glpi_monitors` VALUES ('50','0','SAMSUNG','2012-06-27 06:16:08','','','9','3','','HA19HMCL917339D','','19','0','0','0','0','0','0','0','0','7','0','12','2','0','0','0',NULL,NULL,'48','2','0','0.0000');
INSERT INTO `glpi_monitors` VALUES ('51','0','PHILIPS','2012-06-27 05:40:25','','','9','3','','DL1A1208793454','','24','0','0','0','0','0','0','0','0','2','0','9','3','0','0','0',NULL,NULL,'69','3','0','0.0000');
INSERT INTO `glpi_monitors` VALUES ('52','0','LG','2012-06-27 05:32:25','','','9','2','','103NDSK00582','','23','0','0','0','0','0','0','0','0','8','0','7','1','0','0','0',NULL,NULL,'53','2','0','0.0000');
INSERT INTO `glpi_monitors` VALUES ('53','0','LG','2012-06-27 05:32:38','','','9','2','','103NDVW00767','','23','0','0','0','0','0','0','0','0','8','0','7','1','0','0','0',NULL,NULL,'42','2','0','0.0000');
INSERT INTO `glpi_monitors` VALUES ('54','0','LG','2012-06-27 05:29:51','','','0','2','','109NDTCOV873','','24','0','0','0','0','0','0','0','0','8','0','17','1','0','0','0',NULL,NULL,'34','2','0','0.0000');
INSERT INTO `glpi_monitors` VALUES ('55','0','LG','2012-06-27 05:30:01','','','9','2','','109NDFV0V859','','24','0','0','0','0','0','0','0','0','8','0','17','1','0','0','0',NULL,NULL,'34','2','0','0.0000');
INSERT INTO `glpi_monitors` VALUES ('56','0','LG','2012-06-27 05:30:29','','','9','2','','109NDBPOV861','','24','0','0','0','0','0','0','0','0','8','0','17','1','0','0','0',NULL,NULL,'19','2','0','0.0000');
INSERT INTO `glpi_monitors` VALUES ('57','0','LG','2012-06-27 05:38:18','','','9','2','','912NDLSFT736','','23','0','0','0','0','0','0','0','0','8','0','5','1','0','0','0',NULL,NULL,'19','2','0','0.0000');
INSERT INTO `glpi_monitors` VALUES ('58','0','SAMSUNG','2012-06-27 06:00:41','','','0','0','','HA19HMBPY12285K','','19','0','0','0','0','0','0','0','0','8','0','12','2','0','0','0',NULL,NULL,'23','2','0','0.0000');
INSERT INTO `glpi_monitors` VALUES ('59','0','SAMSUNG','2012-06-27 06:00:49','','','9','2','','HA19HMBP412153R','','19','0','0','0','0','0','0','0','0','8','0','12','2','0','0','0',NULL,NULL,'23','2','0','0.0000');
INSERT INTO `glpi_monitors` VALUES ('60','0','SAMSUNG','2012-06-27 06:00:57','','','9','2','','HA19HMBP412171Y','','19','0','0','0','0','0','0','0','0','9','0','12','2','0','0','0',NULL,NULL,'56','2','0','0.0000');
INSERT INTO `glpi_monitors` VALUES ('61','0','SAMSUNG','2012-06-27 06:01:08','','','9','2','','HA19HMBP4122874','','19','0','0','0','0','0','0','0','0','9','0','12','2','0','0','0',NULL,NULL,'66','2','0','0.0000');
INSERT INTO `glpi_monitors` VALUES ('62','0','SAMSUNG','2012-06-27 06:06:00','','','9','3','','MY19HMFSB07679K','','19','0','0','0','0','0','0','0','0','9','0','3','2','0','0','0',NULL,NULL,'52','2','0','0.0000');
INSERT INTO `glpi_monitors` VALUES ('63','0','SAMSUNG','2012-06-27 06:01:17','','','9','2','','HA19HMBP412281V','','19','0','0','0','0','0','0','0','0','9','0','12','2','0','0','0',NULL,NULL,'20','2','0','0.0000');
INSERT INTO `glpi_monitors` VALUES ('64','0','SAMSUNG','2012-06-27 06:01:26','','','9','2','','HA19HMDLA27864E','','19','0','0','0','0','0','0','0','0','9','0','12','2','0','0','0',NULL,NULL,'20','2','0','0.0000');
INSERT INTO `glpi_monitors` VALUES ('65','0','SAMSUNG','2012-06-27 06:03:53','','','9','2','','MY19HMCSA06910X','','19','0','0','0','0','0','0','0','0','9','0','6','2','0','0','0',NULL,NULL,'27','2','0','0.0000');
INSERT INTO `glpi_monitors` VALUES ('66','0','LG','2012-06-27 06:08:56','','','9','2','','102NDYG1T466','','23','0','0','0','0','0','0','0','0','10','0','7','1','0','0','0',NULL,NULL,'32','2','0','0.0000');
INSERT INTO `glpi_monitors` VALUES ('67','0','LG','2012-06-27 05:32:58','','','9','2','','102NDLS1T472','','23','0','0','0','0','0','0','0','0','10','0','7','1','0','0','0',NULL,NULL,'46','2','0','0.0000');
INSERT INTO `glpi_monitors` VALUES ('68','0','SAMSUNG','2012-06-27 06:08:16','','','9','2','','HA19HMCP459361P','','19','0','0','0','0','0','0','0','0','10','0','12','2','0','0','0',NULL,NULL,'26','2','0','0.0000');
INSERT INTO `glpi_monitors` VALUES ('69','0','SAMSUNG','2012-06-27 06:08:01','','','9','0','','HA19H9NLC020492Z','','19','0','0','0','0','0','0','0','0','10','0','12','2','0','0','0',NULL,NULL,'26','2','0','0.0000');
INSERT INTO `glpi_monitors` VALUES ('70','0','LG','2012-06-27 06:08:43','','','9','0','','102NDHB1T321','','23','0','0','0','0','0','0','0','0','10','0','7','1','0','0','0',NULL,NULL,'57','2','0','0.0000');
INSERT INTO `glpi_monitors` VALUES ('71','0','SAMSUNG','2012-06-27 06:07:41','','','9','0','','MY19HMDQ853255Z','','19','0','0','0','0','0','0','0','0','10','0','2','2','0','0','0',NULL,NULL,'29','2','0','0.0000');
INSERT INTO `glpi_monitors` VALUES ('72','0','PHILIPS','2012-06-27 06:16:56','','','9','2','','DL1A1146451867','0000','24','0','0','0','0','0','0','0','0','11','0','9','3','0','0','0',NULL,NULL,'30','2','0','0.0000');
INSERT INTO `glpi_monitors` VALUES ('73','0','SAMSUNG','2012-06-27 06:01:54','','','0','2','','HA19HMDLA2781H','','19','0','0','0','0','0','0','0','0','10','0','12','2','0','0','0',NULL,NULL,'74','2','0','0.0000');
INSERT INTO `glpi_monitors` VALUES ('74','0','LG','2012-06-27 05:33:15','','','0','0','','101NDHB45417','','23','0','0','0','0','0','0','0','0','11','0','7','1','0','0','0',NULL,NULL,'40','2','0','0.0000');
INSERT INTO `glpi_monitors` VALUES ('75','0','SAMSUNG','2012-06-27 06:07:20','','','0','0','','BN68-01102A-00 HL','','19','0','0','0','0','0','0','0','0','11','0','6','2','0','0','0',NULL,NULL,'75','2','0','0.0000');
INSERT INTO `glpi_monitors` VALUES ('76','0','PHILIPS241SL','2012-06-19 03:37:50','','','0','0','','DL1A1146451867','','24','0','0','0','0','0','0','0','0','11','0','9','0','0','1','0',NULL,NULL,'30','2','0','0.0000');
INSERT INTO `glpi_monitors` VALUES ('77','0',' ASUS','2012-06-27 06:09:27','','','0','2','','84LMQS025786','','20','0','0','0','0','0','0','0','0','11','0','18','6','0','0','0',NULL,NULL,'18','2','0','0.0000');
INSERT INTO `glpi_monitors` VALUES ('78','0','SAMSUNG','2012-06-27 05:43:07','','','9','0','','CM20HMDS801449P','','20','0','0','0','0','0','0','0','0','11','0','19','2','0','0','0',NULL,NULL,'41','2','0','0.0000');
INSERT INTO `glpi_monitors` VALUES ('79','0','SAMSUNG','2012-06-27 06:04:10','','','0','0','','MY19hmfsb07679k','','19','0','0','0','0','0','0','0','0','11','0','6','2','0','0','0',NULL,NULL,'76','2','0','0.0000');
INSERT INTO `glpi_monitors` VALUES ('80','0','LG','2012-06-27 05:38:44','','','0','0','','102ndnu1s631','','23','0','0','0','0','0','0','0','0','11','0','7','1','0','0','0',NULL,NULL,'44','2','0','0.0000');
INSERT INTO `glpi_monitors` VALUES ('81','0','LG','2012-06-27 05:35:01','','','9','2','','103NDBP00765','','23','0','0','0','0','0','0','0','0','11','0','7','1','0','0','0',NULL,NULL,'61','2','0','0.0000');
INSERT INTO `glpi_monitors` VALUES ('82','0','SAMSUNG','2012-06-27 06:02:02','','','0','0','','ha19h9nlc11661n','','19','0','0','0','0','0','0','0','0','14','0','12','2','0','0','0',NULL,NULL,'49','2','0','0.0000');
INSERT INTO `glpi_monitors` VALUES ('83','0','SAMSUNG','2012-06-27 06:02:10','','','0','0','','ha19hs4p420068b','','19','0','0','0','0','0','0','0','0','14','0','12','2','0','0','0',NULL,NULL,'49','2','0','0.0000');
INSERT INTO `glpi_monitors` VALUES ('84','0','LG','2012-06-27 05:35:09','','','0','0','','102ndvw1t247','','23','0','0','0','0','0','0','0','0','11','0','7','2','0','0','0',NULL,NULL,'55','2','0','0.0000');
INSERT INTO `glpi_monitors` VALUES ('85','0','PHILIPS','2012-06-27 05:42:35','','','9','0','','dl1a1146451980','','24','0','0','0','0','0','0','0','0','14','0','9','3','0','0','0',NULL,NULL,'51','2','0','0.0000');
INSERT INTO `glpi_monitors` VALUES ('86','0','LG','2012-06-27 05:38:27','','','0','2','','912ndezf7596','','23','0','0','0','0','0','0','0','0','14','0','5','1','0','0','0',NULL,NULL,'13','2','0','0.0000');
INSERT INTO `glpi_monitors` VALUES ('87','0','SAMSUNG','2012-06-27 06:02:19','','','0','2','','ha19hmgla00446t','','19','0','0','0','0','0','0','0','0','14','0','12','2','0','0','0',NULL,NULL,'10','2','0','0.0000');
INSERT INTO `glpi_monitors` VALUES ('88','0','SAMSUNG','2012-06-27 06:02:29','','','0','2','','ha19h9np447398h','','19','0','0','0','0','0','0','0','0','14','0','12','2','0','0','0',NULL,NULL,'10','2','0','0.0000');
INSERT INTO `glpi_monitors` VALUES ('89','0','LG','2012-06-27 05:38:36','','','0','2','','912ndtcft737','','23','0','0','0','0','0','0','0','0','14','0','5','1','0','0','0',NULL,NULL,'63','2','0','0.0000');
INSERT INTO `glpi_monitors` VALUES ('90','0','PHILIPS','2012-06-27 05:42:45','','','0','0','','dl1a1146451981','','24','0','0','0','0','0','0','0','0','13','0','9','3','0','0','0',NULL,NULL,'11','2','0','0.0000');
INSERT INTO `glpi_monitors` VALUES ('91','0','SAMSUNG','2012-06-27 05:43:55','','','8','0','','K12YH9XZ501930H','','24','0','0','0','0','0','0','0','0','12','0','16','2','0','0','0',NULL,NULL,'65','2','0','0.0000');
INSERT INTO `glpi_monitors` VALUES ('92','0','SAMSUNG','2012-06-27 06:04:19','','','9','2','','my19h9fs815866x','','20','0','0','0','0','0','0','0','0','13','0','6','2','0','0','0',NULL,NULL,'77','2','0','0.0000');
INSERT INTO `glpi_monitors` VALUES ('93','0','BENQ','2012-06-21 03:53:36','','','9','2','','ET49611439SLO','','19','0','0','0','0','0','0','0','0','13','0','20','21','0','0','0',NULL,NULL,'9','2','0','0.0000');
INSERT INTO `glpi_monitors` VALUES ('94','0','SAMSUNG','2012-06-27 06:02:45','','','8','2','','HA19HMCP63406E','','19','0','0','0','0','0','0','0','0','13','0','12','2','0','0','0',NULL,NULL,'8','1','0','0.0000');
INSERT INTO `glpi_monitors` VALUES ('95','0','SAMSUNG','2012-06-27 06:03:04','','','0','2','','HA19HMBP41L294V','','19','0','0','0','0','0','0','0','0','13','0','12','2','0','0','0',NULL,NULL,'8','2','0','0.0000');

### Dump table glpi_monitortypes

DROP TABLE IF EXISTS `glpi_monitortypes`;
CREATE TABLE `glpi_monitortypes` (
  `id` int(11) NOT NULL AUTO_INCREMENT,
  `name` varchar(255) COLLATE utf8_unicode_ci DEFAULT NULL,
  `comment` text COLLATE utf8_unicode_ci,
  PRIMARY KEY (`id`),
  KEY `name` (`name`)
) ENGINE=MyISAM DEFAULT CHARSET=utf8 COLLATE=utf8_unicode_ci;


### Dump table glpi_netpoints

DROP TABLE IF EXISTS `glpi_netpoints`;
CREATE TABLE `glpi_netpoints` (
  `id` int(11) NOT NULL AUTO_INCREMENT,
  `entities_id` int(11) NOT NULL DEFAULT '0',
  `locations_id` int(11) NOT NULL DEFAULT '0',
  `name` varchar(255) COLLATE utf8_unicode_ci DEFAULT NULL,
  `comment` text COLLATE utf8_unicode_ci,
  PRIMARY KEY (`id`),
  KEY `name` (`name`),
  KEY `complete` (`entities_id`,`locations_id`,`name`),
  KEY `location_name` (`locations_id`,`name`)
) ENGINE=MyISAM DEFAULT CHARSET=utf8 COLLATE=utf8_unicode_ci;


### Dump table glpi_networkequipmentfirmwares

DROP TABLE IF EXISTS `glpi_networkequipmentfirmwares`;
CREATE TABLE `glpi_networkequipmentfirmwares` (
  `id` int(11) NOT NULL AUTO_INCREMENT,
  `name` varchar(255) COLLATE utf8_unicode_ci DEFAULT NULL,
  `comment` text COLLATE utf8_unicode_ci,
  PRIMARY KEY (`id`),
  KEY `name` (`name`)
) ENGINE=MyISAM DEFAULT CHARSET=utf8 COLLATE=utf8_unicode_ci;


### Dump table glpi_networkequipmentmodels

DROP TABLE IF EXISTS `glpi_networkequipmentmodels`;
CREATE TABLE `glpi_networkequipmentmodels` (
  `id` int(11) NOT NULL AUTO_INCREMENT,
  `name` varchar(255) COLLATE utf8_unicode_ci DEFAULT NULL,
  `comment` text COLLATE utf8_unicode_ci,
  PRIMARY KEY (`id`),
  KEY `name` (`name`)
) ENGINE=MyISAM  DEFAULT CHARSET=utf8 COLLATE=utf8_unicode_ci;

INSERT INTO `glpi_networkequipmentmodels` VALUES ('1','DES3200','');
INSERT INTO `glpi_networkequipmentmodels` VALUES ('2','GREEN','');
INSERT INTO `glpi_networkequipmentmodels` VALUES ('3','WI-FI DWL-2100AP','');

### Dump table glpi_networkequipments

DROP TABLE IF EXISTS `glpi_networkequipments`;
CREATE TABLE `glpi_networkequipments` (
  `id` int(11) NOT NULL AUTO_INCREMENT,
  `entities_id` int(11) NOT NULL DEFAULT '0',
  `is_recursive` tinyint(1) NOT NULL DEFAULT '0',
  `name` varchar(255) COLLATE utf8_unicode_ci DEFAULT NULL,
  `ram` varchar(255) COLLATE utf8_unicode_ci DEFAULT NULL,
  `serial` varchar(255) COLLATE utf8_unicode_ci DEFAULT NULL,
  `otherserial` varchar(255) COLLATE utf8_unicode_ci DEFAULT NULL,
  `contact` varchar(255) COLLATE utf8_unicode_ci DEFAULT NULL,
  `contact_num` varchar(255) COLLATE utf8_unicode_ci DEFAULT NULL,
  `users_id_tech` int(11) NOT NULL DEFAULT '0',
  `groups_id_tech` int(11) NOT NULL DEFAULT '0',
  `date_mod` datetime DEFAULT NULL,
  `comment` text COLLATE utf8_unicode_ci,
  `locations_id` int(11) NOT NULL DEFAULT '0',
  `domains_id` int(11) NOT NULL DEFAULT '0',
  `networks_id` int(11) NOT NULL DEFAULT '0',
  `networkequipmenttypes_id` int(11) NOT NULL DEFAULT '0',
  `networkequipmentmodels_id` int(11) NOT NULL DEFAULT '0',
  `networkequipmentfirmwares_id` int(11) NOT NULL DEFAULT '0',
  `manufacturers_id` int(11) NOT NULL DEFAULT '0',
  `is_deleted` tinyint(1) NOT NULL DEFAULT '0',
  `is_template` tinyint(1) NOT NULL DEFAULT '0',
  `template_name` varchar(255) COLLATE utf8_unicode_ci DEFAULT NULL,
  `mac` varchar(255) COLLATE utf8_unicode_ci DEFAULT NULL,
  `ip` varchar(255) COLLATE utf8_unicode_ci DEFAULT NULL,
  `notepad` longtext COLLATE utf8_unicode_ci,
  `users_id` int(11) NOT NULL DEFAULT '0',
  `groups_id` int(11) NOT NULL DEFAULT '0',
  `states_id` int(11) NOT NULL DEFAULT '0',
  `ticket_tco` decimal(20,4) DEFAULT '0.0000',
  PRIMARY KEY (`id`),
  KEY `name` (`name`),
  KEY `is_template` (`is_template`),
  KEY `domains_id` (`domains_id`),
  KEY `networkequipmentfirmwares_id` (`networkequipmentfirmwares_id`),
  KEY `entities_id` (`entities_id`),
  KEY `manufacturers_id` (`manufacturers_id`),
  KEY `groups_id` (`groups_id`),
  KEY `users_id` (`users_id`),
  KEY `locations_id` (`locations_id`),
  KEY `networkequipmentmodels_id` (`networkequipmentmodels_id`),
  KEY `networks_id` (`networks_id`),
  KEY `states_id` (`states_id`),
  KEY `users_id_tech` (`users_id_tech`),
  KEY `networkequipmenttypes_id` (`networkequipmenttypes_id`),
  KEY `is_deleted` (`is_deleted`),
  KEY `date_mod` (`date_mod`),
  KEY `groups_id_tech` (`groups_id_tech`)
) ENGINE=MyISAM  DEFAULT CHARSET=utf8 COLLATE=utf8_unicode_ci;

INSERT INTO `glpi_networkequipments` VALUES ('1','0','0','SW0001','','','','','','9','3','2012-05-17 04:21:43','','1','0','0','0','1','0','20','0','0',NULL,'','',NULL,'0','3','0','0.0000');
INSERT INTO `glpi_networkequipments` VALUES ('2','0','0','SW0002','','','','','','9','0','2012-05-17 04:23:17','','1','0','0','0','2','0','20','0','0',NULL,'','',NULL,'0','0','0','0.0000');
INSERT INTO `glpi_networkequipments` VALUES ('3','0','0','SW0004','','','','','','9','3','2012-05-17 04:24:16','','1','0','0','0','3','0','20','0','0',NULL,'','',NULL,'0','3','0','0.0000');

### Dump table glpi_networkequipmenttypes

DROP TABLE IF EXISTS `glpi_networkequipmenttypes`;
CREATE TABLE `glpi_networkequipmenttypes` (
  `id` int(11) NOT NULL AUTO_INCREMENT,
  `name` varchar(255) COLLATE utf8_unicode_ci DEFAULT NULL,
  `comment` text COLLATE utf8_unicode_ci,
  PRIMARY KEY (`id`),
  KEY `name` (`name`)
) ENGINE=MyISAM  DEFAULT CHARSET=utf8 COLLATE=utf8_unicode_ci;

INSERT INTO `glpi_networkequipmenttypes` VALUES ('1','SWITCH','');
INSERT INTO `glpi_networkequipmenttypes` VALUES ('2','ROUTER','');

### Dump table glpi_networkinterfaces

DROP TABLE IF EXISTS `glpi_networkinterfaces`;
CREATE TABLE `glpi_networkinterfaces` (
  `id` int(11) NOT NULL AUTO_INCREMENT,
  `name` varchar(255) COLLATE utf8_unicode_ci DEFAULT NULL,
  `comment` text COLLATE utf8_unicode_ci,
  PRIMARY KEY (`id`),
  KEY `name` (`name`)
) ENGINE=MyISAM DEFAULT CHARSET=utf8 COLLATE=utf8_unicode_ci;


### Dump table glpi_networkports

DROP TABLE IF EXISTS `glpi_networkports`;
CREATE TABLE `glpi_networkports` (
  `id` int(11) NOT NULL AUTO_INCREMENT,
  `items_id` int(11) NOT NULL DEFAULT '0',
  `itemtype` varchar(100) COLLATE utf8_unicode_ci NOT NULL,
  `entities_id` int(11) NOT NULL DEFAULT '0',
  `is_recursive` tinyint(1) NOT NULL DEFAULT '0',
  `logical_number` int(11) NOT NULL DEFAULT '0',
  `name` varchar(255) COLLATE utf8_unicode_ci DEFAULT NULL,
  `ip` varchar(255) COLLATE utf8_unicode_ci DEFAULT NULL,
  `mac` varchar(255) COLLATE utf8_unicode_ci DEFAULT NULL,
  `networkinterfaces_id` int(11) NOT NULL DEFAULT '0',
  `netpoints_id` int(11) NOT NULL DEFAULT '0',
  `netmask` varchar(255) COLLATE utf8_unicode_ci DEFAULT NULL,
  `gateway` varchar(255) COLLATE utf8_unicode_ci DEFAULT NULL,
  `subnet` varchar(255) COLLATE utf8_unicode_ci DEFAULT NULL,
  `comment` text COLLATE utf8_unicode_ci,
  PRIMARY KEY (`id`),
  KEY `on_device` (`items_id`,`itemtype`),
  KEY `networkinterfaces_id` (`networkinterfaces_id`),
  KEY `netpoints_id` (`netpoints_id`),
  KEY `item` (`itemtype`,`items_id`),
  KEY `entities_id` (`entities_id`),
  KEY `is_recursive` (`is_recursive`)
) ENGINE=MyISAM  DEFAULT CHARSET=utf8 COLLATE=utf8_unicode_ci;

INSERT INTO `glpi_networkports` VALUES ('1','2','Computer','0','0','0','','192.168.0.70','50-E5-49-21-31-50','0','0','','','','');
INSERT INTO `glpi_networkports` VALUES ('2','1','Computer','0','0','0','','192.168.0.64','','0','0','','','','');
INSERT INTO `glpi_networkports` VALUES ('3','3','Computer','0','0','0','','192.168.0.51','1C-6F-65-3E-05-DA','0','0','','','','');
INSERT INTO `glpi_networkports` VALUES ('4','4','Computer','0','0','0','','192.168.0.67','20-CF-30-0E-8D-16','0','0','','','','');
INSERT INTO `glpi_networkports` VALUES ('6','5','Computer','0','0','0','','192.168.0.134','50-E5-49-CA-76-27','0','0','','','','');
INSERT INTO `glpi_networkports` VALUES ('7','6','Computer','0','0','0','','192.168.0.139 ','50-E5-49-22-68-33','0','0','','','','');
INSERT INTO `glpi_networkports` VALUES ('8','7','Computer','0','0','0','','192.168.0.133','50-E5-49-21-30-26','0','0','','','','');
INSERT INTO `glpi_networkports` VALUES ('9','8','Computer','0','0','0','','192.168.0.135','00-23-54-08-F2-24','0','0','','','','');
INSERT INTO `glpi_networkports` VALUES ('10','9','Computer','0','0','0','','192.168.0.55','50-E5-49-CA-78-D0','0','0','','','','');
INSERT INTO `glpi_networkports` VALUES ('11','10','Computer','0','0','0','','192.168.0.58','50-E5-49-D3-FD-86','0','0','','','','');
INSERT INTO `glpi_networkports` VALUES ('12','11','Computer','0','0','0','','192.168.0.68','70-71-BC-88-87-27','0','0','','','','');
INSERT INTO `glpi_networkports` VALUES ('13','12','Computer','0','0','0','','192.168.0.47','E0-CB-4E-B5-2C-C7','0','0','','','','');
INSERT INTO `glpi_networkports` VALUES ('14','13','Computer','0','0','0','','192.168.0.46','00-1A-92-92-CB-97','0','0','','','','');
INSERT INTO `glpi_networkports` VALUES ('15','14','Computer','0','0','0','','192.168.0.137','00-1D-60-8D-93-2E','0','0','','','','');
INSERT INTO `glpi_networkports` VALUES ('16','15','Computer','0','0','0','','192.168.0.33','1C-6F-65-DF-E6-69','0','0','','','','');
INSERT INTO `glpi_networkports` VALUES ('17','16','Computer','0','0','0','','192.168.0.57','00-1D-60-90-EA-A4','0','0','','','','');
INSERT INTO `glpi_networkports` VALUES ('18','17','Computer','0','0','0','','192.168.0.48','E0-CB-4E-B5-2C-D3','0','0','','','','');
INSERT INTO `glpi_networkports` VALUES ('19','18','Computer','0','0','0','','192.168.0.150','50-E5-49-57-7F-FA','0','0','','','','');
INSERT INTO `glpi_networkports` VALUES ('20','19','Computer','0','0','0','','192.168.0.42','00-1C-C0-79-F1-F0','0','0','','','','');
INSERT INTO `glpi_networkports` VALUES ('21','20','Computer','0','0','0','','192.168.0.69','00-1A-92-32-DE-D6','0','0','','','','');
INSERT INTO `glpi_networkports` VALUES ('22','21','Computer','0','0','0','','192.168.0.61','00-25-22-13-5D-39','0','0','','','','');
INSERT INTO `glpi_networkports` VALUES ('23','22','Computer','0','0','0','','192.168.0.50','50-E5-49-3E-85-7D','0','0','','','','');
INSERT INTO `glpi_networkports` VALUES ('24','26','Computer','0','0','0','','192.168.0.22','00-15-58-51-4E-F9','0','0','','','','');
INSERT INTO `glpi_networkports` VALUES ('25','27','Computer','0','0','0','','192.168.0.36','00:13:8F:E4:0B:4F','0','0','','','','');
INSERT INTO `glpi_networkports` VALUES ('26','28','Computer','0','0','0','','192.168.0.232','50:E5:49:21:39:0D','0','0','','','','');

### Dump table glpi_networkports_networkports

DROP TABLE IF EXISTS `glpi_networkports_networkports`;
CREATE TABLE `glpi_networkports_networkports` (
  `id` int(11) NOT NULL AUTO_INCREMENT,
  `networkports_id_1` int(11) NOT NULL DEFAULT '0',
  `networkports_id_2` int(11) NOT NULL DEFAULT '0',
  PRIMARY KEY (`id`),
  UNIQUE KEY `unicity` (`networkports_id_1`,`networkports_id_2`),
  KEY `networkports_id_2` (`networkports_id_2`)
) ENGINE=MyISAM DEFAULT CHARSET=utf8 COLLATE=utf8_unicode_ci;


### Dump table glpi_networkports_vlans

DROP TABLE IF EXISTS `glpi_networkports_vlans`;
CREATE TABLE `glpi_networkports_vlans` (
  `id` int(11) NOT NULL AUTO_INCREMENT,
  `networkports_id` int(11) NOT NULL DEFAULT '0',
  `vlans_id` int(11) NOT NULL DEFAULT '0',
  PRIMARY KEY (`id`),
  UNIQUE KEY `unicity` (`networkports_id`,`vlans_id`),
  KEY `vlans_id` (`vlans_id`)
) ENGINE=MyISAM DEFAULT CHARSET=utf8 COLLATE=utf8_unicode_ci;


### Dump table glpi_networks

DROP TABLE IF EXISTS `glpi_networks`;
CREATE TABLE `glpi_networks` (
  `id` int(11) NOT NULL AUTO_INCREMENT,
  `name` varchar(255) COLLATE utf8_unicode_ci DEFAULT NULL,
  `comment` text COLLATE utf8_unicode_ci,
  PRIMARY KEY (`id`),
  KEY `name` (`name`)
) ENGINE=MyISAM DEFAULT CHARSET=utf8 COLLATE=utf8_unicode_ci;


### Dump table glpi_notifications

DROP TABLE IF EXISTS `glpi_notifications`;
CREATE TABLE `glpi_notifications` (
  `id` int(11) NOT NULL AUTO_INCREMENT,
  `name` varchar(255) COLLATE utf8_unicode_ci DEFAULT NULL,
  `entities_id` int(11) NOT NULL DEFAULT '0',
  `itemtype` varchar(100) COLLATE utf8_unicode_ci NOT NULL,
  `event` varchar(255) COLLATE utf8_unicode_ci NOT NULL,
  `mode` varchar(255) COLLATE utf8_unicode_ci NOT NULL,
  `notificationtemplates_id` int(11) NOT NULL DEFAULT '0',
  `comment` text COLLATE utf8_unicode_ci,
  `is_recursive` tinyint(1) NOT NULL DEFAULT '0',
  `is_active` tinyint(1) NOT NULL DEFAULT '0',
  `date_mod` datetime DEFAULT NULL,
  PRIMARY KEY (`id`),
  KEY `name` (`name`),
  KEY `itemtype` (`itemtype`),
  KEY `entities_id` (`entities_id`),
  KEY `is_active` (`is_active`),
  KEY `date_mod` (`date_mod`),
  KEY `is_recursive` (`is_recursive`),
  KEY `notificationtemplates_id` (`notificationtemplates_id`)
) ENGINE=MyISAM  DEFAULT CHARSET=utf8 COLLATE=utf8_unicode_ci;

INSERT INTO `glpi_notifications` VALUES ('1','Alert Tickets not closed','0','Ticket','alertnotclosed','mail','6','','1','1','2010-02-16 16:41:39');
INSERT INTO `glpi_notifications` VALUES ('2','New Ticket','0','Ticket','new','mail','4','','1','1','2010-02-16 16:41:39');
INSERT INTO `glpi_notifications` VALUES ('3','Update Ticket','0','Ticket','update','mail','4','','1','1','2010-02-16 16:41:39');
INSERT INTO `glpi_notifications` VALUES ('4','Close Ticket','0','Ticket','closed','mail','4','','1','1','2010-02-16 16:41:39');
INSERT INTO `glpi_notifications` VALUES ('5','Add Followup','0','Ticket','add_followup','mail','4','','1','1','2010-02-16 16:41:39');
INSERT INTO `glpi_notifications` VALUES ('6','Add Task','0','Ticket','add_task','mail','4','','1','1','2010-02-16 16:41:39');
INSERT INTO `glpi_notifications` VALUES ('7','Update Followup','0','Ticket','update_followup','mail','4','','1','1','2010-02-16 16:41:39');
INSERT INTO `glpi_notifications` VALUES ('8','Update Task','0','Ticket','update_task','mail','4','','1','1','2010-02-16 16:41:39');
INSERT INTO `glpi_notifications` VALUES ('9','Delete Followup','0','Ticket','delete_followup','mail','4','','1','1','2010-02-16 16:41:39');
INSERT INTO `glpi_notifications` VALUES ('10','Delete Task','0','Ticket','delete_task','mail','4','','1','1','2010-02-16 16:41:39');
INSERT INTO `glpi_notifications` VALUES ('11','Resolve ticket','0','Ticket','solved','mail','4','','1','1','2010-02-16 16:41:39');
INSERT INTO `glpi_notifications` VALUES ('12','Ticket Validation','0','Ticket','validation','mail','7','','1','1','2010-02-16 16:41:39');
INSERT INTO `glpi_notifications` VALUES ('13','New Reservation','0','Reservation','new','mail','2','','1','1','2010-02-16 16:41:39');
INSERT INTO `glpi_notifications` VALUES ('14','Update Reservation','0','Reservation','update','mail','2','','1','1','2010-02-16 16:41:39');
INSERT INTO `glpi_notifications` VALUES ('15','Delete Reservation','0','Reservation','delete','mail','2','','1','1','2010-02-16 16:41:39');
INSERT INTO `glpi_notifications` VALUES ('16','Alert Reservation','0','Reservation','alert','mail','3','','1','1','2010-02-16 16:41:39');
INSERT INTO `glpi_notifications` VALUES ('17','Contract Notice','0','Contract','notice','mail','12','','1','1','2010-02-16 16:41:39');
INSERT INTO `glpi_notifications` VALUES ('18','Contract End','0','Contract','end','mail','12','','1','1','2010-02-16 16:41:39');
INSERT INTO `glpi_notifications` VALUES ('19','MySQL Synchronization','0','DBConnection','desynchronization','mail','1','','1','1','2010-02-16 16:41:39');
INSERT INTO `glpi_notifications` VALUES ('20','Cartridges','0','Cartridge','alert','mail','8','','1','1','2010-02-16 16:41:39');
INSERT INTO `glpi_notifications` VALUES ('21','Consumables','0','Consumable','alert','mail','9','','1','1','2010-02-16 16:41:39');
INSERT INTO `glpi_notifications` VALUES ('22','Infocoms','0','Infocom','alert','mail','10','','1','1','2010-02-16 16:41:39');
INSERT INTO `glpi_notifications` VALUES ('23','Software Licenses','0','SoftwareLicense','alert','mail','11','','1','1','2010-02-16 16:41:39');
INSERT INTO `glpi_notifications` VALUES ('24','Ticket Recall','0','Ticket','recall','mail','4','','1','1','2011-03-04 11:35:13');
INSERT INTO `glpi_notifications` VALUES ('25','Password Forget','0','User','passwordforget','mail','13','','1','1','2011-03-04 11:35:13');
INSERT INTO `glpi_notifications` VALUES ('26','Ticket Satisfaction','0','Ticket','satisfaction','mail','14','','1','1','2011-03-04 11:35:15');
INSERT INTO `glpi_notifications` VALUES ('27','Item not unique','0','FieldUnicity','refuse','mail','15','','1','1','2011-03-04 11:35:16');
INSERT INTO `glpi_notifications` VALUES ('28','Crontask Watcher','0','Crontask','alert','mail','16','','1','1','2011-03-04 11:35:16');
INSERT INTO `glpi_notifications` VALUES ('29','New Problem','0','Problem','new','mail','17','','1','1','2011-12-06 09:48:33');
INSERT INTO `glpi_notifications` VALUES ('30','Update Problem','0','Problem','update','mail','17','','1','1','2011-12-06 09:48:33');
INSERT INTO `glpi_notifications` VALUES ('31','Resolve Problem','0','Problem','solved','mail','17','','1','1','2011-12-06 09:48:33');
INSERT INTO `glpi_notifications` VALUES ('32','Add Task','0','Problem','add_task','mail','17','','1','1','2011-12-06 09:48:33');
INSERT INTO `glpi_notifications` VALUES ('33','Update Task','0','Problem','update_task','mail','17','','1','1','2011-12-06 09:48:33');
INSERT INTO `glpi_notifications` VALUES ('34','Delete Task','0','Problem','delete_task','mail','17','','1','1','2011-12-06 09:48:33');
INSERT INTO `glpi_notifications` VALUES ('35','Close Problem','0','Problem','closed','mail','17','','1','1','2011-12-06 09:48:33');
INSERT INTO `glpi_notifications` VALUES ('36','Delete Problem','0','Problem','delete','mail','17','','1','1','2011-12-06 09:48:33');

### Dump table glpi_notificationtargets

DROP TABLE IF EXISTS `glpi_notificationtargets`;
CREATE TABLE `glpi_notificationtargets` (
  `id` int(11) NOT NULL AUTO_INCREMENT,
  `items_id` int(11) NOT NULL DEFAULT '0',
  `type` int(11) NOT NULL DEFAULT '0',
  `notifications_id` int(11) NOT NULL DEFAULT '0',
  PRIMARY KEY (`id`),
  KEY `items` (`type`,`items_id`),
  KEY `notifications_id` (`notifications_id`)
) ENGINE=MyISAM  DEFAULT CHARSET=utf8 COLLATE=utf8_unicode_ci;

INSERT INTO `glpi_notificationtargets` VALUES ('1','3','1','13');
INSERT INTO `glpi_notificationtargets` VALUES ('2','1','1','13');
INSERT INTO `glpi_notificationtargets` VALUES ('3','3','2','2');
INSERT INTO `glpi_notificationtargets` VALUES ('4','1','1','2');
INSERT INTO `glpi_notificationtargets` VALUES ('5','1','1','3');
INSERT INTO `glpi_notificationtargets` VALUES ('6','1','1','5');
INSERT INTO `glpi_notificationtargets` VALUES ('7','1','1','4');
INSERT INTO `glpi_notificationtargets` VALUES ('8','2','1','3');
INSERT INTO `glpi_notificationtargets` VALUES ('9','4','1','3');
INSERT INTO `glpi_notificationtargets` VALUES ('10','3','1','2');
INSERT INTO `glpi_notificationtargets` VALUES ('11','3','1','3');
INSERT INTO `glpi_notificationtargets` VALUES ('12','3','1','5');
INSERT INTO `glpi_notificationtargets` VALUES ('13','3','1','4');
INSERT INTO `glpi_notificationtargets` VALUES ('14','1','1','19');
INSERT INTO `glpi_notificationtargets` VALUES ('15','14','1','12');
INSERT INTO `glpi_notificationtargets` VALUES ('16','3','1','14');
INSERT INTO `glpi_notificationtargets` VALUES ('17','1','1','14');
INSERT INTO `glpi_notificationtargets` VALUES ('18','3','1','15');
INSERT INTO `glpi_notificationtargets` VALUES ('19','1','1','15');
INSERT INTO `glpi_notificationtargets` VALUES ('20','1','1','6');
INSERT INTO `glpi_notificationtargets` VALUES ('21','3','1','6');
INSERT INTO `glpi_notificationtargets` VALUES ('22','1','1','7');
INSERT INTO `glpi_notificationtargets` VALUES ('23','3','1','7');
INSERT INTO `glpi_notificationtargets` VALUES ('24','1','1','8');
INSERT INTO `glpi_notificationtargets` VALUES ('25','3','1','8');
INSERT INTO `glpi_notificationtargets` VALUES ('26','1','1','9');
INSERT INTO `glpi_notificationtargets` VALUES ('27','3','1','9');
INSERT INTO `glpi_notificationtargets` VALUES ('28','1','1','10');
INSERT INTO `glpi_notificationtargets` VALUES ('29','3','1','10');
INSERT INTO `glpi_notificationtargets` VALUES ('30','1','1','11');
INSERT INTO `glpi_notificationtargets` VALUES ('31','3','1','11');
INSERT INTO `glpi_notificationtargets` VALUES ('32','19','1','25');
INSERT INTO `glpi_notificationtargets` VALUES ('33','3','1','26');
INSERT INTO `glpi_notificationtargets` VALUES ('34','21','1','2');
INSERT INTO `glpi_notificationtargets` VALUES ('35','21','1','3');
INSERT INTO `glpi_notificationtargets` VALUES ('36','21','1','5');
INSERT INTO `glpi_notificationtargets` VALUES ('37','21','1','4');
INSERT INTO `glpi_notificationtargets` VALUES ('38','21','1','6');
INSERT INTO `glpi_notificationtargets` VALUES ('39','21','1','7');
INSERT INTO `glpi_notificationtargets` VALUES ('40','21','1','8');
INSERT INTO `glpi_notificationtargets` VALUES ('41','21','1','9');
INSERT INTO `glpi_notificationtargets` VALUES ('42','21','1','10');
INSERT INTO `glpi_notificationtargets` VALUES ('43','21','1','11');
INSERT INTO `glpi_notificationtargets` VALUES ('44','21','1','26');
INSERT INTO `glpi_notificationtargets` VALUES ('45','19','1','27');
INSERT INTO `glpi_notificationtargets` VALUES ('46','1','1','28');
INSERT INTO `glpi_notificationtargets` VALUES ('47','3','1','29');
INSERT INTO `glpi_notificationtargets` VALUES ('48','1','1','29');
INSERT INTO `glpi_notificationtargets` VALUES ('49','21','1','29');
INSERT INTO `glpi_notificationtargets` VALUES ('50','2','1','30');
INSERT INTO `glpi_notificationtargets` VALUES ('51','4','1','30');
INSERT INTO `glpi_notificationtargets` VALUES ('52','3','1','30');
INSERT INTO `glpi_notificationtargets` VALUES ('53','1','1','30');
INSERT INTO `glpi_notificationtargets` VALUES ('54','21','1','30');
INSERT INTO `glpi_notificationtargets` VALUES ('55','3','1','31');
INSERT INTO `glpi_notificationtargets` VALUES ('56','1','1','31');
INSERT INTO `glpi_notificationtargets` VALUES ('57','21','1','31');
INSERT INTO `glpi_notificationtargets` VALUES ('58','3','1','32');
INSERT INTO `glpi_notificationtargets` VALUES ('59','1','1','32');
INSERT INTO `glpi_notificationtargets` VALUES ('60','21','1','32');
INSERT INTO `glpi_notificationtargets` VALUES ('61','3','1','33');
INSERT INTO `glpi_notificationtargets` VALUES ('62','1','1','33');
INSERT INTO `glpi_notificationtargets` VALUES ('63','21','1','33');
INSERT INTO `glpi_notificationtargets` VALUES ('64','3','1','34');
INSERT INTO `glpi_notificationtargets` VALUES ('65','1','1','34');
INSERT INTO `glpi_notificationtargets` VALUES ('66','21','1','34');
INSERT INTO `glpi_notificationtargets` VALUES ('67','3','1','35');
INSERT INTO `glpi_notificationtargets` VALUES ('68','1','1','35');
INSERT INTO `glpi_notificationtargets` VALUES ('69','21','1','35');
INSERT INTO `glpi_notificationtargets` VALUES ('70','3','1','36');
INSERT INTO `glpi_notificationtargets` VALUES ('71','1','1','36');
INSERT INTO `glpi_notificationtargets` VALUES ('72','21','1','36');

### Dump table glpi_notificationtemplates

DROP TABLE IF EXISTS `glpi_notificationtemplates`;
CREATE TABLE `glpi_notificationtemplates` (
  `id` int(11) NOT NULL AUTO_INCREMENT,
  `name` varchar(255) COLLATE utf8_unicode_ci DEFAULT NULL,
  `itemtype` varchar(100) COLLATE utf8_unicode_ci NOT NULL,
  `date_mod` datetime DEFAULT NULL,
  `comment` text COLLATE utf8_unicode_ci,
  `css` text COLLATE utf8_unicode_ci,
  PRIMARY KEY (`id`),
  KEY `itemtype` (`itemtype`),
  KEY `date_mod` (`date_mod`),
  KEY `name` (`name`)
) ENGINE=MyISAM  DEFAULT CHARSET=utf8 COLLATE=utf8_unicode_ci;

INSERT INTO `glpi_notificationtemplates` VALUES ('1','MySQL Synchronization','DBConnection','2010-02-01 15:51:46','',NULL);
INSERT INTO `glpi_notificationtemplates` VALUES ('2','Reservations','Reservation','2010-02-03 14:03:45','',NULL);
INSERT INTO `glpi_notificationtemplates` VALUES ('3','Alert Reservation','Reservation','2010-02-03 14:03:45','',NULL);
INSERT INTO `glpi_notificationtemplates` VALUES ('4','Tickets','Ticket','2010-02-07 21:39:15','',NULL);
INSERT INTO `glpi_notificationtemplates` VALUES ('5','Tickets (Simple)','Ticket','2010-02-07 21:39:15','',NULL);
INSERT INTO `glpi_notificationtemplates` VALUES ('6','Alert Tickets not closed','Ticket','2010-02-07 21:39:15','',NULL);
INSERT INTO `glpi_notificationtemplates` VALUES ('7','Tickets Validation','Ticket','2010-02-26 21:39:15','',NULL);
INSERT INTO `glpi_notificationtemplates` VALUES ('8','Cartridges','Cartridge','2010-02-16 13:17:24','',NULL);
INSERT INTO `glpi_notificationtemplates` VALUES ('9','Consumables','Consumable','2010-02-16 13:17:38','',NULL);
INSERT INTO `glpi_notificationtemplates` VALUES ('10','Infocoms','Infocom','2010-02-16 13:17:55','',NULL);
INSERT INTO `glpi_notificationtemplates` VALUES ('11','Licenses','SoftwareLicense','2010-02-16 13:18:12','',NULL);
INSERT INTO `glpi_notificationtemplates` VALUES ('12','Contracts','Contract','2010-02-16 13:18:12','',NULL);
INSERT INTO `glpi_notificationtemplates` VALUES ('13','Password Forget','User','2011-03-04 11:35:13',NULL,NULL);
INSERT INTO `glpi_notificationtemplates` VALUES ('14','Ticket Satisfaction','Ticket','2011-03-04 11:35:15',NULL,NULL);
INSERT INTO `glpi_notificationtemplates` VALUES ('15','Item not unique','FieldUnicity','2011-03-04 11:35:16',NULL,NULL);
INSERT INTO `glpi_notificationtemplates` VALUES ('16','Crontask','Crontask','2011-03-04 11:35:16',NULL,NULL);
INSERT INTO `glpi_notificationtemplates` VALUES ('17','Problems','Problem','2011-12-06 09:48:33',NULL,NULL);

### Dump table glpi_notificationtemplatetranslations

DROP TABLE IF EXISTS `glpi_notificationtemplatetranslations`;
CREATE TABLE `glpi_notificationtemplatetranslations` (
  `id` int(11) NOT NULL AUTO_INCREMENT,
  `notificationtemplates_id` int(11) NOT NULL DEFAULT '0',
  `language` char(5) COLLATE utf8_unicode_ci NOT NULL DEFAULT '',
  `subject` varchar(255) COLLATE utf8_unicode_ci NOT NULL,
  `content_text` text COLLATE utf8_unicode_ci,
  `content_html` text COLLATE utf8_unicode_ci,
  PRIMARY KEY (`id`),
  KEY `notificationtemplates_id` (`notificationtemplates_id`)
) ENGINE=MyISAM  DEFAULT CHARSET=utf8 COLLATE=utf8_unicode_ci;

INSERT INTO `glpi_notificationtemplatetranslations` VALUES ('1','1','','##lang.dbconnection.title##','##lang.dbconnection.delay## : ##dbconnection.delay##
','&lt;p&gt;##lang.dbconnection.delay## : ##dbconnection.delay##&lt;/p&gt;');
INSERT INTO `glpi_notificationtemplatetranslations` VALUES ('2','2','','##reservation.action##','======================================================================
##lang.reservation.user##: ##reservation.user##
##lang.reservation.item.name##: ##reservation.itemtype## - ##reservation.item.name##
##IFreservation.tech## ##lang.reservation.tech## ##reservation.tech## ##ENDIFreservation.tech##
##lang.reservation.begin##: ##reservation.begin##
##lang.reservation.end##: ##reservation.end##
##lang.reservation.comment##: ##reservation.comment##
======================================================================
','&lt;!-- description{ color: inherit; background: #ebebeb;border-style: solid;border-color: #8d8d8d; border-width: 0px 1px 1px 0px; } --&gt;
&lt;p&gt;&lt;span style=\"color: #8b8c8f; font-weight: bold; text-decoration: underline;\"&gt;##lang.reservation.user##:&lt;/span&gt;##reservation.user##&lt;br /&gt; &lt;span style=\"color: #8b8c8f; font-weight: bold; text-decoration: underline;\"&gt;##lang.reservation.item.name##:&lt;/span&gt;##reservation.itemtype## - ##reservation.item.name##&lt;br /&gt;##IFreservation.tech## ##lang.reservation.tech## ##reservation.tech####ENDIFreservation.tech##&lt;br /&gt; &lt;span style=\"color: #8b8c8f; font-weight: bold; text-decoration: underline;\"&gt;##lang.reservation.begin##:&lt;/span&gt; ##reservation.begin##&lt;br /&gt; &lt;span style=\"color: #8b8c8f; font-weight: bold; text-decoration: underline;\"&gt;##lang.reservation.end##:&lt;/span&gt;##reservation.end##&lt;br /&gt; &lt;span style=\"color: #8b8c8f; font-weight: bold; text-decoration: underline;\"&gt;##lang.reservation.comment##:&lt;/span&gt; ##reservation.comment##&lt;/p&gt;');
INSERT INTO `glpi_notificationtemplatetranslations` VALUES ('3','3','','##reservation.action##  ##reservation.entity##','##lang.reservation.entity## : ##reservation.entity## 

 
##FOREACHreservations## 
##lang.reservation.itemtype## : ##reservation.itemtype##

 ##lang.reservation.item## : ##reservation.item##
 
 ##reservation.url## 

 ##ENDFOREACHreservations##','&lt;p&gt;##lang.reservation.entity## : ##reservation.entity## &lt;br /&gt; &lt;br /&gt;
##FOREACHreservations## &lt;br /&gt;##lang.reservation.itemtype## :  ##reservation.itemtype##&lt;br /&gt;
 ##lang.reservation.item## :  ##reservation.item##&lt;br /&gt; &lt;br /&gt;
 &lt;a href=\"##reservation.url##\"&gt; ##reservation.url##&lt;/a&gt;&lt;br /&gt;
 ##ENDFOREACHreservations##&lt;/p&gt;');
INSERT INTO `glpi_notificationtemplatetranslations` VALUES ('4','4','','##ticket.action## ##ticket.title##',' ##IFticket.storestatus=solved##
 ##lang.ticket.url## : ##ticket.urlapprove##
 ##lang.ticket.autoclosewarning##
 ##lang.ticket.solvedate## : ##ticket.solvedate##
 ##lang.ticket.solution.type## : ##ticket.solution.type##
 ##lang.ticket.solution.description## : ##ticket.solution.description## ##ENDIFticket.storestatus##
 ##ELSEticket.storestatus## ##lang.ticket.url## : ##ticket.url## ##ENDELSEticket.storestatus##

 ##lang.ticket.description##

 ##lang.ticket.title## : ##ticket.title##
 ##lang.ticket.authors## : ##IFticket.authors## ##ticket.authors## ##ENDIFticket.authors## ##ELSEticket.authors##--##ENDELSEticket.authors##
 ##lang.ticket.creationdate## : ##ticket.creationdate##
 ##lang.ticket.closedate## : ##ticket.closedate##
 ##lang.ticket.requesttype## : ##ticket.requesttype##
##IFticket.itemtype## ##lang.ticket.item.name## : ##ticket.itemtype## - ##ticket.item.name## ##IFticket.item.model## - ##ticket.item.model## ##ENDIFticket.item.model## ##IFticket.item.serial## - ##ticket.item.serial## ##ENDIFticket.item.serial##  ##IFticket.item.otherserial## -##ticket.item.otherserial## ##ENDIFticket.item.otherserial## ##ENDIFticket.itemtype##
##IFticket.assigntousers## ##lang.ticket.assigntousers## : ##ticket.assigntousers## ##ENDIFticket.assigntousers##
 ##lang.ticket.status## : ##ticket.status##
##IFticket.assigntogroups## ##lang.ticket.assigntogroups## : ##ticket.assigntogroups## ##ENDIFticket.assigntogroups##
 ##lang.ticket.urgency## : ##ticket.urgency##
 ##lang.ticket.impact## : ##ticket.impact##
 ##lang.ticket.priority## : ##ticket.priority##
##IFticket.user.email## ##lang.ticket.user.email## : ##ticket.user.email ##ENDIFticket.user.email##
##IFticket.category## ##lang.ticket.category## : ##ticket.category## ##ENDIFticket.category## ##ELSEticket.category## ##lang.ticket.nocategoryassigned## ##ENDELSEticket.category##
 ##lang.ticket.content## : ##ticket.content##
 ##IFticket.storestatus=closed##

 ##lang.ticket.solvedate## : ##ticket.solvedate##
 ##lang.ticket.solution.type## : ##ticket.solution.type##
 ##lang.ticket.solution.description## : ##ticket.solution.description##
 ##ENDIFticket.storestatus##
 ##lang.ticket.numberoffollowups## : ##ticket.numberoffollowups##

##FOREACHfollowups##

 [##followup.date##] ##lang.followup.isprivate## : ##followup.isprivate##
 ##lang.followup.author## ##followup.author##
 ##lang.followup.description## ##followup.description##
 ##lang.followup.date## ##followup.date##
 ##lang.followup.requesttype## ##followup.requesttype##

##ENDFOREACHfollowups##
 ##lang.ticket.numberoftasks## : ##ticket.numberoftasks##

##FOREACHtasks##

 [##task.date##] ##lang.task.isprivate## : ##task.isprivate##
 ##lang.task.author## ##task.author##
 ##lang.task.description## ##task.description##
 ##lang.task.time## ##task.time##
 ##lang.task.category## ##task.category##

##ENDFOREACHtasks##','<!-- description{ color: inherit; background: #ebebeb; border-style: solid;border-color: #8d8d8d; border-width: 0px 1px 1px 0px; }    -->
<div>##IFticket.storestatus=solved##</div>
<div>##lang.ticket.url## : <a href=\"##ticket.urlapprove##\">##ticket.urlapprove##</a> <strong>&#160;</strong></div>
<div><strong>##lang.ticket.autoclosewarning##</strong></div>
<div><span style=\"color: #888888;\"><strong><span style=\"text-decoration: underline;\">##lang.ticket.solvedate##</span></strong></span> : ##ticket.solvedate##<br /><span style=\"text-decoration: underline; color: #888888;\"><strong>##lang.ticket.solution.type##</strong></span> : ##ticket.solution.type##<br /><span style=\"text-decoration: underline; color: #888888;\"><strong>##lang.ticket.solution.description##</strong></span> : ##ticket.solution.description## ##ENDIFticket.storestatus##</div>
<div>##ELSEticket.storestatus## ##lang.ticket.url## : <a href=\"##ticket.url##\">##ticket.url##</a> ##ENDELSEticket.storestatus##</div>
<p class=\"description b\"><strong>##lang.ticket.description##</strong></p>
<p><span style=\"color: #8b8c8f; font-weight: bold; text-decoration: underline;\"> ##lang.ticket.title##</span>&#160;:##ticket.title## <br /> <span style=\"color: #8b8c8f; font-weight: bold; text-decoration: underline;\"> ##lang.ticket.authors##</span>&#160;:##IFticket.authors## ##ticket.authors## ##ENDIFticket.authors##    ##ELSEticket.authors##--##ENDELSEticket.authors## <br /> <span style=\"color: #8b8c8f; font-weight: bold; text-decoration: underline;\"> ##lang.ticket.creationdate##</span>&#160;:##ticket.creationdate## <br /> <span style=\"color: #8b8c8f; font-weight: bold; text-decoration: underline;\"> ##lang.ticket.closedate##</span>&#160;:##ticket.closedate## <br /> <span style=\"color: #8b8c8f; font-weight: bold; text-decoration: underline;\"> ##lang.ticket.requesttype##</span>&#160;:##ticket.requesttype##<br /> ##IFticket.itemtype## <span style=\"color: #8b8c8f; font-weight: bold; text-decoration: underline;\"> ##lang.ticket.item.name##</span>&#160;: ##ticket.itemtype## - ##ticket.item.name##    ##IFticket.item.model## - ##ticket.item.model##    ##ENDIFticket.item.model## ##IFticket.item.serial## -##ticket.item.serial## ##ENDIFticket.item.serial##&#160; ##IFticket.item.otherserial## -##ticket.item.otherserial##  ##ENDIFticket.item.otherserial## ##ENDIFticket.itemtype## <br /> ##IFticket.assigntousers## <span style=\"color: #8b8c8f; font-weight: bold; text-decoration: underline;\"> ##lang.ticket.assigntousers##</span>&#160;: ##ticket.assigntousers## ##ENDIFticket.assigntousers##<br /> <span style=\"color: #8b8c8f; font-weight: bold; text-decoration: underline;\">##lang.ticket.status## </span>&#160;: ##ticket.status##<br /> ##IFticket.assigntogroups## <span style=\"color: #8b8c8f; font-weight: bold; text-decoration: underline;\"> ##lang.ticket.assigntogroups##</span>&#160;: ##ticket.assigntogroups## ##ENDIFticket.assigntogroups##<br /> <span style=\"color: #8b8c8f; font-weight: bold; text-decoration: underline;\"> ##lang.ticket.urgency##</span>&#160;: ##ticket.urgency##<br /> <span style=\"color: #8b8c8f; font-weight: bold; text-decoration: underline;\"> ##lang.ticket.impact##</span>&#160;: ##ticket.impact##<br /> <span style=\"color: #8b8c8f; font-weight: bold; text-decoration: underline;\"> ##lang.ticket.priority##</span>&#160;: ##ticket.priority## <br /> ##IFticket.user.email##<span style=\"color: #8b8c8f; font-weight: bold; text-decoration: underline;\"> ##lang.ticket.user.email##</span>&#160;: ##ticket.user.email ##ENDIFticket.user.email##    <br /> ##IFticket.category##<span style=\"color: #8b8c8f; font-weight: bold; text-decoration: underline;\">##lang.ticket.category## </span>&#160;:##ticket.category## ##ENDIFticket.category## ##ELSEticket.category## ##lang.ticket.nocategoryassigned## ##ENDELSEticket.category##    <br /> <span style=\"color: #8b8c8f; font-weight: bold; text-decoration: underline;\"> ##lang.ticket.content##</span>&#160;: ##ticket.content##</p>
<br />##IFticket.storestatus=closed##<br /><span style=\"text-decoration: underline;\"><strong><span style=\"color: #888888;\">##lang.ticket.solvedate##</span></strong></span> : ##ticket.solvedate##<br /><span style=\"color: #888888;\"><strong><span style=\"text-decoration: underline;\">##lang.ticket.solution.type##</span></strong></span> : ##ticket.solution.type##<br /><span style=\"text-decoration: underline; color: #888888;\"><strong>##lang.ticket.solution.description##</strong></span> : ##ticket.solution.description##<br />##ENDIFticket.storestatus##</p>
<div class=\"description b\">##lang.ticket.numberoffollowups##&#160;: ##ticket.numberoffollowups##</div>
<p>##FOREACHfollowups##</p>
<div class=\"description b\"><br /> <strong> [##followup.date##] <em>##lang.followup.isprivate## : ##followup.isprivate## </em></strong><br /> <span style=\"color: #8b8c8f; font-weight: bold; text-decoration: underline;\"> ##lang.followup.author## </span> ##followup.author##<br /> <span style=\"color: #8b8c8f; font-weight: bold; text-decoration: underline;\"> ##lang.followup.description## </span> ##followup.description##<br /> <span style=\"color: #8b8c8f; font-weight: bold; text-decoration: underline;\"> ##lang.followup.date## </span> ##followup.date##<br /> <span style=\"color: #8b8c8f; font-weight: bold; text-decoration: underline;\"> ##lang.followup.requesttype## </span> ##followup.requesttype##</div>
<p>##ENDFOREACHfollowups##</p>
<div class=\"description b\">##lang.ticket.numberoftasks##&#160;: ##ticket.numberoftasks##</div>
<p>##FOREACHtasks##</p>
<div class=\"description b\"><br /> <strong> [##task.date##] <em>##lang.task.isprivate## : ##task.isprivate## </em></strong><br /> <span style=\"color: #8b8c8f; font-weight: bold; text-decoration: underline;\"> ##lang.task.author##</span> ##task.author##<br /> <span style=\"color: #8b8c8f; font-weight: bold; text-decoration: underline;\"> ##lang.task.description##</span> ##task.description##<br /> <span style=\"color: #8b8c8f; font-weight: bold; text-decoration: underline;\"> ##lang.task.time##</span> ##task.time##<br /> <span style=\"color: #8b8c8f; font-weight: bold; text-decoration: underline;\"> ##lang.task.category##</span> ##task.category##</div>
<p>##ENDFOREACHtasks##</p>');
INSERT INTO `glpi_notificationtemplatetranslations` VALUES ('5','12','','##contract.action##  ##contract.entity##','##lang.contract.entity## : ##contract.entity##

##FOREACHcontracts##
##lang.contract.name## : ##contract.name##
##lang.contract.number## : ##contract.number##
##lang.contract.time## : ##contract.time##
##IFcontract.type####lang.contract.type## : ##contract.type####ENDIFcontract.type##
##contract.url##
##ENDFOREACHcontracts##','&lt;p&gt;##lang.contract.entity## : ##contract.entity##&lt;br /&gt;
&lt;br /&gt;##FOREACHcontracts##&lt;br /&gt;##lang.contract.name## :
##contract.name##&lt;br /&gt;
##lang.contract.number## : ##contract.number##&lt;br /&gt;
##lang.contract.time## : ##contract.time##&lt;br /&gt;
##IFcontract.type####lang.contract.type## : ##contract.type##
##ENDIFcontract.type##&lt;br /&gt;
&lt;a href=\"##contract.url##\"&gt;
##contract.url##&lt;/a&gt;&lt;br /&gt;
##ENDFOREACHcontracts##&lt;/p&gt;');
INSERT INTO `glpi_notificationtemplatetranslations` VALUES ('6','5','','##ticket.action## ##ticket.title##','##lang.ticket.url## : ##ticket.url## 

##lang.ticket.description## 


##lang.ticket.title## &#160;:##ticket.title## 

##lang.ticket.authors## &#160;:##IFticket.authors##
##ticket.authors## ##ENDIFticket.authors##
##ELSEticket.authors##--##ENDELSEticket.authors## &#160; 

##IFticket.category## ##lang.ticket.category## &#160;:##ticket.category##
##ENDIFticket.category## ##ELSEticket.category##
##lang.ticket.nocategoryassigned## ##ENDELSEticket.category##

##lang.ticket.content## &#160;: ##ticket.content##
##IFticket.itemtype##
##lang.ticket.item.name## &#160;: ##ticket.itemtype## - ##ticket.item.name##
##ENDIFticket.itemtype##','&lt;div&gt;##lang.ticket.url## : &lt;a href=\"##ticket.url##\"&gt;
##ticket.url##&lt;/a&gt;&lt;/div&gt;
&lt;div class=\"description b\"&gt;
##lang.ticket.description##&lt;/div&gt;
&lt;p&gt;&lt;span
style=\"color: #8b8c8f; font-weight: bold; text-decoration: underline;\"&gt;
##lang.ticket.title##&lt;/span&gt;&#160;:##ticket.title##
&lt;br /&gt; &lt;span style=\"color: #8b8c8f; font-weight: bold; text-decoration: underline;\"&gt;
##lang.ticket.authors##&lt;/span&gt;
##IFticket.authors## ##ticket.authors##
##ENDIFticket.authors##
##ELSEticket.authors##--##ENDELSEticket.authors##
&lt;span style=\"color: #8b8c8f; font-weight: bold; text-decoration: underline;\"&gt;&#160
;&lt;/span&gt;&lt;br /&gt; &lt;span style=\"color: #8b8c8f; font-weight: bold; text-decoration: underline;\"&gt; &lt;/span&gt;
##IFticket.category##&lt;span style=\"color: #8b8c8f; font-weight: bold; text-decoration: underline;\"&gt;
##lang.ticket.category## &lt;/span&gt;&#160;:##ticket.category##
##ENDIFticket.category## ##ELSEticket.category##
##lang.ticket.nocategoryassigned## ##ENDELSEticket.category##
&lt;br /&gt; &lt;span style=\"color: #8b8c8f; font-weight: bold; text-decoration: underline;\"&gt;
##lang.ticket.content##&lt;/span&gt;&#160;:
##ticket.content##&lt;br /&gt;##IFticket.itemtype##
&lt;span style=\"color: #8b8c8f; font-weight: bold; text-decoration: underline;\"&gt;
##lang.ticket.item.name##&lt;/span&gt;&#160;:
##ticket.itemtype## - ##ticket.item.name##
##ENDIFticket.itemtype##&lt;/p&gt;');
INSERT INTO `glpi_notificationtemplatetranslations` VALUES ('15','15','','##lang.unicity.action##','##lang.unicity.entity## : ##unicity.entity## 

##lang.unicity.itemtype## : ##unicity.itemtype## 

##lang.unicity.message## : ##unicity.message## 

##lang.unicity.action_user## : ##unicity.action_user## 

##lang.unicity.action_type## : ##unicity.action_type## 

##lang.unicity.date## : ##unicity.date##','&lt;p&gt;##lang.unicity.entity## : ##unicity.entity##&lt;/p&gt;
&lt;p&gt;##lang.unicity.itemtype## : ##unicity.itemtype##&lt;/p&gt;
&lt;p&gt;##lang.unicity.message## : ##unicity.message##&lt;/p&gt;
&lt;p&gt;##lang.unicity.action_user## : ##unicity.action_user##&lt;/p&gt;
&lt;p&gt;##lang.unicity.action_type## : ##unicity.action_type##&lt;/p&gt;
&lt;p&gt;##lang.unicity.date## : ##unicity.date##&lt;/p&gt;');
INSERT INTO `glpi_notificationtemplatetranslations` VALUES ('7','7','','##ticket.action## ##ticket.title##','##FOREACHvalidations##

##IFvalidation.storestatus=waiting##
##validation.submission.title##
##lang.validation.commentsubmission## : ##validation.commentsubmission##
##ENDIFvalidation.storestatus##
##ELSEvalidation.storestatus## ##validation.answer.title## ##ENDELSEvalidation.storestatus##

##lang.ticket.url## : ##ticket.urlvalidation##

##IFvalidation.status## ##lang.validation.status## : ##validation.status## ##ENDIFvalidation.status##
##IFvalidation.commentvalidation##
##lang.validation.commentvalidation## : ##validation.commentvalidation##
##ENDIFvalidation.commentvalidation##
##ENDFOREACHvalidations##','&lt;div&gt;##FOREACHvalidations##&lt;/div&gt;
&lt;p&gt;##IFvalidation.storestatus=waiting##&lt;/p&gt;
&lt;div&gt;##validation.submission.title##&lt;/div&gt;
&lt;div&gt;##lang.validation.commentsubmission## : ##validation.commentsubmission##&lt;/div&gt;
&lt;div&gt;##ENDIFvalidation.storestatus##&lt;/div&gt;
&lt;div&gt;##ELSEvalidation.storestatus## ##validation.answer.title## ##ENDELSEvalidation.storestatus##&lt;/div&gt;
&lt;div&gt;&lt;/div&gt;
&lt;div&gt;
&lt;div&gt;##lang.ticket.url## : &lt;a href=\"##ticket.urlvalidation##\"&gt; ##ticket.urlvalidation## &lt;/a&gt;&lt;/div&gt;
&lt;/div&gt;
&lt;p&gt;##IFvalidation.status## ##lang.validation.status## : ##validation.status## ##ENDIFvalidation.status##
&lt;br /&gt; ##IFvalidation.commentvalidation##&lt;br /&gt; ##lang.validation.commentvalidation## :
&#160; ##validation.commentvalidation##&lt;br /&gt; ##ENDIFvalidation.commentvalidation##
&lt;br /&gt;##ENDFOREACHvalidations##&lt;/p&gt;');
INSERT INTO `glpi_notificationtemplatetranslations` VALUES ('8','6','','##ticket.action## ##ticket.entity##','##lang.ticket.entity## : ##ticket.entity##
 
##FOREACHtickets##

##lang.ticket.title## : ##ticket.title##
 ##lang.ticket.status## : ##ticket.status##

 ##ticket.url## 
 ##ENDFOREACHtickets##','&lt;table class=\"tab_cadre\" border=\"1\" cellspacing=\"2\" cellpadding=\"3\"&gt;
&lt;tbody&gt;
&lt;tr&gt;
&lt;td style=\"text-align: left;\" width=\"auto\" bgcolor=\"#cccccc\"&gt;&lt;span style=\"font-size: 11px; text-align: left;\"&gt;##lang.ticket.authors##&lt;/span&gt;&lt;/td&gt;
&lt;td style=\"text-align: left;\" width=\"auto\" bgcolor=\"#cccccc\"&gt;&lt;span style=\"font-size: 11px; text-align: left;\"&gt;##lang.ticket.title##&lt;/span&gt;&lt;/td&gt;
&lt;td style=\"text-align: left;\" width=\"auto\" bgcolor=\"#cccccc\"&gt;&lt;span style=\"font-size: 11px; text-align: left;\"&gt;##lang.ticket.priority##&lt;/span&gt;&lt;/td&gt;
&lt;td style=\"text-align: left;\" width=\"auto\" bgcolor=\"#cccccc\"&gt;&lt;span style=\"font-size: 11px; text-align: left;\"&gt;##lang.ticket.status##&lt;/span&gt;&lt;/td&gt;
&lt;td style=\"text-align: left;\" width=\"auto\" bgcolor=\"#cccccc\"&gt;&lt;span style=\"font-size: 11px; text-align: left;\"&gt;##lang.ticket.attribution##&lt;/span&gt;&lt;/td&gt;
&lt;td style=\"text-align: left;\" width=\"auto\" bgcolor=\"#cccccc\"&gt;&lt;span style=\"font-size: 11px; text-align: left;\"&gt;##lang.ticket.creationdate##&lt;/span&gt;&lt;/td&gt;
&lt;td style=\"text-align: left;\" width=\"auto\" bgcolor=\"#cccccc\"&gt;&lt;span style=\"font-size: 11px; text-align: left;\"&gt;##lang.ticket.content##&lt;/span&gt;&lt;/td&gt;
&lt;/tr&gt;
##FOREACHtickets##                   
&lt;tr&gt;
&lt;td width=\"auto\"&gt;&lt;span style=\"font-size: 11px; text-align: left;\"&gt;##ticket.authors##&lt;/span&gt;&lt;/td&gt;
&lt;td width=\"auto\"&gt;&lt;span style=\"font-size: 11px; text-align: left;\"&gt;&lt;a href=\"##ticket.url##\"&gt;##ticket.title##&lt;/a&gt;&lt;/span&gt;&lt;/td&gt;
&lt;td width=\"auto\"&gt;&lt;span style=\"font-size: 11px; text-align: left;\"&gt;##ticket.priority##&lt;/span&gt;&lt;/td&gt;
&lt;td width=\"auto\"&gt;&lt;span style=\"font-size: 11px; text-align: left;\"&gt;##ticket.status##&lt;/span&gt;&lt;/td&gt;
&lt;td width=\"auto\"&gt;&lt;span style=\"font-size: 11px; text-align: left;\"&gt;##IFticket.assigntousers####ticket.assigntousers##&lt;br /&gt;##ENDIFticket.assigntousers####IFticket.assigntogroups##&lt;br /&gt;##ticket.assigntogroups## ##ENDIFticket.assigntogroups####IFticket.assigntosupplier##&lt;br /&gt;##ticket.assigntosupplier## ##ENDIFticket.assigntosupplier##&lt;/span&gt;&lt;/td&gt;
&lt;td width=\"auto\"&gt;&lt;span style=\"font-size: 11px; text-align: left;\"&gt;##ticket.creationdate##&lt;/span&gt;&lt;/td&gt;
&lt;td width=\"auto\"&gt;&lt;span style=\"font-size: 11px; text-align: left;\"&gt;##ticket.content##&lt;/span&gt;&lt;/td&gt;
&lt;/tr&gt;
##ENDFOREACHtickets##
&lt;/tbody&gt;
&lt;/table&gt;');
INSERT INTO `glpi_notificationtemplatetranslations` VALUES ('9','9','','##consumable.action##  ##consumable.entity##','##lang.consumable.entity## : ##consumable.entity##
 

##FOREACHconsumables##
##lang.consumable.item## : ##consumable.item##
 

##lang.consumable.reference## : ##consumable.reference##

##lang.consumable.remaining## : ##consumable.remaining##

##consumable.url## 

##ENDFOREACHconsumables##','&lt;p&gt;
##lang.consumable.entity## : ##consumable.entity##
&lt;br /&gt; &lt;br /&gt;##FOREACHconsumables##
&lt;br /&gt;##lang.consumable.item## : ##consumable.item##&lt;br /&gt;
&lt;br /&gt;##lang.consumable.reference## : ##consumable.reference##&lt;br /&gt;
##lang.consumable.remaining## : ##consumable.remaining##&lt;br /&gt;
&lt;a href=\"##consumable.url##\"&gt; ##consumable.url##&lt;/a&gt;&lt;br /&gt;
   ##ENDFOREACHconsumables##&lt;/p&gt;');
INSERT INTO `glpi_notificationtemplatetranslations` VALUES ('10','8','','##cartridge.action##  ##cartridge.entity##','##lang.cartridge.entity## : ##cartridge.entity##
 

##FOREACHcartridges##
##lang.cartridge.item## : ##cartridge.item##
 

##lang.cartridge.reference## : ##cartridge.reference##

##lang.cartridge.remaining## : ##cartridge.remaining##

##cartridge.url## 
 ##ENDFOREACHcartridges##','&lt;p&gt;##lang.cartridge.entity## : ##cartridge.entity##
&lt;br /&gt; &lt;br /&gt;##FOREACHcartridges##
&lt;br /&gt;##lang.cartridge.item## :
##cartridge.item##&lt;br /&gt; &lt;br /&gt;
##lang.cartridge.reference## :
##cartridge.reference##&lt;br /&gt;
##lang.cartridge.remaining## :
##cartridge.remaining##&lt;br /&gt;
&lt;a href=\"##cartridge.url##\"&gt;
##cartridge.url##&lt;/a&gt;&lt;br /&gt;
##ENDFOREACHcartridges##&lt;/p&gt;');
INSERT INTO `glpi_notificationtemplatetranslations` VALUES ('11','10','','##infocom.action##  ##infocom.entity##','##lang.infocom.entity## : ##infocom.entity## 
 

##FOREACHinfocoms## 

##lang.infocom.itemtype## : ##infocom.itemtype##

##lang.infocom.item## : ##infocom.item##
 

##lang.infocom.expirationdate## : ##infocom.expirationdate##

##infocom.url## 
 ##ENDFOREACHinfocoms##','&lt;p&gt;##lang.infocom.entity## : ##infocom.entity##
&lt;br /&gt; &lt;br /&gt;##FOREACHinfocoms##
&lt;br /&gt;##lang.infocom.itemtype## : ##infocom.itemtype##&lt;br /&gt;
##lang.infocom.item## : ##infocom.item##&lt;br /&gt; &lt;br /&gt;
##lang.infocom.expirationdate## : ##infocom.expirationdate##
&lt;br /&gt; &lt;a href=\"##infocom.url##\"&gt;
##infocom.url##&lt;/a&gt;&lt;br /&gt;
##ENDFOREACHinfocoms##&lt;/p&gt;');
INSERT INTO `glpi_notificationtemplatetranslations` VALUES ('12','11','','##license.action##  ##license.entity##','##lang.license.entity## : ##license.entity##

##FOREACHlicenses## 

##lang.license.item## : ##license.item##

##lang.license.serial## : ##license.serial##

##lang.license.expirationdate## : ##license.expirationdate##

##license.url## 
 ##ENDFOREACHlicenses##','&lt;p&gt;
##lang.license.entity## : ##license.entity##&lt;br /&gt;
##FOREACHlicenses##
&lt;br /&gt;##lang.license.item## : ##license.item##&lt;br /&gt;
##lang.license.serial## : ##license.serial##&lt;br /&gt;
##lang.license.expirationdate## : ##license.expirationdate##
&lt;br /&gt; &lt;a href=\"##license.url##\"&gt; ##license.url##
&lt;/a&gt;&lt;br /&gt; ##ENDFOREACHlicenses##&lt;/p&gt;');
INSERT INTO `glpi_notificationtemplatetranslations` VALUES ('13','13','','##user.action##','##user.realname## ##user.firstname##

##lang.passwordforget.information##

##lang.passwordforget.link## ##user.passwordforgeturl##','&lt;p&gt;&lt;strong&gt;##user.realname## ##user.firstname##&lt;/strong&gt;&lt;/p&gt;
&lt;p&gt;##lang.passwordforget.information##&lt;/p&gt;
&lt;p&gt;##lang.passwordforget.link## &lt;a title=\"##user.passwordforgeturl##\" href=\"##user.passwordforgeturl##\"&gt;##user.passwordforgeturl##&lt;/a&gt;&lt;/p&gt;');
INSERT INTO `glpi_notificationtemplatetranslations` VALUES ('14','14','','##ticket.action## ##ticket.title##','##lang.ticket.title## : ##ticket.title##

##lang.ticket.closedate## : ##ticket.closedate##

##lang.satisfaction.text## ##ticket.urlsatisfaction##','&lt;p&gt;##lang.ticket.title## : ##ticket.title##&lt;/p&gt;
&lt;p&gt;##lang.ticket.closedate## : ##ticket.closedate##&lt;/p&gt;
&lt;p&gt;##lang.satisfaction.text## &lt;a href=\"##ticket.urlsatisfaction##\"&gt;##ticket.urlsatisfaction##&lt;/a&gt;&lt;/p&gt;');
INSERT INTO `glpi_notificationtemplatetranslations` VALUES ('16','16','','##crontask.action##','##lang.crontask.warning## 

##FOREACHcrontasks## 
 ##crontask.name## : ##crontask.description##
 
##ENDFOREACHcrontasks##','&lt;p&gt;##lang.crontask.warning##&lt;/p&gt;
&lt;p&gt;##FOREACHcrontasks## &lt;br /&gt;&lt;a href=\"##crontask.url##\"&gt;##crontask.name##&lt;/a&gt; : ##crontask.description##&lt;br /&gt; &lt;br /&gt;##ENDFOREACHcrontasks##&lt;/p&gt;');
INSERT INTO `glpi_notificationtemplatetranslations` VALUES ('17','17','','##problem.action## ##problem.title##','##IFproblem.storestatus=solved##
 ##lang.problem.url## : ##problem.urlapprove##
 ##lang.problem.solvedate## : ##problem.solvedate##
 ##lang.problem.solution.type## : ##problem.solution.type##
 ##lang.problem.solution.description## : ##problem.solution.description## ##ENDIFproblem.storestatus##
 ##ELSEproblem.storestatus## ##lang.problem.url## : ##problem.url## ##ENDELSEproblem.storestatus##

 ##lang.problem.description##

 ##lang.problem.title## &#160;:##problem.title##
 ##lang.problem.authors## &#160;:##IFproblem.authors## ##problem.authors## ##ENDIFproblem.authors## ##ELSEproblem.authors##--##ENDELSEproblem.authors##
 ##lang.problem.creationdate## &#160;:##problem.creationdate##
 ##IFproblem.assigntousers## ##lang.problem.assigntousers## &#160;: ##problem.assigntousers## ##ENDIFproblem.assigntousers##
 ##lang.problem.status## &#160;: ##problem.status##
 ##IFproblem.assigntogroups## ##lang.problem.assigntogroups## &#160;: ##problem.assigntogroups## ##ENDIFproblem.assigntogroups##
 ##lang.problem.urgency## &#160;: ##problem.urgency##
 ##lang.problem.impact## &#160;: ##problem.impact##
 ##lang.problem.priority## : ##problem.priority##
##IFproblem.category## ##lang.problem.category## &#160;:##problem.category## ##ENDIFproblem.category## ##ELSEproblem.category## ##lang.problem.nocategoryassigned## ##ENDELSEproblem.category##
 ##lang.problem.content## &#160;: ##problem.content##

##IFproblem.storestatus=closed##
 ##lang.problem.solvedate## : ##problem.solvedate##
 ##lang.problem.solution.type## : ##problem.solution.type##
 ##lang.problem.solution.description## : ##problem.solution.description##
##ENDIFproblem.storestatus##
 ##lang.problem.numberoftickets##&#160;: ##problem.numberoftickets##

##FOREACHtickets##
 [##ticket.date##] ##lang.problem.title## : ##ticket.title##
 ##lang.problem.content## ##ticket.content##

##ENDFOREACHtickets##
 ##lang.problem.numberoftasks##&#160;: ##problem.numberoftasks##

##FOREACHtasks##
 [##task.date##]
 ##lang.task.author## ##task.author##
 ##lang.task.description## ##task.description##
 ##lang.task.time## ##task.time##
 ##lang.task.category## ##task.category##

##ENDFOREACHtasks##
','&lt;p&gt;##IFproblem.storestatus=solved##&lt;/p&gt;
&lt;div&gt;##lang.problem.url## : &lt;a href=\"##problem.urlapprove##\"&gt;##problem.urlapprove##&lt;/a&gt;&lt;/div&gt;
&lt;div&gt;&lt;span style=\"color: #888888;\"&gt;&lt;strong&gt;&lt;span style=\"text-decoration: underline;\"&gt;##lang.problem.solvedate##&lt;/span&gt;&lt;/strong&gt;&lt;/span&gt; : ##problem.solvedate##&lt;br /&gt;&lt;span style=\"text-decoration: underline; color: #888888;\"&gt;&lt;strong&gt;##lang.problem.solution.type##&lt;/strong&gt;&lt;/span&gt; : ##problem.solution.type##&lt;br /&gt;&lt;span style=\"text-decoration: underline; color: #888888;\"&gt;&lt;strong&gt;##lang.problem.solution.description##&lt;/strong&gt;&lt;/span&gt; : ##problem.solution.description## ##ENDIFproblem.storestatus##&lt;/div&gt;
&lt;div&gt;##ELSEproblem.storestatus## ##lang.problem.url## : &lt;a href=\"##problem.url##\"&gt;##problem.url##&lt;/a&gt; ##ENDELSEproblem.storestatus##&lt;/div&gt;
&lt;p class=\"description b\"&gt;&lt;strong&gt;##lang.problem.description##&lt;/strong&gt;&lt;/p&gt;
&lt;p&gt;&lt;span style=\"color: #8b8c8f; font-weight: bold; text-decoration: underline;\"&gt; ##lang.problem.title##&lt;/span&gt;&#160;:##problem.title## &lt;br /&gt; &lt;span style=\"color: #8b8c8f; font-weight: bold; text-decoration: underline;\"&gt; ##lang.problem.authors##&lt;/span&gt;&#160;:##IFproblem.authors## ##problem.authors## ##ENDIFproblem.authors##    ##ELSEproblem.authors##--##ENDELSEproblem.authors## &lt;br /&gt; &lt;span style=\"color: #8b8c8f; font-weight: bold; text-decoration: underline;\"&gt; ##lang.problem.creationdate##&lt;/span&gt;&#160;:##problem.creationdate## &lt;br /&gt; ##IFproblem.assigntousers## &lt;span style=\"color: #8b8c8f; font-weight: bold; text-decoration: underline;\"&gt; ##lang.problem.assigntousers##&lt;/span&gt;&#160;: ##problem.assigntousers## ##ENDIFproblem.assigntousers##&lt;br /&gt; &lt;span style=\"color: #8b8c8f; font-weight: bold; text-decoration: underline;\"&gt;##lang.problem.status## &lt;/span&gt;&#160;: ##problem.status##&lt;br /&gt; ##IFproblem.assigntogroups## &lt;span style=\"color: #8b8c8f; font-weight: bold; text-decoration: underline;\"&gt; ##lang.problem.assigntogroups##&lt;/span&gt;&#160;: ##problem.assigntogroups## ##ENDIFproblem.assigntogroups##&lt;br /&gt; &lt;span style=\"color: #8b8c8f; font-weight: bold; text-decoration: underline;\"&gt; ##lang.problem.urgency##&lt;/span&gt;&#160;: ##problem.urgency##&lt;br /&gt; &lt;span style=\"color: #8b8c8f; font-weight: bold; text-decoration: underline;\"&gt; ##lang.problem.impact##&lt;/span&gt;&#160;: ##problem.impact##&lt;br /&gt; &lt;span style=\"color: #8b8c8f; font-weight: bold; text-decoration: underline;\"&gt; ##lang.problem.priority##&lt;/span&gt; : ##problem.priority## &lt;br /&gt;##IFproblem.category##&lt;span style=\"color: #8b8c8f; font-weight: bold; text-decoration: underline;\"&gt;##lang.problem.category## &lt;/span&gt;&#160;:##problem.category##  ##ENDIFproblem.category## ##ELSEproblem.category##  ##lang.problem.nocategoryassigned## ##ENDELSEproblem.category##    &lt;br /&gt; &lt;span style=\"color: #8b8c8f; font-weight: bold; text-decoration: underline;\"&gt; ##lang.problem.content##&lt;/span&gt;&#160;: ##problem.content##&lt;/p&gt;
&lt;p&gt;##IFproblem.storestatus=closed##&lt;br /&gt;&lt;span style=\"text-decoration: underline;\"&gt;&lt;strong&gt;&lt;span style=\"color: #888888;\"&gt;##lang.problem.solvedate##&lt;/span&gt;&lt;/strong&gt;&lt;/span&gt; : ##problem.solvedate##&lt;br /&gt;&lt;span style=\"color: #888888;\"&gt;&lt;strong&gt;&lt;span style=\"text-decoration: underline;\"&gt;##lang.problem.solution.type##&lt;/span&gt;&lt;/strong&gt;&lt;/span&gt; : ##problem.solution.type##&lt;br /&gt;&lt;span style=\"text-decoration: underline; color: #888888;\"&gt;&lt;strong&gt;##lang.problem.solution.description##&lt;/strong&gt;&lt;/span&gt; : ##problem.solution.description##&lt;br /&gt;##ENDIFproblem.storestatus##&lt;/p&gt;
&lt;div class=\"description b\"&gt;##lang.problem.numberoftickets##&#160;: ##problem.numberoftickets##&lt;/div&gt;
&lt;p&gt;##FOREACHtickets##&lt;/p&gt;
&lt;div&gt;&lt;strong&gt; [##ticket.date##] &lt;em&gt;##lang.problem.title## : &lt;a href=\"##ticket.url##\"&gt;##ticket.title## &lt;/a&gt;&lt;/em&gt;&lt;/strong&gt;&lt;br /&gt; &lt;span style=\"color: #8b8c8f; font-weight: bold; text-decoration: underline;\"&gt; &lt;/span&gt;&lt;span style=\"color: #8b8c8f; font-weight: bold; text-decoration: underline;\"&gt;##lang.problem.content## &lt;/span&gt; ##ticket.content##
&lt;p&gt;##ENDFOREACHtickets##&lt;/p&gt;
&lt;div class=\"description b\"&gt;##lang.problem.numberoftasks##&#160;: ##problem.numberoftasks##&lt;/div&gt;
&lt;p&gt;##FOREACHtasks##&lt;/p&gt;
&lt;div class=\"description b\"&gt;&lt;strong&gt;[##task.date##] &lt;/strong&gt;&lt;br /&gt; &lt;span style=\"color: #8b8c8f; font-weight: bold; text-decoration: underline;\"&gt; ##lang.task.author##&lt;/span&gt; ##task.author##&lt;br /&gt; &lt;span style=\"color: #8b8c8f; font-weight: bold; text-decoration: underline;\"&gt; ##lang.task.description##&lt;/span&gt; ##task.description##&lt;br /&gt; &lt;span style=\"color: #8b8c8f; font-weight: bold; text-decoration: underline;\"&gt; ##lang.task.time##&lt;/span&gt; ##task.time##&lt;br /&gt; &lt;span style=\"color: #8b8c8f; font-weight: bold; text-decoration: underline;\"&gt; ##lang.task.category##&lt;/span&gt; ##task.category##&lt;/div&gt;
&lt;p&gt;##ENDFOREACHtasks##&lt;/p&gt;
&lt;/div&gt;');

### Dump table glpi_notimportedemails

DROP TABLE IF EXISTS `glpi_notimportedemails`;
CREATE TABLE `glpi_notimportedemails` (
  `id` int(11) NOT NULL AUTO_INCREMENT,
  `from` varchar(255) NOT NULL,
  `to` varchar(255) NOT NULL,
  `mailcollectors_id` int(11) NOT NULL DEFAULT '0',
  `date` datetime NOT NULL,
  `subject` text,
  `messageid` varchar(255) NOT NULL,
  `reason` int(11) NOT NULL DEFAULT '0',
  `users_id` int(11) NOT NULL DEFAULT '0',
  PRIMARY KEY (`id`),
  KEY `users_id` (`users_id`),
  KEY `mailcollectors_id` (`mailcollectors_id`)
) ENGINE=MyISAM DEFAULT CHARSET=latin1;


### Dump table glpi_ocsadmininfoslinks

DROP TABLE IF EXISTS `glpi_ocsadmininfoslinks`;
CREATE TABLE `glpi_ocsadmininfoslinks` (
  `id` int(11) NOT NULL AUTO_INCREMENT,
  `glpi_column` varchar(255) COLLATE utf8_unicode_ci DEFAULT NULL,
  `ocs_column` varchar(255) COLLATE utf8_unicode_ci DEFAULT NULL,
  `ocsservers_id` int(11) NOT NULL DEFAULT '0',
  PRIMARY KEY (`id`),
  KEY `ocsservers_id` (`ocsservers_id`)
) ENGINE=MyISAM DEFAULT CHARSET=utf8 COLLATE=utf8_unicode_ci;


### Dump table glpi_ocslinks

DROP TABLE IF EXISTS `glpi_ocslinks`;
CREATE TABLE `glpi_ocslinks` (
  `id` int(11) NOT NULL AUTO_INCREMENT,
  `computers_id` int(11) NOT NULL DEFAULT '0',
  `ocsid` int(11) NOT NULL DEFAULT '0',
  `ocs_deviceid` varchar(255) COLLATE utf8_unicode_ci DEFAULT NULL,
  `use_auto_update` tinyint(1) NOT NULL DEFAULT '1',
  `last_update` datetime DEFAULT NULL,
  `last_ocs_update` datetime DEFAULT NULL,
  `computer_update` longtext COLLATE utf8_unicode_ci,
  `import_device` longtext COLLATE utf8_unicode_ci,
  `import_disk` longtext COLLATE utf8_unicode_ci,
  `import_software` longtext COLLATE utf8_unicode_ci,
  `import_monitor` longtext COLLATE utf8_unicode_ci,
  `import_peripheral` longtext COLLATE utf8_unicode_ci,
  `import_printer` longtext COLLATE utf8_unicode_ci,
  `ocsservers_id` int(11) NOT NULL DEFAULT '0',
  `import_ip` longtext COLLATE utf8_unicode_ci,
  `ocs_agent_version` varchar(255) COLLATE utf8_unicode_ci DEFAULT NULL,
  `entities_id` int(11) NOT NULL DEFAULT '0',
  `tag` varchar(255) COLLATE utf8_unicode_ci DEFAULT NULL,
  `import_vm` longtext COLLATE utf8_unicode_ci,
  PRIMARY KEY (`id`),
  UNIQUE KEY `unicity` (`ocsid`,`ocsservers_id`),
  KEY `last_update` (`last_update`),
  KEY `ocs_deviceid` (`ocs_deviceid`),
  KEY `last_ocs_update` (`ocsservers_id`,`last_ocs_update`),
  KEY `computers_id` (`computers_id`),
  KEY `use_auto_update` (`use_auto_update`)
) ENGINE=MyISAM DEFAULT CHARSET=utf8 COLLATE=utf8_unicode_ci;


### Dump table glpi_ocsservers

DROP TABLE IF EXISTS `glpi_ocsservers`;
CREATE TABLE `glpi_ocsservers` (
  `id` int(11) NOT NULL AUTO_INCREMENT,
  `name` varchar(255) COLLATE utf8_unicode_ci DEFAULT NULL,
  `ocs_db_user` varchar(255) COLLATE utf8_unicode_ci DEFAULT NULL,
  `ocs_db_passwd` varchar(255) COLLATE utf8_unicode_ci DEFAULT NULL,
  `ocs_db_host` varchar(255) COLLATE utf8_unicode_ci DEFAULT NULL,
  `ocs_db_name` varchar(255) COLLATE utf8_unicode_ci DEFAULT NULL,
  `ocs_db_utf8` tinyint(1) NOT NULL DEFAULT '0',
  `checksum` int(11) NOT NULL DEFAULT '0',
  `import_periph` tinyint(1) NOT NULL DEFAULT '0',
  `import_monitor` tinyint(1) NOT NULL DEFAULT '0',
  `import_software` tinyint(1) NOT NULL DEFAULT '0',
  `import_printer` tinyint(1) NOT NULL DEFAULT '0',
  `import_general_name` tinyint(1) NOT NULL DEFAULT '0',
  `import_general_os` tinyint(1) NOT NULL DEFAULT '0',
  `import_general_serial` tinyint(1) NOT NULL DEFAULT '0',
  `import_general_model` tinyint(1) NOT NULL DEFAULT '0',
  `import_general_manufacturer` tinyint(1) NOT NULL DEFAULT '0',
  `import_general_type` tinyint(1) NOT NULL DEFAULT '0',
  `import_general_domain` tinyint(1) NOT NULL DEFAULT '0',
  `import_general_contact` tinyint(1) NOT NULL DEFAULT '0',
  `import_general_comment` tinyint(1) NOT NULL DEFAULT '0',
  `import_device_processor` tinyint(1) NOT NULL DEFAULT '0',
  `import_device_memory` tinyint(1) NOT NULL DEFAULT '0',
  `import_device_hdd` tinyint(1) NOT NULL DEFAULT '0',
  `import_device_iface` tinyint(1) NOT NULL DEFAULT '0',
  `import_device_gfxcard` tinyint(1) NOT NULL DEFAULT '0',
  `import_device_sound` tinyint(1) NOT NULL DEFAULT '0',
  `import_device_drive` tinyint(1) NOT NULL DEFAULT '0',
  `import_device_port` tinyint(1) NOT NULL DEFAULT '0',
  `import_device_modem` tinyint(1) NOT NULL DEFAULT '0',
  `import_registry` tinyint(1) NOT NULL DEFAULT '0',
  `import_os_serial` tinyint(1) NOT NULL DEFAULT '0',
  `import_ip` tinyint(1) NOT NULL DEFAULT '0',
  `import_disk` tinyint(1) NOT NULL DEFAULT '0',
  `import_monitor_comment` tinyint(1) NOT NULL DEFAULT '0',
  `states_id_default` int(11) NOT NULL DEFAULT '0',
  `tag_limit` varchar(255) COLLATE utf8_unicode_ci DEFAULT NULL,
  `tag_exclude` varchar(255) COLLATE utf8_unicode_ci DEFAULT NULL,
  `use_soft_dict` tinyint(1) NOT NULL DEFAULT '0',
  `cron_sync_number` int(11) DEFAULT '1',
  `deconnection_behavior` varchar(255) COLLATE utf8_unicode_ci DEFAULT NULL,
  `ocs_url` varchar(255) COLLATE utf8_unicode_ci DEFAULT NULL,
  `date_mod` datetime DEFAULT NULL,
  `comment` text COLLATE utf8_unicode_ci,
  `is_active` tinyint(1) NOT NULL DEFAULT '0',
  `deleted_behavior` varchar(255) COLLATE utf8_unicode_ci NOT NULL DEFAULT '1',
  `import_vms` tinyint(1) NOT NULL DEFAULT '0',
  `import_general_uuid` tinyint(1) NOT NULL DEFAULT '0',
  `ocs_version` varchar(255) COLLATE utf8_unicode_ci DEFAULT NULL,
  PRIMARY KEY (`id`),
  KEY `date_mod` (`date_mod`),
  KEY `is_active` (`is_active`)
) ENGINE=MyISAM  DEFAULT CHARSET=utf8 COLLATE=utf8_unicode_ci;

INSERT INTO `glpi_ocsservers` VALUES ('1','localhost','ocs','ocs','localhost','ocsweb','0','0','0','0','0','0','0','0','0','0','0','0','0','0','0','0','0','0','0','0','0','0','0','0','0','0','0','0','0','0','',NULL,'0','1',NULL,'',NULL,NULL,'1','1','0','0',NULL);

### Dump table glpi_operatingsystems

DROP TABLE IF EXISTS `glpi_operatingsystems`;
CREATE TABLE `glpi_operatingsystems` (
  `id` int(11) NOT NULL AUTO_INCREMENT,
  `name` varchar(255) COLLATE utf8_unicode_ci DEFAULT NULL,
  `comment` text COLLATE utf8_unicode_ci,
  PRIMARY KEY (`id`),
  KEY `name` (`name`)
) ENGINE=MyISAM  DEFAULT CHARSET=utf8 COLLATE=utf8_unicode_ci;

INSERT INTO `glpi_operatingsystems` VALUES ('1','Microsoft Windows','');
INSERT INTO `glpi_operatingsystems` VALUES ('2','GNU/Linux','');
INSERT INTO `glpi_operatingsystems` VALUES ('3','MAC OS X','');

### Dump table glpi_operatingsystemservicepacks

DROP TABLE IF EXISTS `glpi_operatingsystemservicepacks`;
CREATE TABLE `glpi_operatingsystemservicepacks` (
  `id` int(11) NOT NULL AUTO_INCREMENT,
  `name` varchar(255) COLLATE utf8_unicode_ci DEFAULT NULL,
  `comment` text COLLATE utf8_unicode_ci,
  PRIMARY KEY (`id`),
  KEY `name` (`name`)
) ENGINE=MyISAM DEFAULT CHARSET=utf8 COLLATE=utf8_unicode_ci;


### Dump table glpi_operatingsystemversions

DROP TABLE IF EXISTS `glpi_operatingsystemversions`;
CREATE TABLE `glpi_operatingsystemversions` (
  `id` int(11) NOT NULL AUTO_INCREMENT,
  `name` varchar(255) COLLATE utf8_unicode_ci DEFAULT NULL,
  `comment` text COLLATE utf8_unicode_ci,
  PRIMARY KEY (`id`),
  KEY `name` (`name`)
) ENGINE=MyISAM  DEFAULT CHARSET=utf8 COLLATE=utf8_unicode_ci;

INSERT INTO `glpi_operatingsystemversions` VALUES ('1','XP PRO','');
INSERT INTO `glpi_operatingsystemversions` VALUES ('2','7_HOME_PREMIUM','');
INSERT INTO `glpi_operatingsystemversions` VALUES ('3','Ubuntu 10.04','');
INSERT INTO `glpi_operatingsystemversions` VALUES ('4','11.04','');
INSERT INTO `glpi_operatingsystemversions` VALUES ('5','XP_HOME','');

### Dump table glpi_peripheralmodels

DROP TABLE IF EXISTS `glpi_peripheralmodels`;
CREATE TABLE `glpi_peripheralmodels` (
  `id` int(11) NOT NULL AUTO_INCREMENT,
  `name` varchar(255) COLLATE utf8_unicode_ci DEFAULT NULL,
  `comment` text COLLATE utf8_unicode_ci,
  PRIMARY KEY (`id`),
  KEY `name` (`name`)
) ENGINE=MyISAM DEFAULT CHARSET=utf8 COLLATE=utf8_unicode_ci;


### Dump table glpi_peripherals

DROP TABLE IF EXISTS `glpi_peripherals`;
CREATE TABLE `glpi_peripherals` (
  `id` int(11) NOT NULL AUTO_INCREMENT,
  `entities_id` int(11) NOT NULL DEFAULT '0',
  `name` varchar(255) COLLATE utf8_unicode_ci DEFAULT NULL,
  `date_mod` datetime DEFAULT NULL,
  `contact` varchar(255) COLLATE utf8_unicode_ci DEFAULT NULL,
  `contact_num` varchar(255) COLLATE utf8_unicode_ci DEFAULT NULL,
  `users_id_tech` int(11) NOT NULL DEFAULT '0',
  `groups_id_tech` int(11) NOT NULL DEFAULT '0',
  `comment` text COLLATE utf8_unicode_ci,
  `serial` varchar(255) COLLATE utf8_unicode_ci DEFAULT NULL,
  `otherserial` varchar(255) COLLATE utf8_unicode_ci DEFAULT NULL,
  `locations_id` int(11) NOT NULL DEFAULT '0',
  `peripheraltypes_id` int(11) NOT NULL DEFAULT '0',
  `peripheralmodels_id` int(11) NOT NULL DEFAULT '0',
  `brand` varchar(255) COLLATE utf8_unicode_ci DEFAULT NULL,
  `manufacturers_id` int(11) NOT NULL DEFAULT '0',
  `is_global` tinyint(1) NOT NULL DEFAULT '0',
  `is_deleted` tinyint(1) NOT NULL DEFAULT '0',
  `is_template` tinyint(1) NOT NULL DEFAULT '0',
  `template_name` varchar(255) COLLATE utf8_unicode_ci DEFAULT NULL,
  `notepad` longtext COLLATE utf8_unicode_ci,
  `users_id` int(11) NOT NULL DEFAULT '0',
  `groups_id` int(11) NOT NULL DEFAULT '0',
  `states_id` int(11) NOT NULL DEFAULT '0',
  `ticket_tco` decimal(20,4) DEFAULT '0.0000',
  PRIMARY KEY (`id`),
  KEY `name` (`name`),
  KEY `is_template` (`is_template`),
  KEY `is_global` (`is_global`),
  KEY `entities_id` (`entities_id`),
  KEY `manufacturers_id` (`manufacturers_id`),
  KEY `groups_id` (`groups_id`),
  KEY `users_id` (`users_id`),
  KEY `locations_id` (`locations_id`),
  KEY `peripheralmodels_id` (`peripheralmodels_id`),
  KEY `states_id` (`states_id`),
  KEY `users_id_tech` (`users_id_tech`),
  KEY `peripheraltypes_id` (`peripheraltypes_id`),
  KEY `is_deleted` (`is_deleted`),
  KEY `date_mod` (`date_mod`),
  KEY `groups_id_tech` (`groups_id_tech`)
) ENGINE=MyISAM  DEFAULT CHARSET=utf8 COLLATE=utf8_unicode_ci;

INSERT INTO `glpi_peripherals` VALUES ('1','0','MAC MINI','2012-05-16 03:26:27','','','9','3','','C07H52U2D3D0','','1','0','0','MAC MINI','12','0','1','0',NULL,NULL,'22','3','0','0.0000');

### Dump table glpi_peripheraltypes

DROP TABLE IF EXISTS `glpi_peripheraltypes`;
CREATE TABLE `glpi_peripheraltypes` (
  `id` int(11) NOT NULL AUTO_INCREMENT,
  `name` varchar(255) COLLATE utf8_unicode_ci DEFAULT NULL,
  `comment` text COLLATE utf8_unicode_ci,
  PRIMARY KEY (`id`),
  KEY `name` (`name`)
) ENGINE=MyISAM DEFAULT CHARSET=utf8 COLLATE=utf8_unicode_ci;


### Dump table glpi_phonemodels

DROP TABLE IF EXISTS `glpi_phonemodels`;
CREATE TABLE `glpi_phonemodels` (
  `id` int(11) NOT NULL AUTO_INCREMENT,
  `name` varchar(255) COLLATE utf8_unicode_ci DEFAULT NULL,
  `comment` text COLLATE utf8_unicode_ci,
  PRIMARY KEY (`id`),
  KEY `name` (`name`)
) ENGINE=MyISAM  DEFAULT CHARSET=utf8 COLLATE=utf8_unicode_ci;

INSERT INTO `glpi_phonemodels` VALUES ('1','EAH4350 Silent','');

### Dump table glpi_phonepowersupplies

DROP TABLE IF EXISTS `glpi_phonepowersupplies`;
CREATE TABLE `glpi_phonepowersupplies` (
  `id` int(11) NOT NULL AUTO_INCREMENT,
  `name` varchar(255) COLLATE utf8_unicode_ci DEFAULT NULL,
  `comment` text COLLATE utf8_unicode_ci,
  PRIMARY KEY (`id`),
  KEY `name` (`name`)
) ENGINE=MyISAM DEFAULT CHARSET=utf8 COLLATE=utf8_unicode_ci;


### Dump table glpi_phones

DROP TABLE IF EXISTS `glpi_phones`;
CREATE TABLE `glpi_phones` (
  `id` int(11) NOT NULL AUTO_INCREMENT,
  `entities_id` int(11) NOT NULL DEFAULT '0',
  `name` varchar(255) COLLATE utf8_unicode_ci DEFAULT NULL,
  `date_mod` datetime DEFAULT NULL,
  `contact` varchar(255) COLLATE utf8_unicode_ci DEFAULT NULL,
  `contact_num` varchar(255) COLLATE utf8_unicode_ci DEFAULT NULL,
  `users_id_tech` int(11) NOT NULL DEFAULT '0',
  `groups_id_tech` int(11) NOT NULL DEFAULT '0',
  `comment` text COLLATE utf8_unicode_ci,
  `serial` varchar(255) COLLATE utf8_unicode_ci DEFAULT NULL,
  `otherserial` varchar(255) COLLATE utf8_unicode_ci DEFAULT NULL,
  `firmware` varchar(255) COLLATE utf8_unicode_ci DEFAULT NULL,
  `locations_id` int(11) NOT NULL DEFAULT '0',
  `phonetypes_id` int(11) NOT NULL DEFAULT '0',
  `phonemodels_id` int(11) NOT NULL DEFAULT '0',
  `brand` varchar(255) COLLATE utf8_unicode_ci DEFAULT NULL,
  `phonepowersupplies_id` int(11) NOT NULL DEFAULT '0',
  `number_line` varchar(255) COLLATE utf8_unicode_ci DEFAULT NULL,
  `have_headset` tinyint(1) NOT NULL DEFAULT '0',
  `have_hp` tinyint(1) NOT NULL DEFAULT '0',
  `manufacturers_id` int(11) NOT NULL DEFAULT '0',
  `is_global` tinyint(1) NOT NULL DEFAULT '0',
  `is_deleted` tinyint(1) NOT NULL DEFAULT '0',
  `is_template` tinyint(1) NOT NULL DEFAULT '0',
  `template_name` varchar(255) COLLATE utf8_unicode_ci DEFAULT NULL,
  `notepad` longtext COLLATE utf8_unicode_ci,
  `users_id` int(11) NOT NULL DEFAULT '0',
  `groups_id` int(11) NOT NULL DEFAULT '0',
  `states_id` int(11) NOT NULL DEFAULT '0',
  `ticket_tco` decimal(20,4) DEFAULT '0.0000',
  PRIMARY KEY (`id`),
  KEY `name` (`name`),
  KEY `is_template` (`is_template`),
  KEY `is_global` (`is_global`),
  KEY `entities_id` (`entities_id`),
  KEY `manufacturers_id` (`manufacturers_id`),
  KEY `groups_id` (`groups_id`),
  KEY `users_id` (`users_id`),
  KEY `locations_id` (`locations_id`),
  KEY `phonemodels_id` (`phonemodels_id`),
  KEY `phonepowersupplies_id` (`phonepowersupplies_id`),
  KEY `states_id` (`states_id`),
  KEY `users_id_tech` (`users_id_tech`),
  KEY `phonetypes_id` (`phonetypes_id`),
  KEY `is_deleted` (`is_deleted`),
  KEY `date_mod` (`date_mod`),
  KEY `groups_id_tech` (`groups_id_tech`)
) ENGINE=MyISAM  DEFAULT CHARSET=utf8 COLLATE=utf8_unicode_ci;

INSERT INTO `glpi_phones` VALUES ('1','0','ASUS','2012-06-01 04:24:50','','','0','0','','SN9839223','0001','','0','0','1','NVIDIA','0','','0','0','0','0','0','0',NULL,NULL,'0','3','0','0.0000');

### Dump table glpi_phonetypes

DROP TABLE IF EXISTS `glpi_phonetypes`;
CREATE TABLE `glpi_phonetypes` (
  `id` int(11) NOT NULL AUTO_INCREMENT,
  `name` varchar(255) COLLATE utf8_unicode_ci DEFAULT NULL,
  `comment` text COLLATE utf8_unicode_ci,
  PRIMARY KEY (`id`),
  KEY `name` (`name`)
) ENGINE=MyISAM DEFAULT CHARSET=utf8 COLLATE=utf8_unicode_ci;


### Dump table glpi_plugin_genericobject_applemodels

DROP TABLE IF EXISTS `glpi_plugin_genericobject_applemodels`;
CREATE TABLE `glpi_plugin_genericobject_applemodels` (
  `id` int(11) NOT NULL AUTO_INCREMENT,
  `name` varchar(255) COLLATE utf8_unicode_ci DEFAULT NULL,
  `comment` text COLLATE utf8_unicode_ci,
  PRIMARY KEY (`id`),
  KEY `name` (`name`)
) ENGINE=MyISAM DEFAULT CHARSET=utf8 COLLATE=utf8_unicode_ci;


### Dump table glpi_plugin_genericobject_apples

DROP TABLE IF EXISTS `glpi_plugin_genericobject_apples`;
CREATE TABLE `glpi_plugin_genericobject_apples` (
  `id` int(11) NOT NULL AUTO_INCREMENT,
  `is_deleted` tinyint(1) NOT NULL DEFAULT '0',
  `is_template` tinyint(1) NOT NULL DEFAULT '0',
  `template_name` varchar(255) COLLATE utf8_unicode_ci NOT NULL DEFAULT '',
  `entities_id` int(11) NOT NULL DEFAULT '0',
  `is_recursive` tinyint(1) NOT NULL DEFAULT '0',
  `name` varchar(255) COLLATE utf8_unicode_ci NOT NULL DEFAULT '',
  `comment` text COLLATE utf8_unicode_ci,
  `is_helpdesk_visible` tinyint(1) NOT NULL DEFAULT '0',
  `notepad` text COLLATE utf8_unicode_ci,
  `date_mod` datetime DEFAULT NULL,
  `locations_id` int(11) NOT NULL DEFAULT '0',
  `plugin_genericobject_applemodels_id` int(11) NOT NULL DEFAULT '0',
  `serial` varchar(255) COLLATE utf8_unicode_ci NOT NULL DEFAULT '',
  `otherserial` varchar(255) COLLATE utf8_unicode_ci NOT NULL DEFAULT '',
  `users_id` int(11) NOT NULL DEFAULT '0',
  `groups_id` int(11) NOT NULL DEFAULT '0',
  PRIMARY KEY (`id`)
) ENGINE=MyISAM  DEFAULT CHARSET=utf8 COLLATE=utf8_unicode_ci COMMENT='PluginGenericobjectApple';

INSERT INTO `glpi_plugin_genericobject_apples` VALUES ('1','0','0','','0','0','imac','','0',NULL,'2012-06-26 05:05:45','0','0','D25GD0QLDHJN','','67','2');
INSERT INTO `glpi_plugin_genericobject_apples` VALUES ('2','0','0','','0','0','macmini','','0',NULL,'2012-05-31 07:01:52','0','0','C07H52U2D3D0','','22','3');
INSERT INTO `glpi_plugin_genericobject_apples` VALUES ('3','0','0','','0','0','macmini','','0',NULL,'2012-06-26 05:01:22','0','0','YM0120D09G6','0000','15','2');
INSERT INTO `glpi_plugin_genericobject_apples` VALUES ('4','0','0','','0','0','macmini','','0',NULL,'2012-06-26 05:02:28','0','0','C07GD4YFDJDO','','31','2');

### Dump table glpi_plugin_genericobject_hddmodels

DROP TABLE IF EXISTS `glpi_plugin_genericobject_hddmodels`;
CREATE TABLE `glpi_plugin_genericobject_hddmodels` (
  `id` int(11) NOT NULL AUTO_INCREMENT,
  `name` varchar(255) COLLATE utf8_unicode_ci DEFAULT NULL,
  `comment` text COLLATE utf8_unicode_ci,
  PRIMARY KEY (`id`),
  KEY `name` (`name`)
) ENGINE=MyISAM  DEFAULT CHARSET=utf8 COLLATE=utf8_unicode_ci;

INSERT INTO `glpi_plugin_genericobject_hddmodels` VALUES ('1','HDT721016SLA380','');
INSERT INTO `glpi_plugin_genericobject_hddmodels` VALUES ('2','HD161HJ','');
INSERT INTO `glpi_plugin_genericobject_hddmodels` VALUES ('3','HD502HJ','');
INSERT INTO `glpi_plugin_genericobject_hddmodels` VALUES ('4','HD322HJ','');
INSERT INTO `glpi_plugin_genericobject_hddmodels` VALUES ('5','ST3320418AS','');
INSERT INTO `glpi_plugin_genericobject_hddmodels` VALUES ('6','WD5000AADS-00S9B0','');
INSERT INTO `glpi_plugin_genericobject_hddmodels` VALUES ('7','HD080HJ','');
INSERT INTO `glpi_plugin_genericobject_hddmodels` VALUES ('8','WD1600AAJS-00B4A0','');
INSERT INTO `glpi_plugin_genericobject_hddmodels` VALUES ('9','HD252HJ','');
INSERT INTO `glpi_plugin_genericobject_hddmodels` VALUES ('10','SH100S3120G','');
INSERT INTO `glpi_plugin_genericobject_hddmodels` VALUES ('11','SVP200S3120G','');
INSERT INTO `glpi_plugin_genericobject_hddmodels` VALUES ('12','SVP100ES2128G','');
INSERT INTO `glpi_plugin_genericobject_hddmodels` VALUES ('13','SH100S3120G','');
INSERT INTO `glpi_plugin_genericobject_hddmodels` VALUES ('14','SNVP325S2128GB','');
INSERT INTO `glpi_plugin_genericobject_hddmodels` VALUES ('15','SVP100ES2128G','');
INSERT INTO `glpi_plugin_genericobject_hddmodels` VALUES ('16','HD160JJ','');
INSERT INTO `glpi_plugin_genericobject_hddmodels` VALUES ('17','HD082GJ','');
INSERT INTO `glpi_plugin_genericobject_hddmodels` VALUES ('18','SP2004C','');
INSERT INTO `glpi_plugin_genericobject_hddmodels` VALUES ('19','HD121IJ','');
INSERT INTO `glpi_plugin_genericobject_hddmodels` VALUES ('20','WD2000JS-55N','');
INSERT INTO `glpi_plugin_genericobject_hddmodels` VALUES ('21','ST360021A','');
INSERT INTO `glpi_plugin_genericobject_hddmodels` VALUES ('22','SP0802N','');
INSERT INTO `glpi_plugin_genericobject_hddmodels` VALUES ('23','ST380011A','');
INSERT INTO `glpi_plugin_genericobject_hddmodels` VALUES ('24','WD800JB-00FMA0','');
INSERT INTO `glpi_plugin_genericobject_hddmodels` VALUES ('25','IC35L090AVV207-0','');
INSERT INTO `glpi_plugin_genericobject_hddmodels` VALUES ('26','HDT725032VLA360','');
INSERT INTO `glpi_plugin_genericobject_hddmodels` VALUES ('27','ST3250410AS','');
INSERT INTO `glpi_plugin_genericobject_hddmodels` VALUES ('28','WD1200JB-00EVA0','');
INSERT INTO `glpi_plugin_genericobject_hddmodels` VALUES ('29','ST3120813AS','');
INSERT INTO `glpi_plugin_genericobject_hddmodels` VALUES ('30','HD501LJ','');
INSERT INTO `glpi_plugin_genericobject_hddmodels` VALUES ('31','SP1654N','');
INSERT INTO `glpi_plugin_genericobject_hddmodels` VALUES ('32','HDS721680PLA380','');
INSERT INTO `glpi_plugin_genericobject_hddmodels` VALUES ('33','SH103S3B','');

### Dump table glpi_plugin_genericobject_hdds

DROP TABLE IF EXISTS `glpi_plugin_genericobject_hdds`;
CREATE TABLE `glpi_plugin_genericobject_hdds` (
  `id` int(11) NOT NULL AUTO_INCREMENT,
  `is_deleted` tinyint(1) NOT NULL DEFAULT '0',
  `is_template` tinyint(1) NOT NULL DEFAULT '0',
  `template_name` varchar(255) COLLATE utf8_unicode_ci NOT NULL DEFAULT '',
  `entities_id` int(11) NOT NULL DEFAULT '0',
  `is_recursive` tinyint(1) NOT NULL DEFAULT '0',
  `name` varchar(255) COLLATE utf8_unicode_ci NOT NULL DEFAULT '',
  `comment` text COLLATE utf8_unicode_ci,
  `is_helpdesk_visible` tinyint(1) NOT NULL DEFAULT '0',
  `notepad` text COLLATE utf8_unicode_ci,
  `date_mod` datetime DEFAULT NULL,
  `locations_id` int(11) NOT NULL DEFAULT '0',
  `expirationdate` date DEFAULT NULL,
  `groups_id` int(11) NOT NULL DEFAULT '0',
  `otherserial` varchar(255) COLLATE utf8_unicode_ci NOT NULL DEFAULT '',
  `serial` varchar(255) COLLATE utf8_unicode_ci NOT NULL DEFAULT '',
  `users_id` int(11) DEFAULT NULL,
  `plugin_genericobject_hddmodels_id` int(11) NOT NULL DEFAULT '0',
  `plugin_genericobject_hddtypes_id` int(11) NOT NULL DEFAULT '0',
  `other` varchar(255) COLLATE utf8_unicode_ci NOT NULL DEFAULT '',
  `states_id` int(11) NOT NULL DEFAULT '0',
  PRIMARY KEY (`id`)
) ENGINE=MyISAM  DEFAULT CHARSET=utf8 COLLATE=utf8_unicode_ci COMMENT='PluginGenericobjectHdd';

INSERT INTO `glpi_plugin_genericobject_hdds` VALUES ('1','0','0','','0','0','Hitachi','','0',NULL,'2012-05-31 09:17:22','0',NULL,'3','0000','STA1L7MA3HDGKB','62','1','1','','4');
INSERT INTO `glpi_plugin_genericobject_hdds` VALUES ('2','0','0','','0','0','SAMSUNG','','0',NULL,'2012-06-12 09:41:08','0',NULL,'1','0000','S0V3J9CQ582568','73','2','1','','4');
INSERT INTO `glpi_plugin_genericobject_hdds` VALUES ('3','0','0','','0','0','SAMSUNG','','0',NULL,'2012-06-01 02:36:53','0',NULL,'3','0000','S20BJ90B366761','45','3','1','','7');
INSERT INTO `glpi_plugin_genericobject_hdds` VALUES ('4','0','0','','0','0','SAMSUNG','','0',NULL,'2012-06-06 05:55:29','0',NULL,'3','0000','S20BJ9AB311609','70','3','1','','7');
INSERT INTO `glpi_plugin_genericobject_hdds` VALUES ('5','0','0','','0','0','SAMSUNG','','0',NULL,'2012-06-29 03:00:52','0',NULL,'1','0000','S17AJ9CS618427','80','4','1','','9');
INSERT INTO `glpi_plugin_genericobject_hdds` VALUES ('6','0','0','','0','0','SEAGATE','','0',NULL,'2012-06-12 02:18:53','0',NULL,'3','0000','9VMJMZ5D','24','5','1','','9');
INSERT INTO `glpi_plugin_genericobject_hdds` VALUES ('7','0','0','','0','0','Western Digital','','0',NULL,'2012-06-12 02:11:36','0',NULL,'3','0000','WD-WCAV9C087107','39','6','1','','7');
INSERT INTO `glpi_plugin_genericobject_hdds` VALUES ('8','0','0','','0','0','SAMSUNG','','0',NULL,'2012-06-12 02:45:29','0',NULL,'3','0000','S0ZCJDSP401780','50','7','1','','10');
INSERT INTO `glpi_plugin_genericobject_hdds` VALUES ('9','0','0','','0','0','Western Digital','','0',NULL,'2012-06-12 03:11:47','0',NULL,'3','0000','WD-WMAT30083943','54','8','1','','4');
INSERT INTO `glpi_plugin_genericobject_hdds` VALUES ('10','0','0','','0','0','SAMSUNG','','0',NULL,'2012-06-12 03:19:19','0',NULL,'3','0000','S20BJ9AB311610','25','3','1','','7');
INSERT INTO `glpi_plugin_genericobject_hdds` VALUES ('11','0','0','','0','0','SAMSUNG','','0',NULL,'2012-06-12 05:57:18','0',NULL,'1','0000','S0V3J9CQ582569','28','2','1','','4');
INSERT INTO `glpi_plugin_genericobject_hdds` VALUES ('12','0','0','','0','0','Hitachi','','0',NULL,'2012-06-12 02:53:45','0',NULL,'3','0000','STA1L7MA3DBGBB','64','1','1','','4');
INSERT INTO `glpi_plugin_genericobject_hdds` VALUES ('13','0','0','','0','0','SAMSUNG','','0',NULL,'2012-06-12 05:48:36','0',NULL,'1','0000','S17HJ9CQB01250','58','9','1','','11');
INSERT INTO `glpi_plugin_genericobject_hdds` VALUES ('14','0','0','','0','0','SAMSUNG','','0',NULL,'2012-06-12 04:38:50','0',NULL,'3','0000','S08EJ1MP101923','12','7','1','','10');
INSERT INTO `glpi_plugin_genericobject_hdds` VALUES ('15','0','0','','0','0','Western Digital','','0',NULL,'2012-06-06 05:43:34','0',NULL,'3','0000','WD-WCAV96501998','60','6','1','','7');
INSERT INTO `glpi_plugin_genericobject_hdds` VALUES ('16','0','0','','0','0','SAMSUNG','','0',NULL,'2012-06-26 02:48:05','0',NULL,'2','0000','S08EJ1CP124931','21','7','1','','10');
INSERT INTO `glpi_plugin_genericobject_hdds` VALUES ('17','0','0','','0','0','SAMSUNG','','0',NULL,'2012-06-26 02:51:51','0',NULL,'2','0000','S08EJ1OL569710','36','7','1','','10');
INSERT INTO `glpi_plugin_genericobject_hdds` VALUES ('18','0','0','','0','0','SAMSUNG','','0',NULL,'2012-06-26 02:39:12','0',NULL,'2','0000','S20BJ9AB509143','38','3','1','','7');
INSERT INTO `glpi_plugin_genericobject_hdds` VALUES ('19','0','0','','0','0','SEAGATE','','0',NULL,'2012-06-25 02:55:21','0',NULL,'2','0000','0000','38','5','1','','9');
INSERT INTO `glpi_plugin_genericobject_hdds` VALUES ('20','0','0','','0','0','Western Digital','','0',NULL,'2012-06-21 02:03:02','0',NULL,'2','0000','WD-WCAEK1477628','48','28','1','','9');
INSERT INTO `glpi_plugin_genericobject_hdds` VALUES ('21','0','0','','0','0','SEAGATE','','0',NULL,'2012-06-26 05:03:32','0',NULL,'2','0000','9SZ5QZMQ','33','5','1','','9');
INSERT INTO `glpi_plugin_genericobject_hdds` VALUES ('22','0','0','','0','0','KINGSTON','','0',NULL,'2012-06-01 06:30:40','0',NULL,'3','0000','50026B721B220969','22','10','2','','6');
INSERT INTO `glpi_plugin_genericobject_hdds` VALUES ('23','0','0','','0','0','KINGSTON','','0',NULL,'2012-06-06 05:32:13','0',NULL,'3','0000','50026B7221030757','68','11','2','','6');
INSERT INTO `glpi_plugin_genericobject_hdds` VALUES ('24','0','0','','0','0','KINGSTON','','0',NULL,'2012-06-12 04:30:54','0',NULL,'3','0000','807Y10I0Y1JK','16','12','2','','8');
INSERT INTO `glpi_plugin_genericobject_hdds` VALUES ('25','0','0','','0','0','KINGSTON','','0',NULL,'2012-06-12 02:33:50','0',NULL,'3','0000','50026B721B222866','17','10','2','','6');
INSERT INTO `glpi_plugin_genericobject_hdds` VALUES ('26','0','0','','0','0','KINGSTON','','0',NULL,'2012-06-12 02:25:09','0',NULL,'3','0000','30QS11GTT73Z','43','14','2','','8');
INSERT INTO `glpi_plugin_genericobject_hdds` VALUES ('27','0','0','','0','0','KINGSTON','','0',NULL,'2012-06-12 04:55:32','0',NULL,'3','0000','813Y107CY9PK','47','12','2','','6');
INSERT INTO `glpi_plugin_genericobject_hdds` VALUES ('28','0','0','','0','0','KINGSTON','','0',NULL,'2012-06-12 05:04:34','0',NULL,'3','0000','815Y105LY9PK','37','12','2','','6');
INSERT INTO `glpi_plugin_genericobject_hdds` VALUES ('29','1','0','','0','0','SAMSUNG','','0',NULL,'2012-06-18 01:42:08','0',NULL,'2','000','000','23','7','1','','10');
INSERT INTO `glpi_plugin_genericobject_hdds` VALUES ('30','0','0','','0','0','Western Digital','','0',NULL,'2012-06-25 04:02:08','0',NULL,'1','00000000','WD-WMAT30084056','32','8','1','','4');
INSERT INTO `glpi_plugin_genericobject_hdds` VALUES ('31','0','0','','0','0','SAMSUNG','','0',NULL,'2012-06-18 02:55:34','0',NULL,'2','00000','S08HJ1SLA12183','56','16','1','','4');
INSERT INTO `glpi_plugin_genericobject_hdds` VALUES ('32','0','0','','0','0','SAMSUNG ','','0',NULL,'2012-06-25 04:06:36','0',NULL,'1','00000000','S0VPJ1EPB01113','46','17','1','','10');
INSERT INTO `glpi_plugin_genericobject_hdds` VALUES ('33','0','0','','0','0','SAMSUNG','','0',NULL,'2012-06-18 01:27:43','0',NULL,'2','00000','S08EJ1OL569711','23','7','1','','10');
INSERT INTO `glpi_plugin_genericobject_hdds` VALUES ('34','0','0','','0','0','SAMSUNG','','0',NULL,'2012-06-25 08:09:03','0',NULL,'2','0000','S07GJ1LL221127','34','18','1','','13');
INSERT INTO `glpi_plugin_genericobject_hdds` VALUES ('35','0','0','','0','0','SAMSUNG','','0',NULL,'2012-06-25 08:09:24','0',NULL,'2','','S0S8JDQP502108','53','7','1','','10');
INSERT INTO `glpi_plugin_genericobject_hdds` VALUES ('36','0','0','','0','0','SAMSUNG','','0',NULL,'2012-06-25 08:09:50','0',NULL,'2','','S20BJ9JB703829','42','3','1','','7');
INSERT INTO `glpi_plugin_genericobject_hdds` VALUES ('37','0','0','','0','0','SAMSUNG','','0',NULL,'2012-06-25 08:12:00','0',NULL,'2','0000','S20BJ9JB703679','19','3','1','','7');
INSERT INTO `glpi_plugin_genericobject_hdds` VALUES ('38','0','0','','0','0','SAMSUNG','','0',NULL,'2012-06-25 08:10:08','0',NULL,'2','','S08EJ1OL909593','52','7','1','','10');
INSERT INTO `glpi_plugin_genericobject_hdds` VALUES ('39','0','0','','0','0','SAMSUNG','','0',NULL,'2012-06-18 04:09:11','0',NULL,'2','0000','S0HSJ1RP300008','66','19','1','','6');
INSERT INTO `glpi_plugin_genericobject_hdds` VALUES ('40','0','0','','0','0','SAMSUNG','','0',NULL,'2012-06-25 08:10:23','0',NULL,'2','','S08EJ1UP129456','26','7','1','','10');
INSERT INTO `glpi_plugin_genericobject_hdds` VALUES ('41','0','0','','0','0','SAMSUNG','','0',NULL,'2012-06-18 05:47:44','0',NULL,'2','0000','S08EJ1OL909592','29','7','1','','10');
INSERT INTO `glpi_plugin_genericobject_hdds` VALUES ('42','0','0','','0','0','Western Digital','','0',NULL,'2012-06-18 07:21:30','0',NULL,'2','','WD-WCANL1130170','74','20','1','','13');
INSERT INTO `glpi_plugin_genericobject_hdds` VALUES ('43','0','0','','0','0','SAMSUNG','','0',NULL,'2012-06-25 08:10:37','0',NULL,'2','','S0S8JDPP503611','44','7','1','','10');
INSERT INTO `glpi_plugin_genericobject_hdds` VALUES ('44','0','0','','0','0','SAMSUNG','','0',NULL,'2012-06-25 08:10:41','0',NULL,'2','','S20BJ9GB414186','57','3','1','','7');
INSERT INTO `glpi_plugin_genericobject_hdds` VALUES ('45','0','0','','0','0','SEAGATE','','0',NULL,'2012-06-19 03:45:40','0',NULL,'2','0000','3HR1AMJY','76','21','1','','14');
INSERT INTO `glpi_plugin_genericobject_hdds` VALUES ('46','0','0','','0','0','SAMSUNG','','0',NULL,'2012-06-25 08:11:17','0',NULL,'2','','S00JJ1GL902523','75','22','1','','10');
INSERT INTO `glpi_plugin_genericobject_hdds` VALUES ('47','0','0','','0','0','SAMSUNG','','0',NULL,'2012-06-25 08:11:26','0',NULL,'2','','0715J1FX424974','61','22','1','','10');
INSERT INTO `glpi_plugin_genericobject_hdds` VALUES ('48','0','0','','0','0','SAMSUNG','','0',NULL,'2012-06-25 08:11:58','0',NULL,'2','','S08EJ1UL624085','41','7','1','','10');
INSERT INTO `glpi_plugin_genericobject_hdds` VALUES ('49','0','0','','0','0','SAMSUNG','','0',NULL,'2012-06-25 08:13:04','0',NULL,'2','','S0HSJ1RP300020','40','19','1','','6');
INSERT INTO `glpi_plugin_genericobject_hdds` VALUES ('50','0','0','','0','0','SEAGATE','','0',NULL,'2012-06-25 08:16:14','0',NULL,'2','0000','5JV292ZS','35','23','1','','10');
INSERT INTO `glpi_plugin_genericobject_hdds` VALUES ('51','0','0','','0','0','Western Digital','','0',NULL,'2012-06-25 08:15:44','0',NULL,'2','00000000','WD-WCAJ91104932','30','24','1','','10');
INSERT INTO `glpi_plugin_genericobject_hdds` VALUES ('52','0','0','','0','0','Hitachi','','0',NULL,'2012-06-19 10:04:26','0',NULL,'2','','VNVC04G3C3GBRG','18','25','1','','10');
INSERT INTO `glpi_plugin_genericobject_hdds` VALUES ('53','0','0','','0','0','Hitachi','','0',NULL,'2012-06-25 08:07:53','0',NULL,'2','','VFM201R818ERYN','49','26','1','','9');
INSERT INTO `glpi_plugin_genericobject_hdds` VALUES ('54','0','0','','0','0','SAMSUNG','','0',NULL,'2012-06-25 08:13:18','0',NULL,'2','','S20BJ9JB703830','55','3','1','','7');
INSERT INTO `glpi_plugin_genericobject_hdds` VALUES ('55','0','0','','0','0','SAMSUNG','','0',NULL,'2012-06-25 08:13:50','0',NULL,'2','','S08EJ1UL624086','51','7','1','','10');
INSERT INTO `glpi_plugin_genericobject_hdds` VALUES ('56','0','0','','0','0','SAMSUNG','','0',NULL,'2012-06-25 08:14:15','0',NULL,'2','','S20BJ9JB703826','13','3','1','','7');
INSERT INTO `glpi_plugin_genericobject_hdds` VALUES ('57','0','0','','0','0','SAMSUNG','','0',NULL,'2012-06-25 08:13:50','0',NULL,'2','','S08EJ1UP129455','10','7','1','','10');
INSERT INTO `glpi_plugin_genericobject_hdds` VALUES ('58','0','0','','0','0','SAMSUNG','','0',NULL,'2012-06-25 08:14:22','0',NULL,'2','','S20BJ9AB509141','63','3','1','','7');
INSERT INTO `glpi_plugin_genericobject_hdds` VALUES ('59','0','0','','0','0','SAMSUNG','','0',NULL,'2012-06-25 08:13:50','0',NULL,'2','','S0S8JDQP502109','11','7','1','','10');
INSERT INTO `glpi_plugin_genericobject_hdds` VALUES ('60','0','0','','0','0','SEAGATE','','0',NULL,'2012-06-25 08:16:41','0',NULL,'1','','6RY0592M','20','27','1','','11');
INSERT INTO `glpi_plugin_genericobject_hdds` VALUES ('61','0','0','','0','0','SAMSUNG','','0',NULL,'2012-06-21 01:37:07','0',NULL,'2','','S08EJ1RP303644','27','7','1','','10');
INSERT INTO `glpi_plugin_genericobject_hdds` VALUES ('62','0','0','','0','0','SAMSUNG','','0',NULL,'2012-06-25 08:14:44','0',NULL,'2','','S00JJ40X264883','77','22','1','','10');
INSERT INTO `glpi_plugin_genericobject_hdds` VALUES ('63','0','0','','0','0','SEAGATE','','0',NULL,'2012-06-25 08:17:54','0',NULL,'2','','5LS0GZZX','9','29','1','','6');
INSERT INTO `glpi_plugin_genericobject_hdds` VALUES ('64','0','0','','0','0','SAMSUNG','','0',NULL,'2012-06-25 08:14:56','0',NULL,'1','','S0MUJ1FPB04079','8','30','1','','7');
INSERT INTO `glpi_plugin_genericobject_hdds` VALUES ('65','0','0','','0','0','SAMSUNG','','0',NULL,'2012-06-21 08:30:21','0',NULL,'2','','S0GEJ1EL900607','71','31','1','','4');
INSERT INTO `glpi_plugin_genericobject_hdds` VALUES ('66','0','0','','0','0','Hitachi','','0',NULL,'2012-06-21 08:32:13','0',NULL,'3','','Z23044VY7F','71','32','1','','10');
INSERT INTO `glpi_plugin_genericobject_hdds` VALUES ('67','0','0','','0','0','KINGSTON','','0',NULL,'2012-06-29 03:03:14','0',NULL,'3','','BXL3B','69','33','2','','6');

### Dump table glpi_plugin_genericobject_hddtypes

DROP TABLE IF EXISTS `glpi_plugin_genericobject_hddtypes`;
CREATE TABLE `glpi_plugin_genericobject_hddtypes` (
  `id` int(11) NOT NULL AUTO_INCREMENT,
  `name` varchar(255) COLLATE utf8_unicode_ci DEFAULT NULL,
  `comment` text COLLATE utf8_unicode_ci,
  PRIMARY KEY (`id`),
  KEY `name` (`name`)
) ENGINE=MyISAM  DEFAULT CHARSET=utf8 COLLATE=utf8_unicode_ci;

INSERT INTO `glpi_plugin_genericobject_hddtypes` VALUES ('1','HDD-SATA2','');
INSERT INTO `glpi_plugin_genericobject_hddtypes` VALUES ('2','SSD-SATA3','');

### Dump table glpi_plugin_genericobject_imacmodels

DROP TABLE IF EXISTS `glpi_plugin_genericobject_imacmodels`;
CREATE TABLE `glpi_plugin_genericobject_imacmodels` (
  `id` int(11) NOT NULL AUTO_INCREMENT,
  `name` varchar(255) COLLATE utf8_unicode_ci DEFAULT NULL,
  `comment` text COLLATE utf8_unicode_ci,
  PRIMARY KEY (`id`),
  KEY `name` (`name`)
) ENGINE=MyISAM DEFAULT CHARSET=utf8 COLLATE=utf8_unicode_ci;


### Dump table glpi_plugin_genericobject_imacs

DROP TABLE IF EXISTS `glpi_plugin_genericobject_imacs`;
CREATE TABLE `glpi_plugin_genericobject_imacs` (
  `id` int(11) NOT NULL AUTO_INCREMENT,
  `is_deleted` tinyint(1) NOT NULL DEFAULT '0',
  `is_template` tinyint(1) NOT NULL DEFAULT '0',
  `template_name` varchar(255) COLLATE utf8_unicode_ci NOT NULL DEFAULT '',
  `entities_id` int(11) NOT NULL DEFAULT '0',
  `is_recursive` tinyint(1) NOT NULL DEFAULT '0',
  `name` varchar(255) COLLATE utf8_unicode_ci NOT NULL DEFAULT '',
  `comment` text COLLATE utf8_unicode_ci,
  `is_helpdesk_visible` tinyint(1) NOT NULL DEFAULT '0',
  `notepad` text COLLATE utf8_unicode_ci,
  `date_mod` datetime DEFAULT NULL,
  `locations_id` int(11) NOT NULL DEFAULT '0',
  `plugin_genericobject_imacmodels_id` int(11) NOT NULL DEFAULT '0',
  `serial` varchar(255) COLLATE utf8_unicode_ci NOT NULL DEFAULT '',
  `otherserial` varchar(255) COLLATE utf8_unicode_ci NOT NULL DEFAULT '',
  `users_id` int(11) NOT NULL DEFAULT '0',
  `groups_id` int(11) NOT NULL DEFAULT '0',
  `expirationdate` date DEFAULT NULL,
  PRIMARY KEY (`id`)
) ENGINE=MyISAM  DEFAULT CHARSET=utf8 COLLATE=utf8_unicode_ci COMMENT='PluginGenericobjectImac';

INSERT INTO `glpi_plugin_genericobject_imacs` VALUES ('1','0','0','','0','0','Apple','','0',NULL,'2012-05-31 05:16:18','0','0','D25GD0QLDHJN','','67','3',NULL);

### Dump table glpi_plugin_genericobject_macminimodels

DROP TABLE IF EXISTS `glpi_plugin_genericobject_macminimodels`;
CREATE TABLE `glpi_plugin_genericobject_macminimodels` (
  `id` int(11) NOT NULL AUTO_INCREMENT,
  `name` varchar(255) COLLATE utf8_unicode_ci DEFAULT NULL,
  `comment` text COLLATE utf8_unicode_ci,
  PRIMARY KEY (`id`),
  KEY `name` (`name`)
) ENGINE=MyISAM DEFAULT CHARSET=utf8 COLLATE=utf8_unicode_ci;


### Dump table glpi_plugin_genericobject_macminis

DROP TABLE IF EXISTS `glpi_plugin_genericobject_macminis`;
CREATE TABLE `glpi_plugin_genericobject_macminis` (
  `id` int(11) NOT NULL AUTO_INCREMENT,
  `is_deleted` tinyint(1) NOT NULL DEFAULT '0',
  `is_template` tinyint(1) NOT NULL DEFAULT '0',
  `template_name` varchar(255) COLLATE utf8_unicode_ci NOT NULL DEFAULT '',
  `entities_id` int(11) NOT NULL DEFAULT '0',
  `is_recursive` tinyint(1) NOT NULL DEFAULT '0',
  `name` varchar(255) COLLATE utf8_unicode_ci NOT NULL DEFAULT '',
  `comment` text COLLATE utf8_unicode_ci,
  `is_helpdesk_visible` tinyint(1) NOT NULL DEFAULT '0',
  `notepad` text COLLATE utf8_unicode_ci,
  `date_mod` datetime DEFAULT NULL,
  `locations_id` int(11) NOT NULL DEFAULT '0',
  `plugin_genericobject_macminimodels_id` int(11) NOT NULL DEFAULT '0',
  `otherserial` varchar(255) COLLATE utf8_unicode_ci NOT NULL DEFAULT '',
  `serial` varchar(255) COLLATE utf8_unicode_ci NOT NULL DEFAULT '',
  `users_id` int(11) NOT NULL DEFAULT '0',
  `groups_id` int(11) NOT NULL DEFAULT '0',
  `expirationdate` date DEFAULT NULL,
  PRIMARY KEY (`id`)
) ENGINE=MyISAM  DEFAULT CHARSET=utf8 COLLATE=utf8_unicode_ci COMMENT='PluginGenericobjectMacmini';

INSERT INTO `glpi_plugin_genericobject_macminis` VALUES ('1','0','0','','0','0','macmini','','0',NULL,'2012-05-31 05:04:34','0','0','','C07H52U2D3D0','22','3',NULL);
INSERT INTO `glpi_plugin_genericobject_macminis` VALUES ('2','0','0','','0','0','macmini','','0',NULL,'2012-05-31 05:05:25','0','0','','YM0120D09G6','15','3',NULL);
INSERT INTO `glpi_plugin_genericobject_macminis` VALUES ('3','0','0','','0','0','macmini','','0',NULL,'2012-05-31 05:05:59','0','0','','C07GD4YFDJDO','31','3',NULL);

### Dump table glpi_plugin_genericobject_memoriemodels

DROP TABLE IF EXISTS `glpi_plugin_genericobject_memoriemodels`;
CREATE TABLE `glpi_plugin_genericobject_memoriemodels` (
  `id` int(11) NOT NULL AUTO_INCREMENT,
  `name` varchar(255) COLLATE utf8_unicode_ci DEFAULT NULL,
  `comment` text COLLATE utf8_unicode_ci,
  PRIMARY KEY (`id`),
  KEY `name` (`name`)
) ENGINE=MyISAM  DEFAULT CHARSET=utf8 COLLATE=utf8_unicode_ci;

INSERT INTO `glpi_plugin_genericobject_memoriemodels` VALUES ('1','DDR3','');
INSERT INTO `glpi_plugin_genericobject_memoriemodels` VALUES ('2','4GB','');
INSERT INTO `glpi_plugin_genericobject_memoriemodels` VALUES ('3','2GB','');
INSERT INTO `glpi_plugin_genericobject_memoriemodels` VALUES ('4','1GB','');
INSERT INTO `glpi_plugin_genericobject_memoriemodels` VALUES ('5','512MB','');
INSERT INTO `glpi_plugin_genericobject_memoriemodels` VALUES ('6','256M','');

### Dump table glpi_plugin_genericobject_memories

DROP TABLE IF EXISTS `glpi_plugin_genericobject_memories`;
CREATE TABLE `glpi_plugin_genericobject_memories` (
  `id` int(11) NOT NULL AUTO_INCREMENT,
  `is_deleted` tinyint(1) NOT NULL DEFAULT '0',
  `is_template` tinyint(1) NOT NULL DEFAULT '0',
  `template_name` varchar(255) COLLATE utf8_unicode_ci NOT NULL DEFAULT '',
  `entities_id` int(11) NOT NULL DEFAULT '0',
  `is_recursive` tinyint(1) NOT NULL DEFAULT '0',
  `name` varchar(255) COLLATE utf8_unicode_ci NOT NULL DEFAULT '',
  `comment` text COLLATE utf8_unicode_ci,
  `is_helpdesk_visible` tinyint(1) NOT NULL DEFAULT '0',
  `notepad` text COLLATE utf8_unicode_ci,
  `date_mod` datetime DEFAULT NULL,
  `locations_id` int(11) NOT NULL DEFAULT '0',
  `otherserial` varchar(255) COLLATE utf8_unicode_ci NOT NULL DEFAULT '',
  `serial` varchar(255) COLLATE utf8_unicode_ci NOT NULL DEFAULT '',
  `plugin_genericobject_memoriemodels_id` int(11) NOT NULL DEFAULT '0',
  `other` varchar(255) COLLATE utf8_unicode_ci NOT NULL DEFAULT '',
  `plugin_genericobject_memorietypes_id` int(11) NOT NULL DEFAULT '0',
  `is_global` tinyint(1) NOT NULL DEFAULT '0',
  `expirationdate` date DEFAULT NULL,
  `groups_id` int(11) NOT NULL DEFAULT '0',
  `users_id` int(11) NOT NULL DEFAULT '0',
  `states_id` int(11) NOT NULL DEFAULT '0',
  PRIMARY KEY (`id`)
) ENGINE=MyISAM  DEFAULT CHARSET=utf8 COLLATE=utf8_unicode_ci COMMENT='PluginGenericobjectMemory';

INSERT INTO `glpi_plugin_genericobject_memories` VALUES ('1','0','1','KINGSTON','0','0','KINGSTON','','0',NULL,'2012-05-30 07:47:34','0','0000','0000','2','1333','1','0',NULL,'0','0','0');
INSERT INTO `glpi_plugin_genericobject_memories` VALUES ('2','0','0','KINGSTON','0','0','KINGSTON','','0',NULL,'2012-05-31 09:27:04','0','0000','B33C8714h (344407219)','2','1333','1','0',NULL,'3','62','0');
INSERT INTO `glpi_plugin_genericobject_memories` VALUES ('3','0','0','KINGSTON','0','0','KINGSTON','','0',NULL,'2012-06-12 09:40:11','0','0000','981074BDh (3178500248)','3','800','2','0',NULL,'3','73','0');
INSERT INTO `glpi_plugin_genericobject_memories` VALUES ('4','0','0','KINGSTON','0','0','KINGSTON','','0',NULL,'2012-05-31 09:27:35','0','0000','9C34317Ah (2050045084)','2','1333','1','0',NULL,'3','62','0');
INSERT INTO `glpi_plugin_genericobject_memories` VALUES ('5','0','0','','0','0','KINGSTON','','0',NULL,'2012-06-12 09:40:27','0','0000','981075BDh (3178565784)','3','800','2','0',NULL,'3','73','0');
INSERT INTO `glpi_plugin_genericobject_memories` VALUES ('6','0','0','KINGSTON','0','0','KINGSTON','','0',NULL,'2012-05-31 09:43:45','0','0000','590C3983h (2201554009)','2','2133','1','0',NULL,'3','22','0');
INSERT INTO `glpi_plugin_genericobject_memories` VALUES ('7','0','0','KINGSTON','0','0','KINGSTON','','0',NULL,'2012-05-31 09:44:18','0','0000','470C0E85h (2232290375)','2','2133','1','0',NULL,'3','22','0');
INSERT INTO `glpi_plugin_genericobject_memories` VALUES ('8','0','0','KINGSTON','0','0','KINGSTON','','0',NULL,'2012-05-31 09:44:35','0','0000','570CF282h (2196900951)','2','2133','1','0',NULL,'3','22','0');
INSERT INTO `glpi_plugin_genericobject_memories` VALUES ('9','0','0','KINGSTON','0','0','KINGSTON','','0',NULL,'2012-05-31 09:45:03','0','0000','870C4784h (2219248775)','2','2133','1','0',NULL,'3','22','0');
INSERT INTO `glpi_plugin_genericobject_memories` VALUES ('10','0','0','KINGSTON','0','0','KINGSTON','','0',NULL,'2012-06-01 02:35:46','0','0000','8D2E11EBh (3943771789)','2','1333','1','0',NULL,'3','45','0');
INSERT INTO `glpi_plugin_genericobject_memories` VALUES ('11','0','0','KINGSTON','0','0','KINGSTON','','0',NULL,'2012-06-01 02:36:10','0','0000','682E6E36h (913190504)','2','1333','1','0',NULL,'3','45','0');
INSERT INTO `glpi_plugin_genericobject_memories` VALUES ('12','0','0','KINGSTON','0','0','HYNIX','','0',NULL,'2012-06-06 05:31:13','0','0000','035A14A5h (2769574403)','2','1333','1','0',NULL,'3','68','0');
INSERT INTO `glpi_plugin_genericobject_memories` VALUES ('13','0','0','KINGSTON','0','0','HYNIX','','0',NULL,'2012-06-06 05:31:22','0','0000','038A27D8h (3626469891)','2','1333','1','0',NULL,'3','68','0');
INSERT INTO `glpi_plugin_genericobject_memories` VALUES ('14','0','0','KINGSTON','0','0','KINGSTON','','0',NULL,'2012-06-12 04:30:10','0','0000','6A20B997h (2545492074)','2','1333','1','0',NULL,'3','16','0');
INSERT INTO `glpi_plugin_genericobject_memories` VALUES ('15','0','0','KINGSTON','0','0','KINGSTON','','0',NULL,'2012-06-12 04:30:30','0','0000','70202204h (69345392)','2','1333','1','0',NULL,'3','16','0');
INSERT INTO `glpi_plugin_genericobject_memories` VALUES ('16','0','0','KINGSTON','0','0','KINGSTON','','0',NULL,'2012-06-06 05:54:40','0','0000','912E91EAh (3935383185)','2','1333','1','0',NULL,'3','70','0');
INSERT INTO `glpi_plugin_genericobject_memories` VALUES ('17','0','0','KINGSTON','0','0','KINGSTON','','0',NULL,'2012-06-06 05:54:51','0','0000','932EE3EAh (3940757139)','2','1333','1','0',NULL,'3','70','0');
INSERT INTO `glpi_plugin_genericobject_memories` VALUES ('18','0','0','KINGSTON','0','0','SAMSUNG','','0',NULL,'2012-06-29 02:59:42','0','0000','462C6274h (1952590918)','4','800','2','0',NULL,'3','80','0');
INSERT INTO `glpi_plugin_genericobject_memories` VALUES ('19','0','0','KINGSTON','0','0','SAMSUNG','','0',NULL,'2012-06-29 02:59:46','0','0000','873A25E3h (3810867847)','4','800','2','0',NULL,'3','80','0');
INSERT INTO `glpi_plugin_genericobject_memories` VALUES ('20','0','0','KINGSTON','0','0','SAMSUNG','','0',NULL,'2012-06-29 02:59:50','0','0000','873A25D6h (3592764039)','4','800','2','0',NULL,'3','80','0');
INSERT INTO `glpi_plugin_genericobject_memories` VALUES ('21','0','0','KINGSTON','0','0','SAMSUNG','','0',NULL,'2012-06-29 02:59:55','0','0000','490DA267h (1738673481)','4','800','2','0',NULL,'3','80','0');
INSERT INTO `glpi_plugin_genericobject_memories` VALUES ('22','0','0','KINGSTON','0','0','SAMSUNG','','0',NULL,'2012-06-12 02:32:26','0','0000','956B52B3h (3008523157)','2','1333','1','0',NULL,'3','17','0');
INSERT INTO `glpi_plugin_genericobject_memories` VALUES ('23','0','0','KINGSTON','0','0','HYNIX','','0',NULL,'2012-06-12 02:24:32','0','0000','31A3294Dh (1294574385)','2','1333','1','0',NULL,'3','43','0');
INSERT INTO `glpi_plugin_genericobject_memories` VALUES ('24','0','0','KINGSTON','0','0','HYNIX','','0',NULL,'2012-06-12 02:24:49','0','0000','3123294Eh (1311318833)','2','1333','1','0',NULL,'3','43','0');
INSERT INTO `glpi_plugin_genericobject_memories` VALUES ('25','0','0','KINGSTON','0','0','SAMSUNG','','0',NULL,'2012-06-12 02:18:20','0','0000','7633A996h (2527671158)','2','1333','1','0',NULL,'3','24','0');
INSERT INTO `glpi_plugin_genericobject_memories` VALUES ('26','0','0','KINGSTON','0','0','SAMSUNG','','0',NULL,'2012-06-12 02:18:33','0','0000','63EDA33Dh (1034153315)','2','1333','1','0',NULL,'3','24','0');
INSERT INTO `glpi_plugin_genericobject_memories` VALUES ('27','0','0','KINGSTON','0','0','HYNIX','','0',NULL,'2012-06-12 02:10:34','0','0000','3183294Ch (1277788977)','2','1333','1','0',NULL,'3','39','0');
INSERT INTO `glpi_plugin_genericobject_memories` VALUES ('28','0','0','KINGSTON','0','0','KINGSTON','','0',NULL,'2012-06-12 02:11:04','0','0000','932E00EBh (3942657683)','2','1333','1','0',NULL,'3','39','0');
INSERT INTO `glpi_plugin_genericobject_memories` VALUES ('29','0','0','KINGSTON','0','0','KINGSTON','','0',NULL,'2012-06-12 05:37:57','0','0000','9CCCCC0Fh (265079964)','3','800','2','0',NULL,'3','50','0');
INSERT INTO `glpi_plugin_genericobject_memories` VALUES ('30','0','0','KINGSTON','0','0','KINGSTON','','0',NULL,'2012-06-12 05:37:52','0','0000','9CCCCB0Fh (265014428)','3','800','2','0',NULL,'3','50','0');
INSERT INTO `glpi_plugin_genericobject_memories` VALUES ('31','0','0','KINGSTON','0','0','KINGSTON','','0',NULL,'2012-06-12 03:11:12','0','0000','9ECCA50Fh (262524062)','3','800','2','0',NULL,'3','54','0');
INSERT INTO `glpi_plugin_genericobject_memories` VALUES ('32','0','0','KINGSTON','0','0','KINGSTON','','0',NULL,'2012-06-12 03:11:27','0','0000','9DCCEB0Fh (267111581)','3','800','2','0',NULL,'3','54','0');
INSERT INTO `glpi_plugin_genericobject_memories` VALUES ('33','0','0','KINGSTON','0','0','KINGSTON','','0',NULL,'2012-06-12 03:18:29','0','0000','B53C8814h (344472757)','2','1333','1','0',NULL,'3','25','0');
INSERT INTO `glpi_plugin_genericobject_memories` VALUES ('34','0','0','KINGSTON','0','0','KINGSTON','','0',NULL,'2012-06-12 03:18:48','0','0000','B43C8A14h (344603828)','2','1333','1','0',NULL,'3','25','0');
INSERT INTO `glpi_plugin_genericobject_memories` VALUES ('35','0','0','KINGSTON','0','0','KINGSTON','','0',NULL,'2012-06-12 03:03:07','0','0000','9ECCD50Fh (265669790)','3','800','2','0',NULL,'3','28','0');
INSERT INTO `glpi_plugin_genericobject_memories` VALUES ('36','0','0','KINGSTON','0','0','KINGSTON','','0',NULL,'2012-06-12 03:03:23','0','0000','9ECCAC0Fh (262982814)','3','800','2','0',NULL,'3','28','0');
INSERT INTO `glpi_plugin_genericobject_memories` VALUES ('37','0','0','KINGSTON','0','0','HYNIX','','0',NULL,'2012-06-12 02:53:05','0','0000','0ECDB7C3h (3283602702)','2','1333','1','0',NULL,'3','64','0');
INSERT INTO `glpi_plugin_genericobject_memories` VALUES ('38','0','0','KINGSTON','0','0','HYNIX','','0',NULL,'2012-06-12 02:53:21','0','0000','30C8CF84h (2228209712)','2','1333','1','0',NULL,'3','64','0');
INSERT INTO `glpi_plugin_genericobject_memories` VALUES ('39','0','0','KINGSTON','0','0','KINGSTON','','0',NULL,'2012-06-12 04:54:50','0','0000','691AD8F5h (4124580457)','2','1333','1','0',NULL,'3','47','0');
INSERT INTO `glpi_plugin_genericobject_memories` VALUES ('40','0','0','KINGSTON','0','0','KINGSTON','','0',NULL,'2012-06-12 04:55:03','0','0000','691A01F6h (4127267433)','2','1333','1','0',NULL,'3','47','0');
INSERT INTO `glpi_plugin_genericobject_memories` VALUES ('41','0','0','KINGSTON','0','0','TRANSCEND','','0',NULL,'2012-06-12 05:47:50','0','0000','0007E820h (552077056)','3','800','2','0',NULL,'1','58','0');
INSERT INTO `glpi_plugin_genericobject_memories` VALUES ('42','0','0','KINGSTON','0','0','TRANSCEND','','0',NULL,'2012-06-12 05:48:01','0','0000','0007E820h (552077056)','3','800','2','0',NULL,'1','58','0');
INSERT INTO `glpi_plugin_genericobject_memories` VALUES ('43','0','0','KINGSTON','0','0','HYNIX','','0',NULL,'2012-06-12 04:38:10','0','0000','0000400Ch (205520896)','3','800','2','0',NULL,'3','12','0');
INSERT INTO `glpi_plugin_genericobject_memories` VALUES ('44','0','0','KINGSTON','0','0','HYNIX','','0',NULL,'2012-06-12 04:38:24','0','0000','0000200Ch (203423744)','3','800','2','0',NULL,'3','12','0');
INSERT INTO `glpi_plugin_genericobject_memories` VALUES ('45','0','0','KINGSTON','0','0','HYNIX','','0',NULL,'2012-06-06 05:42:32','0','0000','3058CFA4h (2765051952)','2','1333','1','0',NULL,'3','60','0');
INSERT INTO `glpi_plugin_genericobject_memories` VALUES ('46','0','0','KINGSTON','0','0','HYNIX','','0',NULL,'2012-06-06 05:42:57','0','0000','0E5DB7C5h (3317128462)','2','1333','1','0',NULL,'3','60','0');
INSERT INTO `glpi_plugin_genericobject_memories` VALUES ('47','0','0','KINGSTON','0','0','HYNIX','','0',NULL,'2012-06-12 05:04:01','0','0000','3078CF83h (2211412016)','2','1333','1','0',NULL,'3','37','0');
INSERT INTO `glpi_plugin_genericobject_memories` VALUES ('48','0','0','KINGSTON','0','0','HYNIX','','0',NULL,'2012-06-12 05:04:13','0','0000','3098CFABh (2882508848)','2','1333','1','0',NULL,'3','37','0');
INSERT INTO `glpi_plugin_genericobject_memories` VALUES ('49','0','0','KINGSTON','0','0','KINGSTON','','0',NULL,'2012-06-26 02:38:39','0','0000','353CD055h (1439710261)','2','1333','1','0',NULL,'2','38','0');
INSERT INTO `glpi_plugin_genericobject_memories` VALUES ('50','0','0','KINGSTON','0','0','SAMSUNG','','0',NULL,'2012-06-12 02:33:19','0','0000','956B52B4h (3025300373)','2','1333','1','0',NULL,'3','17','0');
INSERT INTO `glpi_plugin_genericobject_memories` VALUES ('51','1','0','KINGSTON','0','0','Corsair','','0',NULL,'2012-06-18 01:38:47','0','0000','0000','4','800','2','0',NULL,'2','23','0');
INSERT INTO `glpi_plugin_genericobject_memories` VALUES ('52','1','0','KINGSTON','0','0','SAMSUNG','','0',NULL,'2012-06-18 01:39:01','0','0000','0000','4','800','2','0',NULL,'2','23','0');
INSERT INTO `glpi_plugin_genericobject_memories` VALUES ('53','1','0','KINGSTON','0','0','Corsair','','0',NULL,'2012-06-18 01:38:47','0','0000','0000','4','800','2','0',NULL,'2','23','0');
INSERT INTO `glpi_plugin_genericobject_memories` VALUES ('54','1','0','KINGSTON','0','0','SAMSUNG','','0',NULL,'2012-06-18 01:39:01','0','0000','0000','4','800','2','0',NULL,'2','23','0');
INSERT INTO `glpi_plugin_genericobject_memories` VALUES ('55','1','0','','0','0','Transcend','','0',NULL,'2012-06-25 04:00:53','0','0000','none','3','800','2','0',NULL,'2','32','0');
INSERT INTO `glpi_plugin_genericobject_memories` VALUES ('56','1','0','','0','0','Transcend','','0',NULL,'2012-06-25 04:00:53','0','0000','none','3','800','2','0',NULL,'2','32','0');
INSERT INTO `glpi_plugin_genericobject_memories` VALUES ('57','0','0','','0','0','HYNIX','','0',NULL,'2012-06-18 06:54:33','0','','none','4','400','3','0',NULL,'2','56','0');
INSERT INTO `glpi_plugin_genericobject_memories` VALUES ('58','0','0','','0','0','HYNIX','','0',NULL,'2012-06-18 06:54:37','0','000','04FF4039h (960560900)','4','400','3','0',NULL,'2','56','0');
INSERT INTO `glpi_plugin_genericobject_memories` VALUES ('59','0','0','','0','0','HYNIX','','0',NULL,'2012-06-25 04:06:20','0','0000','3F608DCDh (3448594495)','3','800','2','0',NULL,'1','46','0');
INSERT INTO `glpi_plugin_genericobject_memories` VALUES ('60','0','0','','0','0','HYNIX','','0',NULL,'2012-06-25 04:06:24','0','0000','3F608DD3h (3549257791)','3','800','2','0',NULL,'1','46','0');
INSERT INTO `glpi_plugin_genericobject_memories` VALUES ('61','0','0','','0','0','CORSAIR','','0',NULL,'2012-06-25 05:46:24','0','00000','none','4','800','2','0',NULL,'2','71','0');
INSERT INTO `glpi_plugin_genericobject_memories` VALUES ('62','0','0','','0','0','CORSAIR','','0',NULL,'2012-06-25 05:46:12','0','00000','none','4','800','2','0',NULL,'2','71','0');
INSERT INTO `glpi_plugin_genericobject_memories` VALUES ('63','0','0','','0','0','SAMSUNG','','0',NULL,'2012-06-21 00:51:22','0','0000','7149FD2Dh (771574129)','4','800','2','0',NULL,'2','0','0');
INSERT INTO `glpi_plugin_genericobject_memories` VALUES ('64','0','0','','0','0','SAMSUNG','','0',NULL,'2012-06-21 00:51:27','0','00000','540355E9h (3914662740)','4','800','2','0',NULL,'2','0','0');
INSERT INTO `glpi_plugin_genericobject_memories` VALUES ('65','0','0','KINGSTON','0','0','KINGSTON','','0',NULL,'2012-06-18 01:52:14','0','0000','B43CBC14h (347880628)','2','1333','1','0',NULL,'2','34','0');
INSERT INTO `glpi_plugin_genericobject_memories` VALUES ('66','0','0','KINGSTON','0','0','KINGSTON','','0',NULL,'2012-06-18 02:06:29','8','0000','381E19C7h (3340312120)','2','1333','1','0',NULL,'2','53','0');
INSERT INTO `glpi_plugin_genericobject_memories` VALUES ('67','0','0','KINGSTON','0','0','KINGSTON','','0',NULL,'2012-06-18 06:56:41','0','0000','440E8AEBh (3951693380','2','1333','1','0',NULL,'2','42','0');
INSERT INTO `glpi_plugin_genericobject_memories` VALUES ('68','0','0','KINGSTON','0','0','KINGSTON','','0',NULL,'2012-06-18 06:56:46','0','0000','5121B73Bh (1001857361)','2','1333','1','0',NULL,'2','42','0');
INSERT INTO `glpi_plugin_genericobject_memories` VALUES ('69','0','0','KINGSTON','0','0','KINGSTON','','0',NULL,'2012-06-18 02:32:42','0','0000','3E0E3E7Ch (2084441662)','2','1333','1','0',NULL,'2','19','0');
INSERT INTO `glpi_plugin_genericobject_memories` VALUES ('70','1','0','','0','0','GOODRAM','','0',NULL,'2012-06-18 07:23:39','0','0000','none','4','400','3','0',NULL,'2','72','0');
INSERT INTO `glpi_plugin_genericobject_memories` VALUES ('71','0','0','','0','0','GOODRAM','','0',NULL,'2012-06-18 06:55:27','0','','none','4','400','3','0',NULL,'2','66','0');
INSERT INTO `glpi_plugin_genericobject_memories` VALUES ('72','0','0','KINGSTON','0','0','KINGSTON','','0',NULL,'2012-06-18 04:13:54','0','0000','7239D878h (2027436402)','2','1333','1','0',NULL,'2','26','0');
INSERT INTO `glpi_plugin_genericobject_memories` VALUES ('73','0','0','KINGSTON','0','0','TRANSCEND','','0',NULL,'2012-06-25 04:01:45','0','0000','0007FC0Eh (251397888)','3','1333','2','0',NULL,'1','32','0');
INSERT INTO `glpi_plugin_genericobject_memories` VALUES ('74','0','0','KINGSTON','0','0','TRANSCEND','','0',NULL,'2012-06-25 04:01:51','0','0000','0007FC0Eh (251397888)','3','1333','2','0',NULL,'1','32','0');
INSERT INTO `glpi_plugin_genericobject_memories` VALUES ('75','0','0','KINGSTON','0','0','NONAME','','0',NULL,'2012-06-18 05:45:16','0','0000','00303330h (808660992)','5','1333','3','0',NULL,'2','29','0');
INSERT INTO `glpi_plugin_genericobject_memories` VALUES ('76','0','0','KINGSTON','0','0','KINGSTON','','0',NULL,'2012-06-18 05:45:46','0','0000','75049C46h (1184629877)','5','1333','3','0',NULL,'2','29','0');
INSERT INTO `glpi_plugin_genericobject_memories` VALUES ('77','0','0','KINGSTON','0','0','MICRON','','0',NULL,'2012-06-18 05:46:09','0','0000','21267FA7h (2810127905)','5','1333','3','0',NULL,'2','29','0');
INSERT INTO `glpi_plugin_genericobject_memories` VALUES ('78','0','0','KINGSTON','0','0','SAMSUNG','','0',NULL,'2012-06-18 05:46:40','0','0000','061B8E4Eh (1317935878)','5','1333','3','0',NULL,'2','29','0');
INSERT INTO `glpi_plugin_genericobject_memories` VALUES ('79','0','0','KINGSTON','0','0','KINGSTON','','0',NULL,'2012-06-18 06:17:34','0','0000','3WA0B','2','1333','1','0',NULL,'2','74','0');
INSERT INTO `glpi_plugin_genericobject_memories` VALUES ('80','0','0','KINGSTON','0','0','KINGSTON','','0',NULL,'2012-06-18 06:43:55','0','0000','932EA1EBh (3953208979)','2','1333','1','0',NULL,'2','52','0');
INSERT INTO `glpi_plugin_genericobject_memories` VALUES ('81','0','0','KINGSTON','0','0','KINGSTON','','0',NULL,'2012-06-18 07:57:26','0','0000','61394279h (2034383201)','2','1333','1','0',NULL,'2','44','0');
INSERT INTO `glpi_plugin_genericobject_memories` VALUES ('82','0','0','KINGSTON','0','0','KINGSTON','','0',NULL,'2012-06-18 08:14:54','0','0000','9437DF67h (1742682004)','2','1333','1','0',NULL,'2','57','0');
INSERT INTO `glpi_plugin_genericobject_memories` VALUES ('83','0','0','KINGSTON','0','0','KINGSTON','','0',NULL,'2012-06-19 03:43:22','0','0000','6F264C9Bh (2605459055)','4','400','3','0',NULL,'2','76','0');
INSERT INTO `glpi_plugin_genericobject_memories` VALUES ('84','0','0','KINGSTON','0','0','MICRON','','0',NULL,'2012-06-19 03:43:59','0','0000','1E2FCE39h (969813790)','5','400','3','0',NULL,'2','76','0');
INSERT INTO `glpi_plugin_genericobject_memories` VALUES ('85','0','0','KINGSTON','0','0','CORSAIR','','0',NULL,'2012-06-19 03:53:22','0','0000','none','4','400','3','0',NULL,'2','75','0');
INSERT INTO `glpi_plugin_genericobject_memories` VALUES ('86','0','0','KINGSTON','0','0','HYNIX','','0',NULL,'2012-06-19 03:54:02','0','0000','0000','4','400','3','0',NULL,'2','75','0');
INSERT INTO `glpi_plugin_genericobject_memories` VALUES ('87','0','0','KINGSTON','0','0','KINGSTON','','0',NULL,'2012-06-19 04:23:21','0','0000','98107FBDh (3179221144)','3','1333','2','0',NULL,'2','61','0');
INSERT INTO `glpi_plugin_genericobject_memories` VALUES ('88','0','0','KINGSTON','0','0','KINGSTON','','0',NULL,'2012-06-19 04:23:14','0','0000','98107ABDh (3178893464)','3','1333','2','0',NULL,'2','61','0');
INSERT INTO `glpi_plugin_genericobject_memories` VALUES ('89','0','0','','0','0','NONAME','','0',NULL,'2012-06-19 08:33:20','0','','none','4','400','3','0',NULL,'2','41','0');
INSERT INTO `glpi_plugin_genericobject_memories` VALUES ('90','0','0','','0','0','NONAME','','0',NULL,'2012-06-19 08:33:04','0','','none','4','400','3','0',NULL,'2','41','0');
INSERT INTO `glpi_plugin_genericobject_memories` VALUES ('91','0','0','KINGSTON','0','0','KINGSTON','','0',NULL,'2012-06-19 05:10:37','0','0000','9834267Bh (2066101400)','2','1333','1','0',NULL,'2','40','0');
INSERT INTO `glpi_plugin_genericobject_memories` VALUES ('92','0','0','KINGSTON','0','0','SAMSUNG','','0',NULL,'2012-06-19 07:36:09','0','0000','031E28D0h (3492290051)','4','800','3','0',NULL,'2','35','0');
INSERT INTO `glpi_plugin_genericobject_memories` VALUES ('93','0','0','KINGSTON','0','0','GOODRAM','','0',NULL,'2012-06-19 07:36:43','0','0000','none','4','400','3','0',NULL,'2','35','0');
INSERT INTO `glpi_plugin_genericobject_memories` VALUES ('94','0','0','','0','0','NONAME','','0',NULL,'2012-06-19 08:33:09','0','','none','4','400','3','0',NULL,'2','30','0');
INSERT INTO `glpi_plugin_genericobject_memories` VALUES ('95','0','0','','0','0','GOODRAM','','0',NULL,'2012-06-19 08:30:25','0','','none','4','400','3','0',NULL,'2','30','0');
INSERT INTO `glpi_plugin_genericobject_memories` VALUES ('96','0','0','','0','0','GOODRAM','','0',NULL,'2012-06-19 08:30:29','0','','none','5','400','3','0',NULL,'2','18','0');
INSERT INTO `glpi_plugin_genericobject_memories` VALUES ('97','0','0','','0','0','GOODRAM','','0',NULL,'2012-06-19 08:30:37','0','','none','5','400','3','0',NULL,'2','18','0');
INSERT INTO `glpi_plugin_genericobject_memories` VALUES ('98','0','0','','0','0','SAMSUNG','','0',NULL,'2012-06-19 07:59:39','0','','070BBA38h (951716615)','5','400','3','0',NULL,'2','18','0');
INSERT INTO `glpi_plugin_genericobject_memories` VALUES ('99','0','0','','0','0','SAMSUNG','','0',NULL,'2012-06-19 08:33:41','0','','060F290Eh (237571846)','5','400','3','0',NULL,'2','18','0');
INSERT INTO `glpi_plugin_genericobject_memories` VALUES ('100','0','0','','0','0','HYNIX','','0',NULL,'2012-06-25 07:34:49','0','','04004282h (2185363460)','4','800','2','0',NULL,'2','49','0');
INSERT INTO `glpi_plugin_genericobject_memories` VALUES ('101','0','0','','0','0','SAMSUNG','','0',NULL,'2012-06-25 07:34:49','0','','490DA212h (312610121)','4','800','2','0',NULL,'2','49','0');
INSERT INTO `glpi_plugin_genericobject_memories` VALUES ('102','0','0','','0','0','HYNIX','','0',NULL,'2012-06-25 07:34:49','0','','00005136h (911278080)','4','800','2','0',NULL,'2','49','0');
INSERT INTO `glpi_plugin_genericobject_memories` VALUES ('103','0','0','','0','0','SAMSUNG','','0',NULL,'2012-06-25 07:34:49','0','','490DA210h (279055689)','4','800','2','0',NULL,'2','49','0');
INSERT INTO `glpi_plugin_genericobject_memories` VALUES ('104','0','0','KINGSTON','0','0','KINGSTON','','0',NULL,'2012-06-20 04:39:33','0','0000','440E3E7Ch (2084441668)','2','1333','1','0',NULL,'2','55','0');
INSERT INTO `glpi_plugin_genericobject_memories` VALUES ('105','0','0','KINGSTON','0','0','KINGSTON','','0',NULL,'2012-06-26 05:17:27','0','0000','212A7512h (309668385)','3','1333','1','0',NULL,'2','51','0');
INSERT INTO `glpi_plugin_genericobject_memories` VALUES ('106','0','0','KINGSTON','0','0','KINGSTON','','0',NULL,'2012-06-26 05:17:27','0','0000','212A6E12h (309209633)','3','1333','1','0',NULL,'2','51','0');
INSERT INTO `glpi_plugin_genericobject_memories` VALUES ('107','0','0','KINGSTON','0','0','KINGSTON','','0',NULL,'2012-06-20 04:58:23','0','0000','3E0E440Ch (205786686)','2','1333','1','0',NULL,'2','13','0');
INSERT INTO `glpi_plugin_genericobject_memories` VALUES ('108','0','0','KINGSTON','0','0','KINGSTON','','0',NULL,'2012-06-27 04:18:33','0','0000','A0CCC53Dh (1036373152)','3','800','2','0',NULL,'2','10','0');
INSERT INTO `glpi_plugin_genericobject_memories` VALUES ('109','0','0','KINGSTON','0','0','KINGSTON','','0',NULL,'2012-06-20 05:15:39','0','0000','35CC7653h (1400294453)','3','800','2','0',NULL,'2','10','0');
INSERT INTO `glpi_plugin_genericobject_memories` VALUES ('110','0','0','KINGSTON','0','0','KINGSTON','','0',NULL,'2012-06-20 05:30:12','0','0000','393CBF55h (1438596153)','2','1333','1','0',NULL,'2','63','0');
INSERT INTO `glpi_plugin_genericobject_memories` VALUES ('111','0','0','','0','0','Team Group','','0',NULL,'2012-06-25 07:32:08','0','','none','2','1333','1','0',NULL,'2','11','0');
INSERT INTO `glpi_plugin_genericobject_memories` VALUES ('112','0','0','','0','0','Team Group','','0',NULL,'2012-06-25 07:32:08','0','','none','2','1333','1','0',NULL,'2','11','0');
INSERT INTO `glpi_plugin_genericobject_memories` VALUES ('113','0','0','KINGSTON','0','0','TeamGroup','','0',NULL,'2012-06-21 00:54:23','0','0000','none','3','1333','1','0',NULL,'3','23','0');
INSERT INTO `glpi_plugin_genericobject_memories` VALUES ('114','0','0','KINGSTON','0','0','TeamGroup','','0',NULL,'2012-06-21 00:55:03','0','0000','none','3','1333','1','0',NULL,'3','23','0');
INSERT INTO `glpi_plugin_genericobject_memories` VALUES ('115','0','0','KINGSTON','0','0','KINGSTON','','0',NULL,'2012-06-25 04:03:41','0','0000','68212D7Ch (2083332456)','3','800','2','0',NULL,'1','20','0');
INSERT INTO `glpi_plugin_genericobject_memories` VALUES ('116','0','0','KINGSTON','0','0','KINGSTON','','0',NULL,'2012-06-25 04:03:45','0','0000','8020036Eh (1845698688)','3','800','2','0',NULL,'1','20','0');
INSERT INTO `glpi_plugin_genericobject_memories` VALUES ('117','0','0','KINGSTON','0','0','KINGSTON','','0',NULL,'2012-06-21 01:35:59','0','0000','5B2E704Bh (1265643099)','2','1333','1','0',NULL,'2','27','0');
INSERT INTO `glpi_plugin_genericobject_memories` VALUES ('118','0','0','KINGSTON','0','0','KINGSTON','','0',NULL,'2012-06-21 01:36:19','0','0000','6620F256h (1458708582)','3','1333','1','0',NULL,'2','27','0');
INSERT INTO `glpi_plugin_genericobject_memories` VALUES ('119','0','0','KINGSTON','0','0','SAMSUNG','','0',NULL,'2012-06-21 01:59:43','0','0000','873A2423h (589576839)','4','1333','2','0',NULL,'2','33','0');
INSERT INTO `glpi_plugin_genericobject_memories` VALUES ('120','0','0','KINGSTON','0','0','GOODRAM','','0',NULL,'2012-06-21 02:00:14','0','0000','none','4','800','2','0',NULL,'2','33','0');
INSERT INTO `glpi_plugin_genericobject_memories` VALUES ('121','0','0','KINGSTON','0','0','HYNIX','','0',NULL,'2012-06-21 02:00:41','0','0000','00002015h (354418688)','4','800','2','0',NULL,'2','33','0');
INSERT INTO `glpi_plugin_genericobject_memories` VALUES ('122','0','0','KINGSTON','0','0','GOODRAM','','0',NULL,'2012-06-21 02:01:16','0','0000','none','4','800','2','0',NULL,'2','33','0');
INSERT INTO `glpi_plugin_genericobject_memories` VALUES ('123','0','0','KINGSTON','0','0','KINGSTON','','0',NULL,'2012-06-21 02:05:21','0','0000','98CCF233h (871550104)','3','800','2','0',NULL,'2','48','0');
INSERT INTO `glpi_plugin_genericobject_memories` VALUES ('124','0','0','KINGSTON','0','0','KINGSTON','','0',NULL,'2012-06-21 02:05:42','0','0000','74CC74C6h (3329543284)','3','800','2','0',NULL,'2','48','0');
INSERT INTO `glpi_plugin_genericobject_memories` VALUES ('125','0','0','KINGSTON','0','0','SAMSUNG','','0',NULL,'2012-06-21 02:57:03','0','0000','060F1DE3h (3810332422)','5','400','3','0',NULL,'2','77','0');
INSERT INTO `glpi_plugin_genericobject_memories` VALUES ('126','0','0','KINGSTON','0','0','SAMSUNG','','0',NULL,'2012-06-21 02:57:30','0','0000','060F1DEDh (3978104582)','5','1333','3','0',NULL,'2','77','0');
INSERT INTO `glpi_plugin_genericobject_memories` VALUES ('127','0','0','','0','0','noname','','0',NULL,'2012-06-25 07:17:24','0','','none','5','400','3','0',NULL,'2','9','0');
INSERT INTO `glpi_plugin_genericobject_memories` VALUES ('128','0','0','','0','0','SAMSUNG','','0',NULL,'2012-06-25 07:17:24','0','','070BBA3Dh (1035602695)','5','400','3','0',NULL,'2','9','0');
INSERT INTO `glpi_plugin_genericobject_memories` VALUES ('129','0','0','','0','0','GOODRAM','','0',NULL,'2012-06-25 07:17:24','0','','none','5','400','3','0',NULL,'2','9','0');
INSERT INTO `glpi_plugin_genericobject_memories` VALUES ('130','0','0','','0','0','GOODRAM','','0',NULL,'2012-06-25 07:17:24','0','','none','5','400','3','0',NULL,'2','9','0');
INSERT INTO `glpi_plugin_genericobject_memories` VALUES ('131','0','0','KINGSTON','0','0','HYNIX','','0',NULL,'2012-06-25 04:10:24','0','0000','00004015h (356515840)','4','800','2','0',NULL,'1','8','0');
INSERT INTO `glpi_plugin_genericobject_memories` VALUES ('132','0','0','KINGSTON','0','0','SpecTek','','0',NULL,'2012-06-25 04:10:20','0','0000','23596C17h (392976675)','3','1333','2','0',NULL,'1','8','0');
INSERT INTO `glpi_plugin_genericobject_memories` VALUES ('133','0','0','','0','0','GOODRAM','','0',NULL,'2012-06-25 07:34:21','0','','GD6901559','4','800','2','0',NULL,'1','71','0');
INSERT INTO `glpi_plugin_genericobject_memories` VALUES ('134','1','0','','0','0','HYNIX','','0',NULL,'2012-06-21 07:39:01','0','','HYMD264646B8R-D43','5','','3','0',NULL,'2','71','0');
INSERT INTO `glpi_plugin_genericobject_memories` VALUES ('135','1','0','','0','0','HYNIX','','0',NULL,'2012-06-21 07:39:01','0','','HYMD264646B8R-D43WD','5','','3','0',NULL,'2','71','0');
INSERT INTO `glpi_plugin_genericobject_memories` VALUES ('136','0','1','hynix','0','0','HYNIX','','0',NULL,'2012-06-21 07:53:25','0','','none','5','','3','0',NULL,'2','71','0');
INSERT INTO `glpi_plugin_genericobject_memories` VALUES ('137','0','0','hynix','0','0','HYNIX','','0',NULL,'2012-06-25 07:17:24','0','','none','5','400','3','0',NULL,'2','71','0');
INSERT INTO `glpi_plugin_genericobject_memories` VALUES ('138','0','0','hynix','0','0','HYNIX','','0',NULL,'2012-06-25 07:17:24','0','','none','5','400','3','0',NULL,'2','71','0');
INSERT INTO `glpi_plugin_genericobject_memories` VALUES ('139','0','0','hynix','0','0','HYNIX','','0',NULL,'2012-06-25 07:17:24','0','','none','5','400','3','0',NULL,'2','71','0');
INSERT INTO `glpi_plugin_genericobject_memories` VALUES ('140','0','0','hynix','0','0','HYNIX','','0',NULL,'2012-06-25 07:17:24','0','','none','5','400','3','0',NULL,'2','71','0');
INSERT INTO `glpi_plugin_genericobject_memories` VALUES ('141','0','0','hynix','0','0','SAMSUNG','','0',NULL,'2012-06-25 07:17:24','0','','M36L6423HUN','5','400','3','0',NULL,'2','71','0');
INSERT INTO `glpi_plugin_genericobject_memories` VALUES ('142','0','0','hynix','0','0','SAMSUNG','','0',NULL,'2012-06-25 07:17:24','0','','M368L3223ETN','6','400','3','0',NULL,'1','71','0');
INSERT INTO `glpi_plugin_genericobject_memories` VALUES ('143','0','0','hynix','0','0','NONAME','','0',NULL,'2012-06-25 07:17:24','0','','2704144-01378','6','400','3','0',NULL,'1','71','0');
INSERT INTO `glpi_plugin_genericobject_memories` VALUES ('144','0','0','hynix','0','0','NONAME','','0',NULL,'2012-06-25 07:17:24','0','','0307D0CH11380051','6','400','3','0',NULL,'1','71','0');
INSERT INTO `glpi_plugin_genericobject_memories` VALUES ('145','0','0','hynix','0','0','NONAME','','0',NULL,'2012-06-25 07:17:24','0','','403F3G3TH','6','400','3','0',NULL,'1','71','0');
INSERT INTO `glpi_plugin_genericobject_memories` VALUES ('146','0','0','hynix','0','0','CORSAIR','','0',NULL,'2012-06-25 07:34:21','0','','07175003-0-171370','4','800','2','0',NULL,'2','71','0');
INSERT INTO `glpi_plugin_genericobject_memories` VALUES ('147','0','0','hynix','0','0','CORSAIR','','0',NULL,'2012-06-25 07:34:21','0','','07175003-0-171385','4','800','2','0',NULL,'2','71','0');
INSERT INTO `glpi_plugin_genericobject_memories` VALUES ('148','0','0','hynix','0','0','SAMSUNG','','0',NULL,'2012-06-25 07:34:21','0','','M378T2953EZ3','4','800','2','0',NULL,'2','71','0');
INSERT INTO `glpi_plugin_genericobject_memories` VALUES ('149','0','0','hynix','0','0','SAMSUNG','','0',NULL,'2012-06-25 07:34:21','0','','M378T6553EZ3','4','800','2','0',NULL,'2','71','0');
INSERT INTO `glpi_plugin_genericobject_memories` VALUES ('150','0','0','','0','0','SpecTek','','0',NULL,'2012-06-25 07:34:21','0','','PE256M6416U48TD2J-25X','4','800','2','0',NULL,'2','71','0');
INSERT INTO `glpi_plugin_genericobject_memories` VALUES ('151','0','0','','0','0','SAMSUNG','','0',NULL,'2012-06-25 07:34:21','0','','M378T6553EZ3-CE6','5','800','2','0',NULL,'2','71','0');
INSERT INTO `glpi_plugin_genericobject_memories` VALUES ('152','0','0','hynix','0','0','SAMSUNG','','0',NULL,'2012-06-25 07:30:56','0','','M471B2873GB0-CH9','4','1333','4','0',NULL,'2','71','0');
INSERT INTO `glpi_plugin_genericobject_memories` VALUES ('153','0','0','hynix','0','0','SAMSUNG','','0',NULL,'2012-06-25 07:30:56','0','','M471B2873GB0-CH9','4','1333','4','0',NULL,'2','71','0');
INSERT INTO `glpi_plugin_genericobject_memories` VALUES ('156','0','0','hynix','0','0','HYNIX','','0',NULL,'2012-06-25 07:30:56','0','','HMT312S6BFR6C-H9-1203','4','1333','4','0',NULL,'3','71','0');
INSERT INTO `glpi_plugin_genericobject_memories` VALUES ('154','0','0','hynix','0','0','HYNIX','','0',NULL,'2012-06-25 07:30:56','0','','HMT312S6BFR6C-H9-1130','4','1333','4','0',NULL,'3','71','0');
INSERT INTO `glpi_plugin_genericobject_memories` VALUES ('155','0','0','hynix','0','0','HYNIX','','0',NULL,'2012-06-25 07:30:56','0','','HMT312S6BFR6C-H9-1130','4','1333','4','0',NULL,'3','71','0');
INSERT INTO `glpi_plugin_genericobject_memories` VALUES ('157','0','0','hynix','0','0','HYNIX','','0',NULL,'2012-06-25 07:30:56','0','','HMT312S6BFR6C-H9-1203','4','1333','4','0',NULL,'3','71','0');
INSERT INTO `glpi_plugin_genericobject_memories` VALUES ('158','0','0','hynix','0','0','NONAME','','0',NULL,'2012-06-26 02:47:33','0','','none','4','','3','0',NULL,'2','21','0');
INSERT INTO `glpi_plugin_genericobject_memories` VALUES ('159','0','0','hynix','0','0','NONAME','','0',NULL,'2012-06-26 02:47:54','0','','none','4','','3','0',NULL,'2','21','0');
INSERT INTO `glpi_plugin_genericobject_memories` VALUES ('160','0','0','hynix','0','0','NONAME','','0',NULL,'2012-06-26 02:51:14','0','','none','4','','3','0',NULL,'2','36','0');
INSERT INTO `glpi_plugin_genericobject_memories` VALUES ('161','0','0','hynix','0','0','NONAME','','0',NULL,'2012-06-26 02:51:32','0','','none','4','','3','0',NULL,'2','36','0');
INSERT INTO `glpi_plugin_genericobject_memories` VALUES ('162','0','0','KINGSTON','0','0','KINGSTON','','0',NULL,'2012-06-29 03:02:52','0','0000','AW3D6','2','1333','1','0',NULL,'3','69','0');
INSERT INTO `glpi_plugin_genericobject_memories` VALUES ('163','0','0','KINGSTON','0','0','KINGSTON','','0',NULL,'2012-06-29 03:03:01','0','0000','BWW4F','2','1333','1','0',NULL,'3','69','0');

### Dump table glpi_plugin_genericobject_memorietypes

DROP TABLE IF EXISTS `glpi_plugin_genericobject_memorietypes`;
CREATE TABLE `glpi_plugin_genericobject_memorietypes` (
  `id` int(11) NOT NULL AUTO_INCREMENT,
  `name` varchar(255) COLLATE utf8_unicode_ci DEFAULT NULL,
  `comment` text COLLATE utf8_unicode_ci,
  PRIMARY KEY (`id`),
  KEY `name` (`name`)
) ENGINE=MyISAM  DEFAULT CHARSET=utf8 COLLATE=utf8_unicode_ci;

INSERT INTO `glpi_plugin_genericobject_memorietypes` VALUES ('1','DDR3','');
INSERT INTO `glpi_plugin_genericobject_memorietypes` VALUES ('2','DDR2','');
INSERT INTO `glpi_plugin_genericobject_memorietypes` VALUES ('3','DDR','');
INSERT INTO `glpi_plugin_genericobject_memorietypes` VALUES ('4','SO-DDR3','');

### Dump table glpi_plugin_genericobject_motherboardcategories

DROP TABLE IF EXISTS `glpi_plugin_genericobject_motherboardcategories`;
CREATE TABLE `glpi_plugin_genericobject_motherboardcategories` (
  `id` int(11) NOT NULL AUTO_INCREMENT,
  `name` varchar(255) COLLATE utf8_unicode_ci DEFAULT NULL,
  `comment` text COLLATE utf8_unicode_ci,
  PRIMARY KEY (`id`),
  KEY `name` (`name`)
) ENGINE=MyISAM  DEFAULT CHARSET=utf8 COLLATE=utf8_unicode_ci;

INSERT INTO `glpi_plugin_genericobject_motherboardcategories` VALUES ('1','2 Slots','');
INSERT INTO `glpi_plugin_genericobject_motherboardcategories` VALUES ('2','4 slots','');

### Dump table glpi_plugin_genericobject_motherboardmodels

DROP TABLE IF EXISTS `glpi_plugin_genericobject_motherboardmodels`;
CREATE TABLE `glpi_plugin_genericobject_motherboardmodels` (
  `id` int(11) NOT NULL AUTO_INCREMENT,
  `name` varchar(255) COLLATE utf8_unicode_ci DEFAULT NULL,
  `comment` text COLLATE utf8_unicode_ci,
  PRIMARY KEY (`id`),
  KEY `name` (`name`)
) ENGINE=MyISAM  DEFAULT CHARSET=utf8 COLLATE=utf8_unicode_ci;

INSERT INTO `glpi_plugin_genericobject_motherboardmodels` VALUES ('1','P5G-MX','');
INSERT INTO `glpi_plugin_genericobject_motherboardmodels` VALUES ('2','GA-H61M-D2-B3','');
INSERT INTO `glpi_plugin_genericobject_motherboardmodels` VALUES ('3','GA-P55A-UD3','');
INSERT INTO `glpi_plugin_genericobject_motherboardmodels` VALUES ('4','P5G41TD-M Pro','');
INSERT INTO `glpi_plugin_genericobject_motherboardmodels` VALUES ('5','GA-H61MA-D3V','');
INSERT INTO `glpi_plugin_genericobject_motherboardmodels` VALUES ('6','P5Q SE/R ','');
INSERT INTO `glpi_plugin_genericobject_motherboardmodels` VALUES ('7','GA-H61M-D2H-USB3','');
INSERT INTO `glpi_plugin_genericobject_motherboardmodels` VALUES ('8','P5G41T-M LE','');
INSERT INTO `glpi_plugin_genericobject_motherboardmodels` VALUES ('9','P5G41T-M LX2/GB','');
INSERT INTO `glpi_plugin_genericobject_motherboardmodels` VALUES ('10','P5GZ-MX','');
INSERT INTO `glpi_plugin_genericobject_motherboardmodels` VALUES ('11','GA-Z68M-D2H','');
INSERT INTO `glpi_plugin_genericobject_motherboardmodels` VALUES ('12','DP43TF','');
INSERT INTO `glpi_plugin_genericobject_motherboardmodels` VALUES ('13','G41C-VS','');
INSERT INTO `glpi_plugin_genericobject_motherboardmodels` VALUES ('14','6100K8MB-RS(H)','');
INSERT INTO `glpi_plugin_genericobject_motherboardmodels` VALUES ('15','K8NF6G-VSTA','');
INSERT INTO `glpi_plugin_genericobject_motherboardmodels` VALUES ('16','P5Q SE','');
INSERT INTO `glpi_plugin_genericobject_motherboardmodels` VALUES ('17','P5QL','');
INSERT INTO `glpi_plugin_genericobject_motherboardmodels` VALUES ('18','GA-945P-S3','');
INSERT INTO `glpi_plugin_genericobject_motherboardmodels` VALUES ('19','945GC-M7 TE','');
INSERT INTO `glpi_plugin_genericobject_motherboardmodels` VALUES ('20','P8H67-M LX','');
INSERT INTO `glpi_plugin_genericobject_motherboardmodels` VALUES ('21','H67M-D2-B3','');
INSERT INTO `glpi_plugin_genericobject_motherboardmodels` VALUES ('22','K9N6PGM','');
INSERT INTO `glpi_plugin_genericobject_motherboardmodels` VALUES ('23','H61M-D2H','');
INSERT INTO `glpi_plugin_genericobject_motherboardmodels` VALUES ('24','P5P800-VM','');
INSERT INTO `glpi_plugin_genericobject_motherboardmodels` VALUES ('25','GA-H61M-S2PV','');
INSERT INTO `glpi_plugin_genericobject_motherboardmodels` VALUES ('26','6100K8MB','');
INSERT INTO `glpi_plugin_genericobject_motherboardmodels` VALUES ('27','ECS C51GM-M','');
INSERT INTO `glpi_plugin_genericobject_motherboardmodels` VALUES ('28','P5GD1-VM','');
INSERT INTO `glpi_plugin_genericobject_motherboardmodels` VALUES ('29','P5QL-E','');
INSERT INTO `glpi_plugin_genericobject_motherboardmodels` VALUES ('30','P5QL-SE','');
INSERT INTO `glpi_plugin_genericobject_motherboardmodels` VALUES ('31','GA-G41MT-S2PT','');
INSERT INTO `glpi_plugin_genericobject_motherboardmodels` VALUES ('32','H55M-UD2H ','');
INSERT INTO `glpi_plugin_genericobject_motherboardmodels` VALUES ('33','C51-MCP51','');
INSERT INTO `glpi_plugin_genericobject_motherboardmodels` VALUES ('34','A8N5X','');
INSERT INTO `glpi_plugin_genericobject_motherboardmodels` VALUES ('35','K8NF4G','');
INSERT INTO `glpi_plugin_genericobject_motherboardmodels` VALUES ('36','P4P800-VM','');
INSERT INTO `glpi_plugin_genericobject_motherboardmodels` VALUES ('37','K8M890M2MA','');
INSERT INTO `glpi_plugin_genericobject_motherboardmodels` VALUES ('38','NB35-TS','');
INSERT INTO `glpi_plugin_genericobject_motherboardmodels` VALUES ('39','NB350TS','');
INSERT INTO `glpi_plugin_genericobject_motherboardmodels` VALUES ('40','NB35-TS','');
INSERT INTO `glpi_plugin_genericobject_motherboardmodels` VALUES ('41','K8NF','');

### Dump table glpi_plugin_genericobject_motherboards

DROP TABLE IF EXISTS `glpi_plugin_genericobject_motherboards`;
CREATE TABLE `glpi_plugin_genericobject_motherboards` (
  `id` int(11) NOT NULL AUTO_INCREMENT,
  `is_deleted` tinyint(1) NOT NULL DEFAULT '0',
  `is_template` tinyint(1) NOT NULL DEFAULT '0',
  `template_name` varchar(255) COLLATE utf8_unicode_ci NOT NULL DEFAULT '',
  `entities_id` int(11) NOT NULL DEFAULT '0',
  `is_recursive` tinyint(1) NOT NULL DEFAULT '0',
  `name` varchar(255) COLLATE utf8_unicode_ci NOT NULL DEFAULT '',
  `comment` text COLLATE utf8_unicode_ci,
  `is_helpdesk_visible` tinyint(1) NOT NULL DEFAULT '0',
  `notepad` text COLLATE utf8_unicode_ci,
  `date_mod` datetime DEFAULT NULL,
  `locations_id` int(11) NOT NULL DEFAULT '0',
  `otherserial` varchar(255) COLLATE utf8_unicode_ci NOT NULL DEFAULT '',
  `serial` varchar(255) COLLATE utf8_unicode_ci NOT NULL DEFAULT '',
  `plugin_genericobject_motherboardmodels_id` int(11) NOT NULL DEFAULT '0',
  `plugin_genericobject_motherboardtypes_id` int(11) NOT NULL DEFAULT '0',
  `users_id` int(11) NOT NULL DEFAULT '0',
  `groups_id` int(11) NOT NULL DEFAULT '0',
  `plugin_genericobject_motherboardcategories_id` int(11) NOT NULL DEFAULT '0',
  `states_id` int(11) NOT NULL DEFAULT '0',
  PRIMARY KEY (`id`)
) ENGINE=MyISAM  DEFAULT CHARSET=utf8 COLLATE=utf8_unicode_ci COMMENT='PluginGenericobjectMotherboard';

INSERT INTO `glpi_plugin_genericobject_motherboards` VALUES ('1','0','0','','0','0','ASUS','','0',NULL,'2012-06-12 09:39:46','0','0000','MF707AG01111640','1','2','73','1','1','0');
INSERT INTO `glpi_plugin_genericobject_motherboards` VALUES ('2','0','0','','0','0','GIGABYTE','','0',NULL,'2012-05-31 09:29:06','0','0000','50E549213150','2','3','62','3','1','0');
INSERT INTO `glpi_plugin_genericobject_motherboards` VALUES ('3','0','0','','0','0','GIGABYTE','','0',NULL,'2012-06-13 05:58:11','0','0000000','1C6F653E05DA','3','4','22','3','2','12');
INSERT INTO `glpi_plugin_genericobject_motherboards` VALUES ('4','0','0','','0','0','ASUS','','0',NULL,'2012-06-01 02:35:17','0','0000','105859960000710','4','2','45','3','1','0');
INSERT INTO `glpi_plugin_genericobject_motherboards` VALUES ('5','0','0','','0','0','GIGABYTE','','0',NULL,'2012-06-06 05:34:35','0','000000','50E549CA7627','5','2','68','3','1','0');
INSERT INTO `glpi_plugin_genericobject_motherboards` VALUES ('6','0','0','','0','0','GIGABYTE','','0',NULL,'2012-06-12 04:32:58','0','0000','50E549226833','2','3','16','3','1','0');
INSERT INTO `glpi_plugin_genericobject_motherboards` VALUES ('7','0','0','','0','0','GIGABYTE','','0',NULL,'2012-06-06 05:57:10','0','0000000','50E549213026','2','3','70','3','1','0');
INSERT INTO `glpi_plugin_genericobject_motherboards` VALUES ('8','0','0','','0','0','ASUS','','0',NULL,'2012-06-29 02:59:26','0','0000','MS1C88BSCP01286','6','2','80','1','2','0');
INSERT INTO `glpi_plugin_genericobject_motherboards` VALUES ('9','0','0','','0','0','GIGABYTE','','0',NULL,'2012-06-12 02:36:13','0','0000','50E549CA78D0','5','3','17','3','1','0');
INSERT INTO `glpi_plugin_genericobject_motherboards` VALUES ('10','0','0','','0','0','GIGABYTE','','0',NULL,'2012-06-12 02:29:22','0','0000','50E549D3FD86','7','3','43','3','2','0');
INSERT INTO `glpi_plugin_genericobject_motherboards` VALUES ('11','0','0','','0','0','ASUS','','0',NULL,'2012-06-12 02:17:54','0','0000','106561700000532','8','2','24','3','1','0');
INSERT INTO `glpi_plugin_genericobject_motherboards` VALUES ('12','0','0','','0','0','ASUS','','0',NULL,'2012-06-12 02:09:54','0','00000','MT121321456465454','9','2','39','3','1','0');
INSERT INTO `glpi_plugin_genericobject_motherboards` VALUES ('13','0','0','','0','0','ASUS','','0',NULL,'2012-06-12 05:36:25','0','0000','MB-1234567890','10','2','50','1','1','0');
INSERT INTO `glpi_plugin_genericobject_motherboards` VALUES ('14','0','0','','0','0','ASUS','','0',NULL,'2012-06-12 05:38:52','0','0000','MF7079G04701945','1','2','54','1','1','0');
INSERT INTO `glpi_plugin_genericobject_motherboards` VALUES ('15','0','0','','0','0','GIGABYTE','','0',NULL,'2012-06-12 03:24:22','0','0000','1C6F65DFE669','2','3','25','3','1','0');
INSERT INTO `glpi_plugin_genericobject_motherboards` VALUES ('16','0','0','','0','0','ASUS','','0',NULL,'2012-06-12 05:56:31','0','0000','MF707AG01111350','1','2','28','1','1','0');
INSERT INTO `glpi_plugin_genericobject_motherboards` VALUES ('17','0','0','','0','0','ASUS','','0',NULL,'2012-06-12 02:52:46','0','0000','MT121321456465454','9','2','64','3','1','0');
INSERT INTO `glpi_plugin_genericobject_motherboards` VALUES ('18','0','0','','0','0','GIGABYTE','','0',NULL,'2012-06-12 04:58:10','0','0000','50E549597FFA','11','3','47','3','2','0');
INSERT INTO `glpi_plugin_genericobject_motherboards` VALUES ('19','0','0','','0','0','INTEL','','0',NULL,'2012-06-12 05:47:25','0','0000','USTF834008UU','12','2','58','1','2','0');
INSERT INTO `glpi_plugin_genericobject_motherboards` VALUES ('20','0','0','','0','0','ASUS','','0',NULL,'2012-06-12 04:37:43','0','0000','MB-1234567890','10','2','12','3','1','0');
INSERT INTO `glpi_plugin_genericobject_motherboards` VALUES ('21','0','0','','0','0','ASROCK','','0',NULL,'2012-06-06 05:46:09','0','0000','9BMOX1082944','13','2','60','3','2','0');
INSERT INTO `glpi_plugin_genericobject_motherboards` VALUES ('22','0','0','','0','0','GIGABYTE','','0',NULL,'2012-06-12 05:06:44','0','0000','50E5493E857D','2','3','37','3','1','0');
INSERT INTO `glpi_plugin_genericobject_motherboards` VALUES ('23','0','0','','0','0','Foxconn','','0',NULL,'2012-06-26 02:46:37','0','0000','WY3T63001620','14','5','21','2','1','0');
INSERT INTO `glpi_plugin_genericobject_motherboards` VALUES ('24','0','0','','0','0','ASROCK','','0',NULL,'2012-06-26 02:50:10','0','0000','6am0x1244344','15','5','36','2','1','0');
INSERT INTO `glpi_plugin_genericobject_motherboards` VALUES ('25','0','0','','0','0','GIGABYTE','','0',NULL,'2012-06-26 02:38:23','0','0000','50e54921390d','2','3','38','2','1','0');
INSERT INTO `glpi_plugin_genericobject_motherboards` VALUES ('26','0','0','','0','0','ASUS','','0',NULL,'2012-06-26 05:03:13','0','0000','MS1C89B23201652','16','2','33','2','2','0');
INSERT INTO `glpi_plugin_genericobject_motherboards` VALUES ('27','0','0','','0','0','ASUS','','0',NULL,'2012-06-21 02:06:17','0','0000','MS1C96B48800437','17','2','48','2','2','0');
INSERT INTO `glpi_plugin_genericobject_motherboards` VALUES ('28','1','0','','0','0','GIGABYTE','','0',NULL,'2012-06-18 01:37:13','0','','','18','2','23','2','2','0');
INSERT INTO `glpi_plugin_genericobject_motherboards` VALUES ('29','0','0','','0','0','ASUS','','0',NULL,'2012-06-25 03:59:53','0','000000000','MF7079G04716120','1','2','32','1','1','0');
INSERT INTO `glpi_plugin_genericobject_motherboards` VALUES ('30','0','0','','0','0','ASrock','','0',NULL,'2012-06-19 08:23:48','0','00000000','6CM0X1043040','15','5','56','2','1','0');
INSERT INTO `glpi_plugin_genericobject_motherboards` VALUES ('31','0','0','','0','0','Biostar','','0',NULL,'2012-06-25 04:06:16','0','0000','000','19','2','46','1','1','0');
INSERT INTO `glpi_plugin_genericobject_motherboards` VALUES ('32','0','0','','0','0','GIGABYTE','','0',NULL,'2012-06-21 00:50:12','0','','113960026150','31','2','23','2','2','0');
INSERT INTO `glpi_plugin_genericobject_motherboards` VALUES ('33','0','0','','0','0','ASUS','','0',NULL,'2012-06-19 08:22:53','0','0000','MF70B3G02400297','20','3','34','2','2','0');
INSERT INTO `glpi_plugin_genericobject_motherboards` VALUES ('34','0','0','','0','0','ASUS','','0',NULL,'2012-06-18 06:53:35','0','00000000','50E549382D8D','21','3','53','2','2','0');
INSERT INTO `glpi_plugin_genericobject_motherboards` VALUES ('35','1','0','','0','0','GIGABYTE','','0',NULL,'2012-06-18 06:52:56','0','0000','50E549382D3A','21','3','40','2','0','0');
INSERT INTO `glpi_plugin_genericobject_motherboards` VALUES ('36','0','0','','0','0','GIGABYTE','','0',NULL,'2012-06-18 06:53:17','0','','50E549382D3A','21','3','42','2','2','0');
INSERT INTO `glpi_plugin_genericobject_motherboards` VALUES ('37','0','0','','0','0','GIGABYTE','','0',NULL,'2012-06-18 06:37:19','0','0000','50e549382q2A','21','3','19','2','2','0');
INSERT INTO `glpi_plugin_genericobject_motherboards` VALUES ('38','0','0','','0','0','GIGABYTE','','0',NULL,'2012-06-18 06:41:16','9','0000','50E549382D26','21','3','52','2','2','0');
INSERT INTO `glpi_plugin_genericobject_motherboards` VALUES ('39','0','0','','0','0','MSI','','0',NULL,'2012-06-18 06:38:40','0','0000','0019DB599F5C','22','6','66','2','1','0');
INSERT INTO `glpi_plugin_genericobject_motherboards` VALUES ('40','0','0','','0','0','GIGABYTE','','0',NULL,'2012-06-18 04:13:15','0','','50E5499C8394','23','3','26','2','2','0');
INSERT INTO `glpi_plugin_genericobject_motherboards` VALUES ('41','0','0','','0','0','ASUS','','0',NULL,'2012-06-18 05:40:59','10','','66MDAC791531','24','2','29','2','2','0');
INSERT INTO `glpi_plugin_genericobject_motherboards` VALUES ('42','0','0','','0','0','GIGABYTE','','0',NULL,'2012-06-18 06:36:47','0','','SN121190034600','25','3','74','2','2','0');
INSERT INTO `glpi_plugin_genericobject_motherboards` VALUES ('43','0','0','','0','0','GIGABYTE','','0',NULL,'2012-06-18 07:56:47','11','','50E5499C8A1F','2','3','44','2','2','0');
INSERT INTO `glpi_plugin_genericobject_motherboards` VALUES ('44','0','0','','0','0','GIGABYTE','','0',NULL,'2012-06-18 08:14:07','10','00000000',' 50E549213746','21','3','57','2','2','0');
INSERT INTO `glpi_plugin_genericobject_motherboards` VALUES ('45','0','0','','0','0','ASrock','','0',NULL,'2012-06-19 03:49:31','0','','6cm0x04303','15','5','76','2','1','0');
INSERT INTO `glpi_plugin_genericobject_motherboards` VALUES ('46','0','0','','0','0','Foxconn ','','0',NULL,'2012-06-19 03:51:24','0','','WY3T63001618','26','5','75','2','1','0');
INSERT INTO `glpi_plugin_genericobject_motherboards` VALUES ('47','0','0','','0','0','ASUS','','0',NULL,'2012-06-19 08:24:24','11','','74M0AB188648','10','2','61','2','1','0');
INSERT INTO `glpi_plugin_genericobject_motherboards` VALUES ('48','0','0','','0','0','ASrock','','0',NULL,'2012-06-19 08:23:19','0','','6cm0x1043032','15','5','41','2','1','0');
INSERT INTO `glpi_plugin_genericobject_motherboards` VALUES ('49','0','0','','0','0','GIGABYTE','','0',NULL,'2012-06-19 08:26:41','0','','50e5499c868d','23','3','40','2','2','0');
INSERT INTO `glpi_plugin_genericobject_motherboards` VALUES ('50','0','0','','0','0','Elitegroup','','0',NULL,'2012-06-19 08:26:16','0','','k7510gb2807677','27','6','35','2','1','0');
INSERT INTO `glpi_plugin_genericobject_motherboards` VALUES ('51','0','0','','0','0','ASrock','','0',NULL,'2012-06-19 08:23:13','0','','6am0x1182786','15','5','30','2','1','0');
INSERT INTO `glpi_plugin_genericobject_motherboards` VALUES ('52','0','0','','0','0','ASUS','','0',NULL,'2012-06-19 08:25:27','0','','5CM0AC575462','28','2','18','2','2','0');
INSERT INTO `glpi_plugin_genericobject_motherboards` VALUES ('53','0','0','','0','0','ASUS','','0',NULL,'2012-06-20 05:02:37','0','','MS1C86BLWS00863','29','2','49','2','2','0');
INSERT INTO `glpi_plugin_genericobject_motherboards` VALUES ('54','0','0','','0','0','GIGABYTE','','0',NULL,'2012-06-25 03:48:47','0','','50e549382ce2','21','3','55','2','1','0');
INSERT INTO `glpi_plugin_genericobject_motherboards` VALUES ('55','0','0','','0','0','GIGABYTE','','0',NULL,'2012-06-20 04:46:24','14','','50e5499f09a1','23','3','51','2','2','0');
INSERT INTO `glpi_plugin_genericobject_motherboards` VALUES ('56','0','0','','0','0','GIGABYTE','','0',NULL,'2012-06-25 03:47:56','0','','50E549382D35','21','3','13','2','1','0');
INSERT INTO `glpi_plugin_genericobject_motherboards` VALUES ('57','0','0','','0','0','ASUS','','0',NULL,'2012-06-25 03:05:20','0','','MS6C96B50501816','30','2','10','2','1','0');
INSERT INTO `glpi_plugin_genericobject_motherboards` VALUES ('58','0','0','','0','0','GIGABYTE','','0',NULL,'2012-06-25 03:48:21','0','','50e549213028','2','3','63','2','1','0');
INSERT INTO `glpi_plugin_genericobject_motherboards` VALUES ('59','0','0','','0','0','GIGABYTE','','0',NULL,'2012-06-25 03:49:23','0','','50e5499f0824','23','3','11','2','2','0');
INSERT INTO `glpi_plugin_genericobject_motherboards` VALUES ('60','0','0','','0','0','INTEL','','0',NULL,'2012-06-25 04:03:22','0','','USTF8340027Z','12','2','20','1','2','0');
INSERT INTO `glpi_plugin_genericobject_motherboards` VALUES ('61','0','0','','0','0','GIGABYTE','','0',NULL,'2012-06-25 05:27:04','0','','4c6f6523fb1b','32','4','27','2','2','0');
INSERT INTO `glpi_plugin_genericobject_motherboards` VALUES ('62','0','0','','0','0','GIGABYTE','','0',NULL,'2012-06-25 03:51:08','0','','','33','5','77','2','1','0');
INSERT INTO `glpi_plugin_genericobject_motherboards` VALUES ('63','0','0','','0','0','ASUS','','0',NULL,'2012-06-25 03:45:02','0','','58mv0h6008','34','7','9','2','2','0');
INSERT INTO `glpi_plugin_genericobject_motherboards` VALUES ('64','0','0','','0','0','ASUS','','0',NULL,'2012-06-25 04:10:27','0','','74m0ab188650','10','2','8','1','1','0');
INSERT INTO `glpi_plugin_genericobject_motherboards` VALUES ('65','0','0','','0','0','ASrock','','0',NULL,'2012-06-25 03:02:36','0','','61M0X1397356','35','5','71','2','1','0');
INSERT INTO `glpi_plugin_genericobject_motherboards` VALUES ('66','0','0','','0','0','ASrock','','0',NULL,'2012-06-25 03:02:36','0','','61M0X1397355','35','5','71','2','1','0');
INSERT INTO `glpi_plugin_genericobject_motherboards` VALUES ('67','0','0','','0','0','ASUS','','0',NULL,'2012-06-25 03:46:50','0','','45MM2X5005','36','8','71','1','2','0');
INSERT INTO `glpi_plugin_genericobject_motherboards` VALUES ('68','0','0','','0','0','GIGABYTE','','0',NULL,'2012-06-25 03:53:15','0','','0019DB599F39','22','6','71','2','1','0');
INSERT INTO `glpi_plugin_genericobject_motherboards` VALUES ('69','0','0','','0','0','Foxconn ','','0',NULL,'2012-06-25 03:53:55','0','','00155851F978','37','6','71','3','1','0');
INSERT INTO `glpi_plugin_genericobject_motherboards` VALUES ('70','0','0','','0','0','INTEL','','0',NULL,'2012-06-25 03:55:32','0','','','38','8','71','1','1','0');
INSERT INTO `glpi_plugin_genericobject_motherboards` VALUES ('71','0','0','','0','0','INTEL','','0',NULL,'2012-06-25 03:55:32','0','','','38','8','71','1','1','0');
INSERT INTO `glpi_plugin_genericobject_motherboards` VALUES ('72','0','0','','0','0','ASrock','','0',NULL,'2012-06-25 03:02:36','0','0000','61M0X1397358','35','5','71','2','1','0');
INSERT INTO `glpi_plugin_genericobject_motherboards` VALUES ('73','0','0','','0','0','ASUS','','0',NULL,'2012-06-25 03:47:10','0','','45MM2X7447','36','8','71','1','2','0');
INSERT INTO `glpi_plugin_genericobject_motherboards` VALUES ('74','0','0','','0','0','GIGABYTE','','0',NULL,'2012-06-25 03:54:28','0','','001a4d236C42','18','2','71','2','2','0');
INSERT INTO `glpi_plugin_genericobject_motherboards` VALUES ('75','0','0','','0','0','ASUS','','0',NULL,'2012-06-25 03:47:10','0','','43MG077581','36','8','71','1','2','0');
INSERT INTO `glpi_plugin_genericobject_motherboards` VALUES ('76','0','0','','0','0','GIGABYTE','','0',NULL,'2012-06-29 03:02:35','0','','121140000120','5','3','69','3','1','0');

### Dump table glpi_plugin_genericobject_motherboardtypes

DROP TABLE IF EXISTS `glpi_plugin_genericobject_motherboardtypes`;
CREATE TABLE `glpi_plugin_genericobject_motherboardtypes` (
  `id` int(11) NOT NULL AUTO_INCREMENT,
  `name` varchar(255) COLLATE utf8_unicode_ci DEFAULT NULL,
  `comment` text COLLATE utf8_unicode_ci,
  PRIMARY KEY (`id`),
  KEY `name` (`name`)
) ENGINE=MyISAM  DEFAULT CHARSET=utf8 COLLATE=utf8_unicode_ci;

INSERT INTO `glpi_plugin_genericobject_motherboardtypes` VALUES ('2','775','');
INSERT INTO `glpi_plugin_genericobject_motherboardtypes` VALUES ('3','1155','');
INSERT INTO `glpi_plugin_genericobject_motherboardtypes` VALUES ('4','1156','');
INSERT INTO `glpi_plugin_genericobject_motherboardtypes` VALUES ('5','754','');
INSERT INTO `glpi_plugin_genericobject_motherboardtypes` VALUES ('6','AM2','');
INSERT INTO `glpi_plugin_genericobject_motherboardtypes` VALUES ('7','939','');
INSERT INTO `glpi_plugin_genericobject_motherboardtypes` VALUES ('8','478','');

### Dump table glpi_plugin_genericobject_operationsystemmodels

DROP TABLE IF EXISTS `glpi_plugin_genericobject_operationsystemmodels`;
CREATE TABLE `glpi_plugin_genericobject_operationsystemmodels` (
  `id` int(11) NOT NULL AUTO_INCREMENT,
  `name` varchar(255) COLLATE utf8_unicode_ci DEFAULT NULL,
  `comment` text COLLATE utf8_unicode_ci,
  PRIMARY KEY (`id`),
  KEY `name` (`name`)
) ENGINE=MyISAM  DEFAULT CHARSET=utf8 COLLATE=utf8_unicode_ci;

INSERT INTO `glpi_plugin_genericobject_operationsystemmodels` VALUES ('1','7 Home Premium','');
INSERT INTO `glpi_plugin_genericobject_operationsystemmodels` VALUES ('2','XP Pro','');
INSERT INTO `glpi_plugin_genericobject_operationsystemmodels` VALUES ('3','XP Home','');

### Dump table glpi_plugin_genericobject_operationsystems

DROP TABLE IF EXISTS `glpi_plugin_genericobject_operationsystems`;
CREATE TABLE `glpi_plugin_genericobject_operationsystems` (
  `id` int(11) NOT NULL AUTO_INCREMENT,
  `is_deleted` tinyint(1) NOT NULL DEFAULT '0',
  `is_template` tinyint(1) NOT NULL DEFAULT '0',
  `template_name` varchar(255) COLLATE utf8_unicode_ci NOT NULL DEFAULT '',
  `entities_id` int(11) NOT NULL DEFAULT '0',
  `is_recursive` tinyint(1) NOT NULL DEFAULT '0',
  `name` varchar(255) COLLATE utf8_unicode_ci NOT NULL DEFAULT '',
  `comment` text COLLATE utf8_unicode_ci,
  `is_helpdesk_visible` tinyint(1) NOT NULL DEFAULT '0',
  `notepad` text COLLATE utf8_unicode_ci,
  `date_mod` datetime DEFAULT NULL,
  `url` varchar(255) COLLATE utf8_unicode_ci NOT NULL DEFAULT '',
  `plugin_genericobject_operationsystemmodels_id` int(11) NOT NULL DEFAULT '0',
  `locations_id` int(11) NOT NULL DEFAULT '0',
  `users_id` int(11) NOT NULL DEFAULT '0',
  `groups_id` int(11) NOT NULL DEFAULT '0',
  `expirationdate` date DEFAULT NULL,
  PRIMARY KEY (`id`)
) ENGINE=MyISAM  DEFAULT CHARSET=utf8 COLLATE=utf8_unicode_ci COMMENT='PluginGenericobjectOperationsystem';

INSERT INTO `glpi_plugin_genericobject_operationsystems` VALUES ('1','0','0','','0','0','Microsoft Windows','','0',NULL,'2012-05-30 08:50:50','TV6CX-J7DYC-33VXK-9V6GY-Q9CD8','1','0','62','3',NULL);
INSERT INTO `glpi_plugin_genericobject_operationsystems` VALUES ('2','0','1','windows','0','0','Microsoft Windows','','0',NULL,'2012-05-31 04:19:04','','1','0','0','3',NULL);
INSERT INTO `glpi_plugin_genericobject_operationsystems` VALUES ('3','0','0','windows','0','0','Microsoft Windows','','0',NULL,'2012-06-12 01:52:08','VP4RF-2WJ8G-C4GC4-97JB7-RYC9D','2','0','73','3',NULL);
INSERT INTO `glpi_plugin_genericobject_operationsystems` VALUES ('4','0','0','windows','0','0','Microsoft Windows','','0',NULL,'2012-05-31 04:20:22','TFYHH-442GJ-7VDH6-YRX6H-79V4D','1','0','22','3',NULL);
INSERT INTO `glpi_plugin_genericobject_operationsystems` VALUES ('5','0','0','windows','0','0','Microsoft Windows','','0',NULL,'2012-05-31 04:20:50','D897F-4C4Y8-HFVXG-MG7R3-KMDVX','1','0','45','3',NULL);
INSERT INTO `glpi_plugin_genericobject_operationsystems` VALUES ('6','0','0','windows','0','0','Microsoft Windows','','0',NULL,'2012-05-31 04:21:03','GRDK7-QVGRW-FC7PD-4WPD3-MF9BV','1','0','68','3',NULL);
INSERT INTO `glpi_plugin_genericobject_operationsystems` VALUES ('7','0','0','windows','0','0','Microsoft Windows','','0',NULL,'2012-05-31 04:21:21','9BR6V-X2WFK-743W9-24TBJ-RBTP8','1','0','16','3',NULL);
INSERT INTO `glpi_plugin_genericobject_operationsystems` VALUES ('8','0','0','windows','0','0','Microsoft Windows','','0',NULL,'2012-05-31 04:21:37','PQ6QV-GDRG6-3RHXV-PPG93-679GR','1','0','70','3',NULL);
INSERT INTO `glpi_plugin_genericobject_operationsystems` VALUES ('9','0','0','windows','0','0','Microsoft Windows','','0',NULL,'2012-06-29 03:01:51','6VJYK-TP767-HJCR2-7J4X4-WH4JT','1','0','80','3',NULL);
INSERT INTO `glpi_plugin_genericobject_operationsystems` VALUES ('10','0','0','windows','0','0','Microsoft Windows','','0',NULL,'2012-05-31 04:22:23','D3GRJ-YC28T-23QY2-XK29F-FF9XV','1','0','17','3',NULL);
INSERT INTO `glpi_plugin_genericobject_operationsystems` VALUES ('11','0','0','windows','0','0','Microsoft Windows','','0',NULL,'2012-05-31 04:22:35','HV3KY-QTPWW-WVDKP-GMJTP-Q4Q77','1','0','43','3',NULL);
INSERT INTO `glpi_plugin_genericobject_operationsystems` VALUES ('12','0','0','windows','0','0','Microsoft Windows','','0',NULL,'2012-05-31 04:23:02','MJYGK-BVTWH-K3WYJ-934RQ-TPCJC','1','0','24','3',NULL);
INSERT INTO `glpi_plugin_genericobject_operationsystems` VALUES ('13','0','0','windows','0','0','Microsoft Windows','','0',NULL,'2012-05-31 04:23:26','BCKX8-8X96Y-PD7G6-BJKKJ-TXCGQ','1','0','39','3',NULL);
INSERT INTO `glpi_plugin_genericobject_operationsystems` VALUES ('14','0','0','windows','0','0','Microsoft Windows','','0',NULL,'2012-05-31 04:23:40','7K497-JD8C7-7GWY2-C8M4X-X6JJJ','1','0','50','3',NULL);
INSERT INTO `glpi_plugin_genericobject_operationsystems` VALUES ('15','0','0','windows','0','0','Microsoft Windows','','0',NULL,'2012-05-31 04:24:01','6K3W2-V4VVV-WR9W7-3KVDF-WW4K9','1','0','54','3',NULL);
INSERT INTO `glpi_plugin_genericobject_operationsystems` VALUES ('16','0','0','windows','0','0','Microsoft Windows','','0',NULL,'2012-05-31 04:24:14','H8DM9-Y89YH-9XB36-8JJBV-C268M','1','0','25','3',NULL);
INSERT INTO `glpi_plugin_genericobject_operationsystems` VALUES ('17','0','0','windows','0','0','Microsoft Windows','','0',NULL,'2012-05-31 04:24:40','QYWD6-2P4PY-RXWPH-QQGKB-8R3YY','2','0','28','3',NULL);
INSERT INTO `glpi_plugin_genericobject_operationsystems` VALUES ('18','0','0','windows','0','0','Microsoft Windows','','0',NULL,'2012-05-31 04:25:07','HYMPX-HFBC3-F8T26-TBVFH-C66V8','1','0','64','3',NULL);
INSERT INTO `glpi_plugin_genericobject_operationsystems` VALUES ('19','0','0','windows','0','0','Microsoft Windows','','0',NULL,'2012-05-31 04:25:19','GGQ6G-X2K3M-F28HV-XXYX8-YCMQ4','1','0','47','3',NULL);
INSERT INTO `glpi_plugin_genericobject_operationsystems` VALUES ('20','0','0','windows','0','0','Microsoft Windows','','0',NULL,'2012-05-31 04:25:31','4BT7T-C2VVH-Q7VTJ-2376W-RHKBV','1','0','58','3',NULL);
INSERT INTO `glpi_plugin_genericobject_operationsystems` VALUES ('21','0','0','windows','0','0','Microsoft Windows','','0',NULL,'2012-05-31 04:25:49','XBF9T-PTX74-CQ9R7-Y2BGF-827Y3','1','0','12','3',NULL);
INSERT INTO `glpi_plugin_genericobject_operationsystems` VALUES ('22','0','0','windows','0','0','Microsoft Windows','','0',NULL,'2012-05-31 04:26:09','2X8G2-6XKJD-KK3JJ-DXMWV-W6JQP','1','0','60','3',NULL);
INSERT INTO `glpi_plugin_genericobject_operationsystems` VALUES ('23','0','0','windows','0','0','Microsoft Windows','','0',NULL,'2012-05-31 04:26:19','W36HH-X4KC8-33DHC-8PBTM-CVG6P','1','0','37','3',NULL);
INSERT INTO `glpi_plugin_genericobject_operationsystems` VALUES ('24','0','0','windows','0','0','Microsoft Windows','','0',NULL,'2012-06-25 02:57:18','JQ2HY-639MD-MF67V-3P79K-VVYYJ','2','0','21','2',NULL);
INSERT INTO `glpi_plugin_genericobject_operationsystems` VALUES ('25','0','0','windows','0','0','Microsoft Windows','','0',NULL,'2012-06-21 02:06:37','BTCJG-6P2X4-3MJRM-GH74X-TQRCD','3','0','48','2',NULL);
INSERT INTO `glpi_plugin_genericobject_operationsystems` VALUES ('26','0','0','windows','0','0','Microsoft Windows','','0',NULL,'2012-06-14 02:50:15','F3BPB-26J7M-TFY7P-YJ89Q-XY463 ','2','0','23','3',NULL);
INSERT INTO `glpi_plugin_genericobject_operationsystems` VALUES ('27','0','0','windows','0','0','Microsoft Windows','','0',NULL,'2012-06-14 03:45:00','C6R72-6FY2V-VVTP6-P77VF-PQFD3 ','2','0','32','3',NULL);
INSERT INTO `glpi_plugin_genericobject_operationsystems` VALUES ('28','0','0','windows','0','0','Microsoft Windows','','0',NULL,'2012-06-14 04:35:08','TWTY9-KDXFB-F2T7B-FHCRR-GKQQY ','3','0','56','2',NULL);
INSERT INTO `glpi_plugin_genericobject_operationsystems` VALUES ('29','0','0','windows','0','0','Microsoft Windows','','0',NULL,'2012-06-25 04:06:45','TKMP2-RMCMG-FY94P-Y9RB8-729M8 ','3','0','46','1',NULL);
INSERT INTO `glpi_plugin_genericobject_operationsystems` VALUES ('30','1','0','windows','0','0','Microsoft Windows','','0',NULL,'2012-06-18 01:41:03','F3BPB-26J7M-TFY7P-YJ89Q-XY463','2','0','23','2',NULL);
INSERT INTO `glpi_plugin_genericobject_operationsystems` VALUES ('31','0','0','windows','0','0','Microsoft Windows','','0',NULL,'2012-06-19 04:25:42','CP4BD-P3YGJ-VHXKJ-PM766-C6WT3','1','0','61','2',NULL);
INSERT INTO `glpi_plugin_genericobject_operationsystems` VALUES ('32','0','0','windows','0','0','Microsoft Windows','','0',NULL,'2012-06-19 04:39:29','MYHVB-DW84Y-VCFQP-6BD29-KG8BQ','2','0','41','2',NULL);
INSERT INTO `glpi_plugin_genericobject_operationsystems` VALUES ('33','0','0','','0','0','Adobe Photoshop CS5 UA','','0',NULL,'2012-06-21 05:53:48','1045-1007-2910-8943-1793-7805','0','11','61','2',NULL);
INSERT INTO `glpi_plugin_genericobject_operationsystems` VALUES ('34','0','0','','0','0','Adobe Photoshop CS5 UA','','0',NULL,'2012-06-21 05:55:14','1045-1008-3021-9054-2803-7803','0','10','32','2',NULL);
INSERT INTO `glpi_plugin_genericobject_operationsystems` VALUES ('35','0','0','','0','0','Adobe Photoshop CS5 UA','','0',NULL,'2012-06-21 05:56:09','1045-1009-2881-6236-5453-1805','0','12','46','2',NULL);
INSERT INTO `glpi_plugin_genericobject_operationsystems` VALUES ('36','0','0','windows','0','0','Microsoft Windows','','0',NULL,'2012-06-26 07:00:04','8YVRQ-W4XVB-44YHQ-M4BRD-WJWGP','1','0','0','3',NULL);
INSERT INTO `glpi_plugin_genericobject_operationsystems` VALUES ('37','0','0','windows','0','0','Microsoft Windows','','0',NULL,'2012-06-29 03:03:30','WYWQC-83BF7-DDMFH-6VTCV-8KJB6','1','0','69','3',NULL);

### Dump table glpi_plugin_genericobject_powermodels

DROP TABLE IF EXISTS `glpi_plugin_genericobject_powermodels`;
CREATE TABLE `glpi_plugin_genericobject_powermodels` (
  `id` int(11) NOT NULL AUTO_INCREMENT,
  `name` varchar(255) COLLATE utf8_unicode_ci DEFAULT NULL,
  `comment` text COLLATE utf8_unicode_ci,
  PRIMARY KEY (`id`),
  KEY `name` (`name`)
) ENGINE=MyISAM  DEFAULT CHARSET=utf8 COLLATE=utf8_unicode_ci;

INSERT INTO `glpi_plugin_genericobject_powermodels` VALUES ('1','460','');
INSERT INTO `glpi_plugin_genericobject_powermodels` VALUES ('2','HP-600-G12S','');
INSERT INTO `glpi_plugin_genericobject_powermodels` VALUES ('3','RS-460-PCAP-J3','');
INSERT INTO `glpi_plugin_genericobject_powermodels` VALUES ('4','ATX-S460','');
INSERT INTO `glpi_plugin_genericobject_powermodels` VALUES ('5','RS-460-PCAP-I3','');
INSERT INTO `glpi_plugin_genericobject_powermodels` VALUES ('6','ATX-500H','');
INSERT INTO `glpi_plugin_genericobject_powermodels` VALUES ('7','ATX-350PNF','');
INSERT INTO `glpi_plugin_genericobject_powermodels` VALUES ('8','GPS-400AB','');
INSERT INTO `glpi_plugin_genericobject_powermodels` VALUES ('9','CM-420','');
INSERT INTO `glpi_plugin_genericobject_powermodels` VALUES ('10','350X','');
INSERT INTO `glpi_plugin_genericobject_powermodels` VALUES ('11','HP-500-A12S','');
INSERT INTO `glpi_plugin_genericobject_powermodels` VALUES ('12','AO300-08CZ','');
INSERT INTO `glpi_plugin_genericobject_powermodels` VALUES ('13','ATX350PNF','');
INSERT INTO `glpi_plugin_genericobject_powermodels` VALUES ('14','PM-350CB','');
INSERT INTO `glpi_plugin_genericobject_powermodels` VALUES ('15','ATX-350N','');
INSERT INTO `glpi_plugin_genericobject_powermodels` VALUES ('16','GPS-400AB','');
INSERT INTO `glpi_plugin_genericobject_powermodels` VALUES ('17','EN60950','');
INSERT INTO `glpi_plugin_genericobject_powermodels` VALUES ('18','PM(P4) 350W P','');
INSERT INTO `glpi_plugin_genericobject_powermodels` VALUES ('19','ATX400N','');
INSERT INTO `glpi_plugin_genericobject_powermodels` VALUES ('20','hpc-450-h12s','');
INSERT INTO `glpi_plugin_genericobject_powermodels` VALUES ('21','CM-450','');
INSERT INTO `glpi_plugin_genericobject_powermodels` VALUES ('22','RS-460-PCAP-A3','');
INSERT INTO `glpi_plugin_genericobject_powermodels` VALUES ('23','350U-DNH','');
INSERT INTO `glpi_plugin_genericobject_powermodels` VALUES ('24','SPL-350','');
INSERT INTO `glpi_plugin_genericobject_powermodels` VALUES ('25','CHP-450A','');
INSERT INTO `glpi_plugin_genericobject_powermodels` VALUES ('26','RC-371-KKP460','');

### Dump table glpi_plugin_genericobject_powers

DROP TABLE IF EXISTS `glpi_plugin_genericobject_powers`;
CREATE TABLE `glpi_plugin_genericobject_powers` (
  `id` int(11) NOT NULL AUTO_INCREMENT,
  `is_deleted` tinyint(1) NOT NULL DEFAULT '0',
  `is_template` tinyint(1) NOT NULL DEFAULT '0',
  `template_name` varchar(255) COLLATE utf8_unicode_ci NOT NULL DEFAULT '',
  `entities_id` int(11) NOT NULL DEFAULT '0',
  `is_recursive` tinyint(1) NOT NULL DEFAULT '0',
  `name` varchar(255) COLLATE utf8_unicode_ci NOT NULL DEFAULT '',
  `comment` text COLLATE utf8_unicode_ci,
  `is_helpdesk_visible` tinyint(1) NOT NULL DEFAULT '0',
  `notepad` text COLLATE utf8_unicode_ci,
  `date_mod` datetime DEFAULT NULL,
  `locations_id` int(11) NOT NULL DEFAULT '0',
  `contact` varchar(255) COLLATE utf8_unicode_ci NOT NULL DEFAULT '',
  `otherserial` varchar(255) COLLATE utf8_unicode_ci NOT NULL DEFAULT '',
  `serial` varchar(255) COLLATE utf8_unicode_ci NOT NULL DEFAULT '',
  `groups_id` int(11) NOT NULL DEFAULT '0',
  `users_id` int(11) NOT NULL DEFAULT '0',
  `plugin_genericobject_powertypes_id` int(11) NOT NULL DEFAULT '0',
  `plugin_genericobject_powermodels_id` int(11) NOT NULL DEFAULT '0',
  `expirationdate` date DEFAULT NULL,
  PRIMARY KEY (`id`)
) ENGINE=MyISAM  DEFAULT CHARSET=utf8 COLLATE=utf8_unicode_ci COMMENT='PluginGenericobjectPower';

INSERT INTO `glpi_plugin_genericobject_powers` VALUES ('1','0','0','','0','0','Cooler Master','','0',NULL,'2012-06-12 03:42:31','0','460W','0000','RS460PCAPJ31104250476','3','62','0','3',NULL);
INSERT INTO `glpi_plugin_genericobject_powers` VALUES ('2','0','0','','0','0','High Power','','0',NULL,'2012-05-31 09:51:45','0','600W','','4712795601886','3','22','0','2',NULL);
INSERT INTO `glpi_plugin_genericobject_powers` VALUES ('3','0','0','','0','0','Cooler Master','','0',NULL,'2012-06-01 02:40:30','0','460W','','RS460PCAPJ31110150427','3','45','0','3',NULL);
INSERT INTO `glpi_plugin_genericobject_powers` VALUES ('4','0','0','','0','0','BossDEV','','0',NULL,'2012-06-29 03:01:43','0','','3024','','3','80','0','0',NULL);
INSERT INTO `glpi_plugin_genericobject_powers` VALUES ('5','0','0','','0','0','Cooler Master','','0',NULL,'2012-06-06 05:37:11','0','460W','','RS460PCAPI31111703637','3','68','0','3',NULL);
INSERT INTO `glpi_plugin_genericobject_powers` VALUES ('6','0','0','','0','0','Golden Field','','0',NULL,'2012-06-26 03:43:44','0','450W','','G00522571','3','60','0','4',NULL);
INSERT INTO `glpi_plugin_genericobject_powers` VALUES ('7','0','0','','0','0','Cooler Master','','0',NULL,'2012-06-06 06:00:09','0','460W','','RS460PCAPJ31119252322','3','70','0','3',NULL);
INSERT INTO `glpi_plugin_genericobject_powers` VALUES ('8','0','0','','0','0','','','0',NULL,'2012-06-12 02:15:10','0','','','G00523437','3','39','0','4',NULL);
INSERT INTO `glpi_plugin_genericobject_powers` VALUES ('9','0','0','','0','0','Cooler Master','','0',NULL,'2012-06-12 03:42:05','0','460W','','RS460PCAPJ31104250102','3','24','0','3',NULL);
INSERT INTO `glpi_plugin_genericobject_powers` VALUES ('10','0','0','','0','0','Cooler Master','','0',NULL,'2012-06-12 03:42:15','0','460W','','RS460PCAPI31111901847','3','43','0','5',NULL);
INSERT INTO `glpi_plugin_genericobject_powers` VALUES ('11','0','0','','0','0','VENTO','','0',NULL,'2012-06-12 02:38:37','0','','','14X560102417','3','17','0','6',NULL);
INSERT INTO `glpi_plugin_genericobject_powers` VALUES ('12','0','0','','0','0','FSP GROUP','','0',NULL,'2012-06-12 05:37:31','0','','','9PX3504508','1','50','0','7',NULL);
INSERT INTO `glpi_plugin_genericobject_powers` VALUES ('13','0','0','','0','0','Golden Field','','0',NULL,'2012-06-12 07:53:04','0','','','G00523666','3','64','0','4',NULL);
INSERT INTO `glpi_plugin_genericobject_powers` VALUES ('14','0','0','','0','0','Cooler Master','','0',NULL,'2012-06-12 03:07:18','0','','','17492196','3','28','0','0',NULL);
INSERT INTO `glpi_plugin_genericobject_powers` VALUES ('15','0','0','','0','0','Cooler Master','','0',NULL,'2012-06-12 03:15:11','0','350W','','16838878','3','54','0','0',NULL);
INSERT INTO `glpi_plugin_genericobject_powers` VALUES ('16','0','0','','0','0','Cooler Master','','0',NULL,'2012-06-12 03:25:56','0','','','RS460PCAPJ31110150525','3','25','0','3',NULL);
INSERT INTO `glpi_plugin_genericobject_powers` VALUES ('17','0','0','','0','0','Cooler Master','','0',NULL,'2012-06-12 04:34:15','0','','','RS460PCAPI31111900609','3','16','0','5',NULL);
INSERT INTO `glpi_plugin_genericobject_powers` VALUES ('18','0','0','','0','0','Delta Electronics','','0',NULL,'2012-06-12 04:42:42','0','400W','','AYBD0701008468','3','12','0','8',NULL);
INSERT INTO `glpi_plugin_genericobject_powers` VALUES ('19','0','0','','0','0','CASECOM','','0',NULL,'2012-06-12 04:50:45','0','','','SP21148011','3','58','0','9',NULL);
INSERT INTO `glpi_plugin_genericobject_powers` VALUES ('20','0','0','','0','0','Cooler Master','','0',NULL,'2012-06-12 05:01:19','0','','','RS460PCAPI31111900132','3','47','0','5',NULL);
INSERT INTO `glpi_plugin_genericobject_powers` VALUES ('21','0','0','','0','0','Cooler Master','','0',NULL,'2012-06-12 05:08:11','0','','','RS460PCAPI31111903643','3','37','0','5',NULL);
INSERT INTO `glpi_plugin_genericobject_powers` VALUES ('22','0','0','','0','0','EC','','0',NULL,'2012-06-12 09:51:11','1','','','17416171','3','73','0','10',NULL);
INSERT INTO `glpi_plugin_genericobject_powers` VALUES ('23','0','0','','0','0','VENTO','','0',NULL,'2012-06-18 01:40:32','0','','','9CX560105401','2','23','0','0',NULL);
INSERT INTO `glpi_plugin_genericobject_powers` VALUES ('24','0','0','','0','0','High Power','','0',NULL,'2012-06-18 01:58:43','0','','','4712795600209','2','34','0','11',NULL);
INSERT INTO `glpi_plugin_genericobject_powers` VALUES ('25','0','0','','0','0','Cooler Master','','0',NULL,'2012-06-18 02:09:32','0','','0000','RS460PCAPI311900269','2','53','0','5',NULL);
INSERT INTO `glpi_plugin_genericobject_powers` VALUES ('26','0','0','','0','0','Cooler Master','','0',NULL,'2012-06-18 02:23:21','0','','','RS460PCAPI31111903800','2','42','0','5',NULL);
INSERT INTO `glpi_plugin_genericobject_powers` VALUES ('27','0','0','','0','0','Cooler Master','','0',NULL,'2012-06-18 02:35:12','0','','','RS460PCAPI31111702540','2','19','0','5',NULL);
INSERT INTO `glpi_plugin_genericobject_powers` VALUES ('28','0','0','','0','0','AOPEN','','0',NULL,'2012-06-18 02:59:39','0','','','61400876LS','2','56','0','12',NULL);
INSERT INTO `glpi_plugin_genericobject_powers` VALUES ('29','0','0','','0','0','Cooler Master','','0',NULL,'2012-06-18 04:02:24','0','','','RS460PCAPI31111902138','2','52','0','5',NULL);
INSERT INTO `glpi_plugin_genericobject_powers` VALUES ('30','0','0','','0','0','FSP','','0',NULL,'2012-06-18 04:10:30','0','','','G54070601136','2','66','0','13',NULL);
INSERT INTO `glpi_plugin_genericobject_powers` VALUES ('31','0','0','','0','0','Cooler Master','','0',NULL,'2012-06-18 04:17:04','0','','','RS460PCAPI31111703078','2','26','0','5',NULL);
INSERT INTO `glpi_plugin_genericobject_powers` VALUES ('32','0','0','','0','0','BP','','0',NULL,'2012-06-25 04:04:46','0','','000','17417944','1','32','0','0',NULL);
INSERT INTO `glpi_plugin_genericobject_powers` VALUES ('33','0','0','','0','0','Power Master','','0',NULL,'2012-06-18 05:49:09','0','','','027080050845','2','29','0','14',NULL);
INSERT INTO `glpi_plugin_genericobject_powers` VALUES ('34','0','0','','0','0','Cooler Master','','0',NULL,'2012-06-18 06:19:19','0','','00000000','RS460PCAPI31111900917','2','74','0','5',NULL);
INSERT INTO `glpi_plugin_genericobject_powers` VALUES ('35','0','0','','0','0','Cooler Master','','0',NULL,'2012-06-18 07:59:47','0','','','RS460PCAPI311119013116','2','44','0','5',NULL);
INSERT INTO `glpi_plugin_genericobject_powers` VALUES ('36','0','0','','0','0','Cooler Master','','0',NULL,'2012-06-18 08:17:34','0','','','RS460PCAPJ3110251991','2','57','0','3',NULL);
INSERT INTO `glpi_plugin_genericobject_powers` VALUES ('37','0','0','','0','0','FSP','','0',NULL,'2012-06-19 03:48:02','0','','','S1451150066','2','76','0','15',NULL);
INSERT INTO `glpi_plugin_genericobject_powers` VALUES ('38','0','0','','0','0','Delta Electronics','','0',NULL,'2012-06-20 02:44:48','0','','','none','2','75','0','8',NULL);
INSERT INTO `glpi_plugin_genericobject_powers` VALUES ('39','0','0','','0','0','FSP','','0',NULL,'2012-06-19 04:26:54','0','','','G54070600439','2','61','0','7',NULL);
INSERT INTO `glpi_plugin_genericobject_powers` VALUES ('40','0','0','','0','0','Delta Electronics','','0',NULL,'2012-06-26 02:53:08','0','','','none','2','41','0','8',NULL);
INSERT INTO `glpi_plugin_genericobject_powers` VALUES ('41','0','0','','0','0','Cooler Master','','0',NULL,'2012-06-19 05:13:58','0','','','RS460PCAPI31118000677','2','40','0','5',NULL);
INSERT INTO `glpi_plugin_genericobject_powers` VALUES ('42','0','0','','0','0','FSP','','0',NULL,'2012-06-19 07:39:35','0','','','g54070601436','2','35','0','7',NULL);
INSERT INTO `glpi_plugin_genericobject_powers` VALUES ('43','0','0','','0','0','COLORSIT','','0',NULL,'2012-06-27 02:19:16','0','','','15none','2','78','0','17',NULL);
INSERT INTO `glpi_plugin_genericobject_powers` VALUES ('44','0','0','','0','0','Power Master','','0',NULL,'2012-06-19 08:07:43','0','','','051094','2','18','0','18',NULL);
INSERT INTO `glpi_plugin_genericobject_powers` VALUES ('45','0','0','','0','0','FSP','','0',NULL,'2012-06-20 04:34:03','0','','','s8021000558','2','49','0','19',NULL);
INSERT INTO `glpi_plugin_genericobject_powers` VALUES ('46','0','0','','0','0','Cooler Master','','0',NULL,'2012-06-20 04:41:59','0','','','RS460PCAPI31111903882','2','55','0','5',NULL);
INSERT INTO `glpi_plugin_genericobject_powers` VALUES ('47','0','0','','0','0','Cooler Master','','0',NULL,'2012-06-20 04:53:15','0','','','RS460PCAPI31111902266','2','51','0','5',NULL);
INSERT INTO `glpi_plugin_genericobject_powers` VALUES ('48','0','0','','0','0','Cooler Master','','0',NULL,'2012-06-20 05:00:36','0','','','RS460PCAPI31111900436','2','13','0','5',NULL);
INSERT INTO `glpi_plugin_genericobject_powers` VALUES ('49','0','0','','0','0','BP','','0',NULL,'2012-06-20 05:18:27','0','','','04g185017030','2','10','0','0',NULL);
INSERT INTO `glpi_plugin_genericobject_powers` VALUES ('50','0','0','','0','0','High Power','','0',NULL,'2012-06-20 05:32:54','0','','','4712795601328','2','63','0','20',NULL);
INSERT INTO `glpi_plugin_genericobject_powers` VALUES ('51','0','0','','0','0','VENTO','','0',NULL,'2012-06-25 04:06:40','0','','','04g185017030','1','46','0','0',NULL);
INSERT INTO `glpi_plugin_genericobject_powers` VALUES ('52','0','0','','0','0','Cooler Master','','0',NULL,'2012-06-20 06:49:18','0','','','RS460PCAPI31111902771','2','11','0','5',NULL);
INSERT INTO `glpi_plugin_genericobject_powers` VALUES ('53','0','0','','0','0','Casecom','','0',NULL,'2012-06-25 04:04:18','0','','','','1','20','0','21',NULL);
INSERT INTO `glpi_plugin_genericobject_powers` VALUES ('54','0','0','','0','0','Delta Electronics','','0',NULL,'2012-06-21 01:39:09','0','','','none','2','27','0','8',NULL);
INSERT INTO `glpi_plugin_genericobject_powers` VALUES ('55','0','0','','0','0','Cooler Master','','0',NULL,'2012-06-21 01:59:06','0','','','1092473987','2','33','0','22',NULL);
INSERT INTO `glpi_plugin_genericobject_powers` VALUES ('56','0','0','','0','0','BP ','','0',NULL,'2012-06-21 02:03:50','0','','','04g4185017030','2','48','0','0',NULL);
INSERT INTO `glpi_plugin_genericobject_powers` VALUES ('57','0','0','','0','0','COLORSIT','','0',NULL,'2012-06-21 03:06:36','0','','','none','2','77','0','23',NULL);
INSERT INTO `glpi_plugin_genericobject_powers` VALUES ('58','0','0','','0','0','FSP','','0',NULL,'2012-06-21 04:01:36','0','','','s7481050510','2','9','0','24',NULL);
INSERT INTO `glpi_plugin_genericobject_powers` VALUES ('59','0','0','','0','0','chiftek','','0',NULL,'2012-06-25 04:10:07','0','','','4710713237736','1','8','0','25',NULL);
INSERT INTO `glpi_plugin_genericobject_powers` VALUES ('60','0','0','','0','0','High Power','','0',NULL,'2012-06-26 02:40:48','0','','','4712795601328','2','38','0','20',NULL);
INSERT INTO `glpi_plugin_genericobject_powers` VALUES ('61','0','0','','0','0','FSP','','0',NULL,'2012-06-26 02:49:08','0','350W','','s6021100763','2','21','0','7',NULL);
INSERT INTO `glpi_plugin_genericobject_powers` VALUES ('62','0','0','','0','0','FSP','','0',NULL,'2012-06-26 02:52:37','0','350W','','g54070601279','2','36','0','7',NULL);
INSERT INTO `glpi_plugin_genericobject_powers` VALUES ('63','0','0','','0','0','Cooler Master','','0',NULL,'2012-06-29 03:03:23','0','','RC371KKP4601112100396','','3','69','0','26',NULL);

### Dump table glpi_plugin_genericobject_powertypes

DROP TABLE IF EXISTS `glpi_plugin_genericobject_powertypes`;
CREATE TABLE `glpi_plugin_genericobject_powertypes` (
  `id` int(11) NOT NULL AUTO_INCREMENT,
  `name` varchar(255) COLLATE utf8_unicode_ci DEFAULT NULL,
  `comment` text COLLATE utf8_unicode_ci,
  PRIMARY KEY (`id`),
  KEY `name` (`name`)
) ENGINE=MyISAM  DEFAULT CHARSET=utf8 COLLATE=utf8_unicode_ci;

INSERT INTO `glpi_plugin_genericobject_powertypes` VALUES ('1','500W','');

### Dump table glpi_plugin_genericobject_processormodels

DROP TABLE IF EXISTS `glpi_plugin_genericobject_processormodels`;
CREATE TABLE `glpi_plugin_genericobject_processormodels` (
  `id` int(11) NOT NULL AUTO_INCREMENT,
  `name` varchar(255) COLLATE utf8_unicode_ci DEFAULT NULL,
  `comment` text COLLATE utf8_unicode_ci,
  PRIMARY KEY (`id`),
  KEY `name` (`name`)
) ENGINE=MyISAM  DEFAULT CHARSET=utf8 COLLATE=utf8_unicode_ci;

INSERT INTO `glpi_plugin_genericobject_processormodels` VALUES ('1','Core i5-2300','');
INSERT INTO `glpi_plugin_genericobject_processormodels` VALUES ('2','Dual-Core E2200','');
INSERT INTO `glpi_plugin_genericobject_processormodels` VALUES ('3','Core i5-760','');
INSERT INTO `glpi_plugin_genericobject_processormodels` VALUES ('4','Core 2 Quad Q8300','');
INSERT INTO `glpi_plugin_genericobject_processormodels` VALUES ('5','Core i5-2310','');
INSERT INTO `glpi_plugin_genericobject_processormodels` VALUES ('6','Core i5-2500','');
INSERT INTO `glpi_plugin_genericobject_processormodels` VALUES ('7','Core 2 Duo E8400','');
INSERT INTO `glpi_plugin_genericobject_processormodels` VALUES ('8','Core i5-2320','');
INSERT INTO `glpi_plugin_genericobject_processormodels` VALUES ('9','Core 2 Duo E7500','');
INSERT INTO `glpi_plugin_genericobject_processormodels` VALUES ('10','Core 2 Duo E4300','');
INSERT INTO `glpi_plugin_genericobject_processormodels` VALUES ('11','Core 2 Quad Q9300	','');
INSERT INTO `glpi_plugin_genericobject_processormodels` VALUES ('12','Core 2 Duo E7600','');
INSERT INTO `glpi_plugin_genericobject_processormodels` VALUES ('13','Dual-Core E5300','');
INSERT INTO `glpi_plugin_genericobject_processormodels` VALUES ('14','Dual-Core E5300','');
INSERT INTO `glpi_plugin_genericobject_processormodels` VALUES ('15','Sempron 3000+','');
INSERT INTO `glpi_plugin_genericobject_processormodels` VALUES ('16','Dual-Core E2160','');
INSERT INTO `glpi_plugin_genericobject_processormodels` VALUES ('17','Core 2 Duo E4500','');
INSERT INTO `glpi_plugin_genericobject_processormodels` VALUES ('18','Pentium 4','');
INSERT INTO `glpi_plugin_genericobject_processormodels` VALUES ('19','Core i5-2400S','');
INSERT INTO `glpi_plugin_genericobject_processormodels` VALUES ('20','Pentium 4 511','');
INSERT INTO `glpi_plugin_genericobject_processormodels` VALUES ('21','Core 2 Quad Q6600','');
INSERT INTO `glpi_plugin_genericobject_processormodels` VALUES ('22','Core 2 Duo E4300','');
INSERT INTO `glpi_plugin_genericobject_processormodels` VALUES ('23','Core i3-530','');

### Dump table glpi_plugin_genericobject_processors

DROP TABLE IF EXISTS `glpi_plugin_genericobject_processors`;
CREATE TABLE `glpi_plugin_genericobject_processors` (
  `id` int(11) NOT NULL AUTO_INCREMENT,
  `is_deleted` tinyint(1) NOT NULL DEFAULT '0',
  `is_template` tinyint(1) NOT NULL DEFAULT '0',
  `template_name` varchar(255) COLLATE utf8_unicode_ci NOT NULL DEFAULT '',
  `entities_id` int(11) NOT NULL DEFAULT '0',
  `is_recursive` tinyint(1) NOT NULL DEFAULT '0',
  `name` varchar(255) COLLATE utf8_unicode_ci NOT NULL DEFAULT '',
  `comment` text COLLATE utf8_unicode_ci,
  `is_helpdesk_visible` tinyint(1) NOT NULL DEFAULT '0',
  `notepad` text COLLATE utf8_unicode_ci,
  `date_mod` datetime DEFAULT NULL,
  `locations_id` int(11) NOT NULL DEFAULT '0',
  `otherserial` varchar(255) COLLATE utf8_unicode_ci NOT NULL DEFAULT '',
  `serial` varchar(255) COLLATE utf8_unicode_ci NOT NULL DEFAULT '',
  `plugin_genericobject_processortypes_id` int(11) NOT NULL DEFAULT '0',
  `expirationdate` date DEFAULT NULL,
  `plugin_genericobject_processormodels_id` int(11) DEFAULT NULL,
  `other` varchar(255) COLLATE utf8_unicode_ci NOT NULL DEFAULT '',
  `groups_id` int(11) DEFAULT NULL,
  `users_id` int(11) NOT NULL DEFAULT '0',
  PRIMARY KEY (`id`)
) ENGINE=MyISAM  DEFAULT CHARSET=utf8 COLLATE=utf8_unicode_ci COMMENT='PluginGenericobjectProcessor';

INSERT INTO `glpi_plugin_genericobject_processors` VALUES ('1','0','0','','0','0','INTEL','','0',NULL,'2012-05-30 08:01:26','0','00000','0000000','2',NULL,'1','2800Mhz','3','62');
INSERT INTO `glpi_plugin_genericobject_processors` VALUES ('2','0','1','INTEL','0','0','INTEL','','0',NULL,'2012-05-30 10:11:16','0','00000','0000','2',NULL,'1','','0','0');
INSERT INTO `glpi_plugin_genericobject_processors` VALUES ('3','0','0','INTEL','0','0','INTEL','','0',NULL,'2012-06-12 05:53:45','0','00000','0000','3',NULL,'2','2200MHz','1','73');
INSERT INTO `glpi_plugin_genericobject_processors` VALUES ('4','0','0','INTEL','0','0','INTEL','','0',NULL,'2012-05-30 10:14:04','0','00000','0000','4',NULL,'3','2800Mhz','3','22');
INSERT INTO `glpi_plugin_genericobject_processors` VALUES ('5','0','0','INTEL','0','0','INTEL','','0',NULL,'2012-05-31 02:24:50','0','00000','0000','3',NULL,'1','2500Mhz','3','45');
INSERT INTO `glpi_plugin_genericobject_processors` VALUES ('6','0','0','INTEL','0','0','INTEL','','0',NULL,'2012-05-31 02:26:28','0','00000','0000','2',NULL,'5','3200MHz','3','68');
INSERT INTO `glpi_plugin_genericobject_processors` VALUES ('7','0','0','INTEL','0','0','INTEL','','0',NULL,'2012-05-31 02:27:47','0','00000','0000','2',NULL,'6','3500MHz','3','16');
INSERT INTO `glpi_plugin_genericobject_processors` VALUES ('8','0','0','INTEL','0','0','INTEL','','0',NULL,'2012-05-31 02:28:17','0','00000','0000','2',NULL,'1','2800Mhz','3','70');
INSERT INTO `glpi_plugin_genericobject_processors` VALUES ('9','0','0','INTEL','0','0','INTEL','','0',NULL,'2012-06-29 03:00:31','0','00000','0000','3',NULL,'7','3000MHz','1','80');
INSERT INTO `glpi_plugin_genericobject_processors` VALUES ('10','0','0','INTEL','0','0','INTEL','','0',NULL,'2012-05-31 02:29:40','0','00000','0000','2',NULL,'1','2800Mhz','3','17');
INSERT INTO `glpi_plugin_genericobject_processors` VALUES ('11','0','0','INTEL','0','0','INTEL','','0',NULL,'2012-05-31 02:30:36','0','00000','0000','2',NULL,'8','3300MHz','3','43');
INSERT INTO `glpi_plugin_genericobject_processors` VALUES ('12','0','0','INTEL','0','0','INTEL','','0',NULL,'2012-05-31 02:31:54','0','00000','0000','3',NULL,'4','2500Mhz','3','24');
INSERT INTO `glpi_plugin_genericobject_processors` VALUES ('13','0','0','INTEL','0','0','INTEL','','0',NULL,'2012-05-31 02:33:17','0','0000','0000','3',NULL,'9','2900MHz','3','39');
INSERT INTO `glpi_plugin_genericobject_processors` VALUES ('14','0','0','INTEL','0','0','INTEL','','0',NULL,'2012-06-12 05:37:10','0','00000','0000','3',NULL,'10','1800Mhz','1','50');
INSERT INTO `glpi_plugin_genericobject_processors` VALUES ('15','0','0','INTEL','0','0','INTEL','','0',NULL,'2012-06-12 05:58:12','0','00000','0000','3',NULL,'2','2200MHz','1','28');
INSERT INTO `glpi_plugin_genericobject_processors` VALUES ('16','0','0','INTEL','0','0','INTEL','','0',NULL,'2012-05-31 02:35:49','0','00000','0000','2',NULL,'1','2800Mhz','3','25');
INSERT INTO `glpi_plugin_genericobject_processors` VALUES ('17','0','0','INTEL','0','0','INTEL','','0',NULL,'2012-06-25 05:54:54','0','00000','0000','3',NULL,'9','2900MHz','3','64');
INSERT INTO `glpi_plugin_genericobject_processors` VALUES ('18','0','0','INTEL','0','0','INTEL','','0',NULL,'2012-05-31 02:40:32','0','00000','0000','2',NULL,'6','3700Mhz','3','47');
INSERT INTO `glpi_plugin_genericobject_processors` VALUES ('19','0','0','INTEL','0','0','INTEL','','0',NULL,'2012-06-12 05:48:12','0','00000','0000','3',NULL,'7','3000MHz','1','58');
INSERT INTO `glpi_plugin_genericobject_processors` VALUES ('20','0','0','INTEL','0','0','INTEL','','0',NULL,'2012-05-31 02:42:10','0','00000','0000','3',NULL,'10','1800Mhz','3','12');
INSERT INTO `glpi_plugin_genericobject_processors` VALUES ('21','0','0','INTEL','0','0','INTEL','','0',NULL,'2012-05-31 02:42:59','0','00000','0000','3',NULL,'11','2500Mhz','3','60');
INSERT INTO `glpi_plugin_genericobject_processors` VALUES ('22','0','0','INTEL','0','0','INTEL','','0',NULL,'2012-05-31 02:43:37','0','00000','0000','2',NULL,'5','3200MHz','3','37');
INSERT INTO `glpi_plugin_genericobject_processors` VALUES ('23','0','0','INTEL','0','0','INTEL','','0',NULL,'2012-06-25 02:54:43','0','00000','0000','2',NULL,'1','2800Mhz','2','38');
INSERT INTO `glpi_plugin_genericobject_processors` VALUES ('24','0','0','INTEL','0','0','INTEL','','0',NULL,'2012-06-26 05:03:24','0','00000','0000','3',NULL,'12','3000MHz','2','33');
INSERT INTO `glpi_plugin_genericobject_processors` VALUES ('25','0','0','INTEL','0','0','INTEL','','0',NULL,'2012-06-21 02:06:21','0','00000','0000','3',NULL,'14','2600MHz','2','48');
INSERT INTO `glpi_plugin_genericobject_processors` VALUES ('26','0','0','INTEL','0','0','INTEL','','0',NULL,'2012-06-12 05:39:25','0','00000','0000','3',NULL,'2','2200MHz','1','54');
INSERT INTO `glpi_plugin_genericobject_processors` VALUES ('27','0','0','','0','0','AMD','','0',NULL,'2012-06-25 02:56:55','0','0000','0000','5',NULL,'15','1800Mhz','2','21');
INSERT INTO `glpi_plugin_genericobject_processors` VALUES ('28','0','0','','0','0','AMD','','0',NULL,'2012-06-25 02:56:00','0','0000','0000','5',NULL,'15','1800Mhz','2','36');
INSERT INTO `glpi_plugin_genericobject_processors` VALUES ('29','1','0','INTEL','0','0','INTEL','','0',NULL,'2012-06-18 01:41:40','0','00000','0000','3',NULL,'16','','2','23');
INSERT INTO `glpi_plugin_genericobject_processors` VALUES ('30','1','0','INTEL','0','0','INTEL','','0',NULL,'2012-06-25 04:01:25','0','00000','0000','2',NULL,'2','2200MHz','2','32');
INSERT INTO `glpi_plugin_genericobject_processors` VALUES ('31','0','0','INTEL','0','0','INTEL','','0',NULL,'2012-06-25 04:02:00','0','00000','0000','3',NULL,'2','2200MHz','1','32');
INSERT INTO `glpi_plugin_genericobject_processors` VALUES ('32','0','0','','0','0','AMD','','0',NULL,'2012-06-18 06:30:42','0','0000','0000000','5',NULL,'15','1800MHz','2','56');
INSERT INTO `glpi_plugin_genericobject_processors` VALUES ('33','0','0','INTEL','0','0','INTEL','','0',NULL,'2012-06-25 04:06:29','0','00000','0000','3',NULL,'17','2200MHz','1','46');
INSERT INTO `glpi_plugin_genericobject_processors` VALUES ('34','0','0','INTEL','0','0','INTEL','','0',NULL,'2012-06-18 06:32:40','0','00000','0000','3',NULL,'16','1800MHz','2','23');
INSERT INTO `glpi_plugin_genericobject_processors` VALUES ('35','0','0','INTEL','0','0','INTEL','','0',NULL,'2012-06-18 06:34:01','0','00000','0000','2',NULL,'1','3100Mhz','2','34');
INSERT INTO `glpi_plugin_genericobject_processors` VALUES ('36','0','0','INTEL','0','0','INTEL','','0',NULL,'2012-06-18 06:34:07','0','00000','0000','2',NULL,'1','3100Mhz','2','53');
INSERT INTO `glpi_plugin_genericobject_processors` VALUES ('37','0','0','INTEL','0','0','INTEL','','0',NULL,'2012-06-18 06:34:14','0','00000','0000','2',NULL,'1','3100Mhz','2','42');
INSERT INTO `glpi_plugin_genericobject_processors` VALUES ('38','0','0','INTEL','0','0','INTEL','','0',NULL,'2012-06-18 06:34:20','0','00000','0000','2',NULL,'1','3100Mhz','2','19');
INSERT INTO `glpi_plugin_genericobject_processors` VALUES ('39','0','0','INTEL','0','0','INTEL','','0',NULL,'2012-06-18 06:34:28','0','00000','0000','2',NULL,'1','3100Mhz','2','52');
INSERT INTO `glpi_plugin_genericobject_processors` VALUES ('40','0','0','INTEL','0','0','AMD','','0',NULL,'2012-06-18 06:30:50','0','00000','0000','5',NULL,'15','1800MHz','2','66');
INSERT INTO `glpi_plugin_genericobject_processors` VALUES ('41','0','0','INTEL','0','0','INTEL','','0',NULL,'2012-06-18 06:34:34','0','00000','0000','2',NULL,'1','3100Mhz','2','26');
INSERT INTO `glpi_plugin_genericobject_processors` VALUES ('42','0','0','INTEL','0','0','INTEL','','0',NULL,'2012-06-18 06:36:27','10','00000','0000','3',NULL,'18','3000MHz','2','29');
INSERT INTO `glpi_plugin_genericobject_processors` VALUES ('43','0','0','INTEL','0','0','INTEL','','0',NULL,'2012-06-25 05:51:23','0','00000','MC137223A3738','2',NULL,'19','3300MHz','2','74');
INSERT INTO `glpi_plugin_genericobject_processors` VALUES ('44','0','0','INTEL','0','0','INTEL','','0',NULL,'2012-06-25 05:51:39','0','00000','0000','2',NULL,'1','3100Mhz','2','44');
INSERT INTO `glpi_plugin_genericobject_processors` VALUES ('45','0','0','INTEL','0','0','INTEL','','0',NULL,'2012-06-25 05:52:09','0','00000','0000','2',NULL,'1','3100Mhz','2','57');
INSERT INTO `glpi_plugin_genericobject_processors` VALUES ('46','0','0','INTEL','0','0','AMD','','0',NULL,'2012-06-19 03:52:23','0','00000','0000','5',NULL,'15','1800MHz','2','75');
INSERT INTO `glpi_plugin_genericobject_processors` VALUES ('47','0','0','INTEL','0','0','INTEL','','0',NULL,'2012-06-25 05:53:17','0','00000','0000','3',NULL,'10','1800MHz','2','61');
INSERT INTO `glpi_plugin_genericobject_processors` VALUES ('48','0','0','','0','0','AMD','','0',NULL,'2012-06-19 09:53:07','0','0000','0000','5',NULL,'15','1800MHz','2','41');
INSERT INTO `glpi_plugin_genericobject_processors` VALUES ('49','0','0','INTEL','0','0','INTEL','','0',NULL,'2012-06-25 05:52:09','0','00000','0000','2',NULL,'1','3100Mhz','2','40');
INSERT INTO `glpi_plugin_genericobject_processors` VALUES ('50','0','0','INTEL','0','0','AMD','','0',NULL,'2012-06-19 10:01:35','0','00000','0000','5',NULL,'15','1800MHz','2','30');
INSERT INTO `glpi_plugin_genericobject_processors` VALUES ('51','0','0','INTEL','0','0','INTEL','','0',NULL,'2012-06-25 05:57:23','0','00000','0000','3',NULL,'20','2800MHz','2','18');
INSERT INTO `glpi_plugin_genericobject_processors` VALUES ('52','0','0','INTEL','0','0','INTEL','','0',NULL,'2012-06-25 05:54:07','0','00000','0000','3',NULL,'21','2400MHz','2','49');
INSERT INTO `glpi_plugin_genericobject_processors` VALUES ('53','0','0','INTEL','0','0','INTEL','','0',NULL,'2012-06-25 05:54:29','0','00000','0000','2',NULL,'1','3100Mhz','2','51');
INSERT INTO `glpi_plugin_genericobject_processors` VALUES ('54','0','0','INTEL','0','0','INTEL','','0',NULL,'2012-06-25 05:55:30','0','00000','0000','3',NULL,'14','2600Mhz','2','10');
INSERT INTO `glpi_plugin_genericobject_processors` VALUES ('55','0','0','INTEL','0','0','INTEL','','0',NULL,'2012-06-25 05:54:26','0','00000','0000','2',NULL,'1','3100Mhz','2','63');
INSERT INTO `glpi_plugin_genericobject_processors` VALUES ('56','0','0','INTEL','0','0','INTEL','','0',NULL,'2012-06-25 05:56:51','0','00000','0000','3',NULL,'22','1800','1','8');
INSERT INTO `glpi_plugin_genericobject_processors` VALUES ('57','0','0','INTEL','0','0','INTEL','','0',NULL,'2012-06-25 05:56:42','0','00000','0000','4',NULL,'23','2900Mhz','2','27');
INSERT INTO `glpi_plugin_genericobject_processors` VALUES ('58','0','0','INTEL','0','0','INTEL','','0',NULL,'2012-06-29 03:03:07','0','00000','2L150245A2027','2',NULL,'1','','3','69');

### Dump table glpi_plugin_genericobject_processortypes

DROP TABLE IF EXISTS `glpi_plugin_genericobject_processortypes`;
CREATE TABLE `glpi_plugin_genericobject_processortypes` (
  `id` int(11) NOT NULL AUTO_INCREMENT,
  `name` varchar(255) COLLATE utf8_unicode_ci DEFAULT NULL,
  `comment` text COLLATE utf8_unicode_ci,
  PRIMARY KEY (`id`),
  KEY `name` (`name`)
) ENGINE=MyISAM  DEFAULT CHARSET=utf8 COLLATE=utf8_unicode_ci;

INSERT INTO `glpi_plugin_genericobject_processortypes` VALUES ('1','i5-2300','');
INSERT INTO `glpi_plugin_genericobject_processortypes` VALUES ('2','1155','');
INSERT INTO `glpi_plugin_genericobject_processortypes` VALUES ('3','775','');
INSERT INTO `glpi_plugin_genericobject_processortypes` VALUES ('4','1156','');
INSERT INTO `glpi_plugin_genericobject_processortypes` VALUES ('5','754','');

### Dump table glpi_plugin_genericobject_profiles

DROP TABLE IF EXISTS `glpi_plugin_genericobject_profiles`;
CREATE TABLE `glpi_plugin_genericobject_profiles` (
  `id` int(11) NOT NULL AUTO_INCREMENT,
  `profiles_id` int(11) NOT NULL DEFAULT '0',
  `itemtype` varchar(255) COLLATE utf8_unicode_ci DEFAULT NULL,
  `right` char(1) COLLATE utf8_unicode_ci DEFAULT NULL,
  `open_ticket` char(1) COLLATE utf8_unicode_ci NOT NULL DEFAULT '0',
  PRIMARY KEY (`id`),
  KEY `name` (`profiles_id`)
) ENGINE=MyISAM  DEFAULT CHARSET=utf8 COLLATE=utf8_unicode_ci;

INSERT INTO `glpi_plugin_genericobject_profiles` VALUES ('65','7','PluginGenericobjectHdd','','0');
INSERT INTO `glpi_plugin_genericobject_profiles` VALUES ('61','6','PluginGenericobjectHdd','','0');
INSERT INTO `glpi_plugin_genericobject_profiles` VALUES ('62','7','PluginGenericobjectMotherboard','','0');
INSERT INTO `glpi_plugin_genericobject_profiles` VALUES ('63','7','PluginGenericobjectMemory','','0');
INSERT INTO `glpi_plugin_genericobject_profiles` VALUES ('64','7','PluginGenericobjectProcessor','','0');
INSERT INTO `glpi_plugin_genericobject_profiles` VALUES ('57','5','PluginGenericobjectHdd','','0');
INSERT INTO `glpi_plugin_genericobject_profiles` VALUES ('58','6','PluginGenericobjectMotherboard','','0');
INSERT INTO `glpi_plugin_genericobject_profiles` VALUES ('59','6','PluginGenericobjectMemory','','0');
INSERT INTO `glpi_plugin_genericobject_profiles` VALUES ('60','6','PluginGenericobjectProcessor','','0');
INSERT INTO `glpi_plugin_genericobject_profiles` VALUES ('53','3','PluginGenericobjectHdd','','0');
INSERT INTO `glpi_plugin_genericobject_profiles` VALUES ('54','5','PluginGenericobjectMotherboard','','0');
INSERT INTO `glpi_plugin_genericobject_profiles` VALUES ('55','5','PluginGenericobjectMemory','','0');
INSERT INTO `glpi_plugin_genericobject_profiles` VALUES ('56','5','PluginGenericobjectProcessor','','0');
INSERT INTO `glpi_plugin_genericobject_profiles` VALUES ('49','2','PluginGenericobjectHdd','','0');
INSERT INTO `glpi_plugin_genericobject_profiles` VALUES ('50','3','PluginGenericobjectMotherboard','','0');
INSERT INTO `glpi_plugin_genericobject_profiles` VALUES ('51','3','PluginGenericobjectMemory','','0');
INSERT INTO `glpi_plugin_genericobject_profiles` VALUES ('52','3','PluginGenericobjectProcessor','','0');
INSERT INTO `glpi_plugin_genericobject_profiles` VALUES ('45','1','PluginGenericobjectHdd','','0');
INSERT INTO `glpi_plugin_genericobject_profiles` VALUES ('46','2','PluginGenericobjectMotherboard','','0');
INSERT INTO `glpi_plugin_genericobject_profiles` VALUES ('47','2','PluginGenericobjectMemory','','0');
INSERT INTO `glpi_plugin_genericobject_profiles` VALUES ('48','2','PluginGenericobjectProcessor','','0');
INSERT INTO `glpi_plugin_genericobject_profiles` VALUES ('41','4','PluginGenericobjectHdd','w','1');
INSERT INTO `glpi_plugin_genericobject_profiles` VALUES ('42','1','PluginGenericobjectMotherboard','','0');
INSERT INTO `glpi_plugin_genericobject_profiles` VALUES ('43','1','PluginGenericobjectMemory','','0');
INSERT INTO `glpi_plugin_genericobject_profiles` VALUES ('44','1','PluginGenericobjectProcessor','','0');
INSERT INTO `glpi_plugin_genericobject_profiles` VALUES ('38','4','PluginGenericobjectMotherboard','w','1');
INSERT INTO `glpi_plugin_genericobject_profiles` VALUES ('39','4','PluginGenericobjectMemory','w','1');
INSERT INTO `glpi_plugin_genericobject_profiles` VALUES ('40','4','PluginGenericobjectProcessor','w','1');
INSERT INTO `glpi_plugin_genericobject_profiles` VALUES ('69','4','PluginGenericobjectPower','w','1');
INSERT INTO `glpi_plugin_genericobject_profiles` VALUES ('71','4','PluginGenericobjectOperationsystem','w','1');
INSERT INTO `glpi_plugin_genericobject_profiles` VALUES ('96','4','PluginGenericobjectApple','w','1');
INSERT INTO `glpi_plugin_genericobject_profiles` VALUES ('73','1','PluginGenericobjectPower','','0');
INSERT INTO `glpi_plugin_genericobject_profiles` VALUES ('74','1','PluginGenericobjectOperationsystem','','0');
INSERT INTO `glpi_plugin_genericobject_profiles` VALUES ('76','2','PluginGenericobjectPower','','0');
INSERT INTO `glpi_plugin_genericobject_profiles` VALUES ('77','2','PluginGenericobjectOperationsystem','','0');
INSERT INTO `glpi_plugin_genericobject_profiles` VALUES ('79','3','PluginGenericobjectPower','','0');
INSERT INTO `glpi_plugin_genericobject_profiles` VALUES ('80','3','PluginGenericobjectOperationsystem','','0');
INSERT INTO `glpi_plugin_genericobject_profiles` VALUES ('98','1','PluginGenericobjectVideocard','','0');
INSERT INTO `glpi_plugin_genericobject_profiles` VALUES ('82','5','PluginGenericobjectPower','','0');
INSERT INTO `glpi_plugin_genericobject_profiles` VALUES ('83','5','PluginGenericobjectOperationsystem','','0');
INSERT INTO `glpi_plugin_genericobject_profiles` VALUES ('93','4','PluginGenericobjectVideocard','w','1');
INSERT INTO `glpi_plugin_genericobject_profiles` VALUES ('85','6','PluginGenericobjectPower','','0');
INSERT INTO `glpi_plugin_genericobject_profiles` VALUES ('86','6','PluginGenericobjectOperationsystem','','0');
INSERT INTO `glpi_plugin_genericobject_profiles` VALUES ('88','7','PluginGenericobjectPower','','0');
INSERT INTO `glpi_plugin_genericobject_profiles` VALUES ('89','7','PluginGenericobjectOperationsystem','','0');
INSERT INTO `glpi_plugin_genericobject_profiles` VALUES ('99','1','PluginGenericobjectApple','','0');
INSERT INTO `glpi_plugin_genericobject_profiles` VALUES ('101','2','PluginGenericobjectVideocard','','0');
INSERT INTO `glpi_plugin_genericobject_profiles` VALUES ('102','2','PluginGenericobjectApple','','0');
INSERT INTO `glpi_plugin_genericobject_profiles` VALUES ('104','3','PluginGenericobjectVideocard','','0');
INSERT INTO `glpi_plugin_genericobject_profiles` VALUES ('105','3','PluginGenericobjectApple','','0');
INSERT INTO `glpi_plugin_genericobject_profiles` VALUES ('107','5','PluginGenericobjectVideocard','','0');
INSERT INTO `glpi_plugin_genericobject_profiles` VALUES ('108','5','PluginGenericobjectApple','','0');
INSERT INTO `glpi_plugin_genericobject_profiles` VALUES ('110','6','PluginGenericobjectVideocard','','0');
INSERT INTO `glpi_plugin_genericobject_profiles` VALUES ('111','6','PluginGenericobjectApple','','0');
INSERT INTO `glpi_plugin_genericobject_profiles` VALUES ('113','7','PluginGenericobjectVideocard','','0');
INSERT INTO `glpi_plugin_genericobject_profiles` VALUES ('114','7','PluginGenericobjectApple','','0');

### Dump table glpi_plugin_genericobject_ramcategories

DROP TABLE IF EXISTS `glpi_plugin_genericobject_ramcategories`;
CREATE TABLE `glpi_plugin_genericobject_ramcategories` (
  `id` int(11) NOT NULL AUTO_INCREMENT,
  `name` varchar(255) COLLATE utf8_unicode_ci DEFAULT NULL,
  `comment` text COLLATE utf8_unicode_ci,
  PRIMARY KEY (`id`),
  KEY `name` (`name`)
) ENGINE=MyISAM DEFAULT CHARSET=utf8 COLLATE=utf8_unicode_ci;


### Dump table glpi_plugin_genericobject_rammodels

DROP TABLE IF EXISTS `glpi_plugin_genericobject_rammodels`;
CREATE TABLE `glpi_plugin_genericobject_rammodels` (
  `id` int(11) NOT NULL AUTO_INCREMENT,
  `name` varchar(255) COLLATE utf8_unicode_ci DEFAULT NULL,
  `comment` text COLLATE utf8_unicode_ci,
  PRIMARY KEY (`id`),
  KEY `name` (`name`)
) ENGINE=MyISAM DEFAULT CHARSET=utf8 COLLATE=utf8_unicode_ci;


### Dump table glpi_plugin_genericobject_rams

DROP TABLE IF EXISTS `glpi_plugin_genericobject_rams`;
CREATE TABLE `glpi_plugin_genericobject_rams` (
  `id` int(11) NOT NULL AUTO_INCREMENT,
  `entities_id` int(11) NOT NULL DEFAULT '0',
  `is_recursive` tinyint(1) NOT NULL DEFAULT '0',
  `name` varchar(255) COLLATE utf8_unicode_ci NOT NULL DEFAULT '',
  `comment` text COLLATE utf8_unicode_ci,
  `notepad` text COLLATE utf8_unicode_ci,
  `date_mod` datetime DEFAULT NULL,
  PRIMARY KEY (`id`)
) ENGINE=MyISAM  DEFAULT CHARSET=utf8 COLLATE=utf8_unicode_ci COMMENT='PluginGenericobjectRam';

INSERT INTO `glpi_plugin_genericobject_rams` VALUES ('1','0','0','2GB_DDR2_KINGSTON','',NULL,'2012-05-29 08:02:38');
INSERT INTO `glpi_plugin_genericobject_rams` VALUES ('2','0','0','2GB_DDR2_KINGSTON','',NULL,'2012-05-29 08:03:03');
INSERT INTO `glpi_plugin_genericobject_rams` VALUES ('3','0','0','4GB_DDR3_KINGSTON','',NULL,'2012-05-29 08:03:25');
INSERT INTO `glpi_plugin_genericobject_rams` VALUES ('4','0','0','4GB_DDR3_KINGSTON','',NULL,'2012-05-29 08:03:29');
INSERT INTO `glpi_plugin_genericobject_rams` VALUES ('5','0','0','4GB_DDR3_KINGSTON','',NULL,'2012-05-29 08:03:37');
INSERT INTO `glpi_plugin_genericobject_rams` VALUES ('6','0','0','4GB_DDR3_KINGSTON','',NULL,'2012-05-29 08:03:40');
INSERT INTO `glpi_plugin_genericobject_rams` VALUES ('7','0','0','4GB_DDR3_KINGSTON','',NULL,'2012-05-29 08:03:43');
INSERT INTO `glpi_plugin_genericobject_rams` VALUES ('8','0','0','4GB_DDR3_KINGSTON','',NULL,'2012-05-29 08:03:46');
INSERT INTO `glpi_plugin_genericobject_rams` VALUES ('9','0','0','4GB_DDR3_KINGSTON','',NULL,'2012-05-29 08:03:55');
INSERT INTO `glpi_plugin_genericobject_rams` VALUES ('10','0','0','4GB_DDR3_KINGSTON','',NULL,'2012-05-29 08:03:58');
INSERT INTO `glpi_plugin_genericobject_rams` VALUES ('11','0','0','4GB_DDR3_HYNIX','',NULL,'2012-05-29 08:04:09');
INSERT INTO `glpi_plugin_genericobject_rams` VALUES ('12','0','0','4GB_DDR3_HYNIX','',NULL,'2012-05-29 08:04:12');
INSERT INTO `glpi_plugin_genericobject_rams` VALUES ('13','0','0','4GB_DDR3_KINGSTON','',NULL,'2012-05-29 08:04:25');
INSERT INTO `glpi_plugin_genericobject_rams` VALUES ('14','0','0','4GB_DDR3_KINGSTON','',NULL,'2012-05-29 08:04:28');
INSERT INTO `glpi_plugin_genericobject_rams` VALUES ('15','0','0','4GB_DDR3_KINGSTON','',NULL,'2012-05-29 08:04:38');
INSERT INTO `glpi_plugin_genericobject_rams` VALUES ('16','0','0','4GB_DDR3_KINGSTON','',NULL,'2012-05-29 08:04:41');
INSERT INTO `glpi_plugin_genericobject_rams` VALUES ('17','0','0','1GB_DDR2_SAMSUNG','',NULL,'2012-05-29 08:04:52');
INSERT INTO `glpi_plugin_genericobject_rams` VALUES ('18','0','0','1GB_DDR2_SAMSUNG','',NULL,'2012-05-29 08:04:55');
INSERT INTO `glpi_plugin_genericobject_rams` VALUES ('19','0','0','1GB_DDR2_SAMSUNG','',NULL,'2012-05-29 08:04:58');
INSERT INTO `glpi_plugin_genericobject_rams` VALUES ('20','0','0','1GB_DDR2_SAMSUNG','',NULL,'2012-05-29 08:05:00');
INSERT INTO `glpi_plugin_genericobject_rams` VALUES ('21','0','0','4GB_DDR3_SAMSUNG','',NULL,'2012-05-29 08:05:15');
INSERT INTO `glpi_plugin_genericobject_rams` VALUES ('22','0','0','4GB_DDR3_HYNIX','',NULL,'2012-05-29 08:05:26');
INSERT INTO `glpi_plugin_genericobject_rams` VALUES ('23','0','0','4GB_DDR3_HYNIX','',NULL,'2012-05-29 08:05:29');
INSERT INTO `glpi_plugin_genericobject_rams` VALUES ('24','0','0','4GB_DDR3_SAMSUNG','',NULL,'2012-05-29 08:05:40');
INSERT INTO `glpi_plugin_genericobject_rams` VALUES ('25','0','0','4GB_DDR3_SAMSUNG','',NULL,'2012-05-29 08:05:43');
INSERT INTO `glpi_plugin_genericobject_rams` VALUES ('26','0','0','4GB_DDR3_HYNIX','',NULL,'2012-05-29 08:05:54');
INSERT INTO `glpi_plugin_genericobject_rams` VALUES ('27','0','0','4GB_DDR3_KINGSTON','',NULL,'2012-05-29 08:06:01');
INSERT INTO `glpi_plugin_genericobject_rams` VALUES ('28','0','0','2GB_DDR2_KINGSTON','',NULL,'2012-05-29 08:06:08');
INSERT INTO `glpi_plugin_genericobject_rams` VALUES ('29','0','0','2GB_DDR2_KINGSTON','',NULL,'2012-05-29 08:06:14');
INSERT INTO `glpi_plugin_genericobject_rams` VALUES ('30','0','0','2GB_DDR2_KINGSTON','',NULL,'2012-05-29 08:06:23');
INSERT INTO `glpi_plugin_genericobject_rams` VALUES ('31','0','0','2GB_DDR2_KINGSTON','',NULL,'2012-05-29 08:06:26');
INSERT INTO `glpi_plugin_genericobject_rams` VALUES ('32','0','0','4GB_DDR3_KINGSTON','',NULL,'2012-05-29 08:15:48');
INSERT INTO `glpi_plugin_genericobject_rams` VALUES ('33','0','0','4GB_DDR3_KINGSTON','',NULL,'2012-05-29 08:15:53');
INSERT INTO `glpi_plugin_genericobject_rams` VALUES ('34','0','0','2GB_DDR2_KINGSTON','',NULL,'2012-05-29 08:16:01');
INSERT INTO `glpi_plugin_genericobject_rams` VALUES ('35','0','0','2GB_DDR2_KINGSTON','',NULL,'2012-05-29 08:16:04');
INSERT INTO `glpi_plugin_genericobject_rams` VALUES ('36','0','0','4GB_DDR3_HYNIX','',NULL,'2012-05-29 08:16:18');
INSERT INTO `glpi_plugin_genericobject_rams` VALUES ('37','0','0','4GB_DDR3_HYNIX','',NULL,'2012-05-29 08:16:21');
INSERT INTO `glpi_plugin_genericobject_rams` VALUES ('38','0','0','4GB_DDR3_KINGSTON','',NULL,'2012-05-29 08:17:03');
INSERT INTO `glpi_plugin_genericobject_rams` VALUES ('39','0','0','4GB_DDR3_KINGSTON','',NULL,'2012-05-29 08:17:07');
INSERT INTO `glpi_plugin_genericobject_rams` VALUES ('40','0','0','2GB_DDR2_TRANSCEND','',NULL,'2012-05-29 08:17:15');
INSERT INTO `glpi_plugin_genericobject_rams` VALUES ('41','0','0','2GB_DDR2_TRANSCEND','',NULL,'2012-05-29 08:17:18');
INSERT INTO `glpi_plugin_genericobject_rams` VALUES ('42','0','0','2GB_DDR2_HYNIX','',NULL,'2012-05-29 08:17:28');
INSERT INTO `glpi_plugin_genericobject_rams` VALUES ('43','0','0','2GB_DDR2_HYNIX','',NULL,'2012-05-29 08:17:31');
INSERT INTO `glpi_plugin_genericobject_rams` VALUES ('44','0','0','4GB_DDR3_HYNIX','',NULL,'2012-05-29 08:17:38');
INSERT INTO `glpi_plugin_genericobject_rams` VALUES ('45','0','0','4GB_DDR3_HYNIX','',NULL,'2012-05-29 08:17:41');
INSERT INTO `glpi_plugin_genericobject_rams` VALUES ('46','0','0','4GB_DDR3_HYNIX','',NULL,'2012-05-29 08:17:48');
INSERT INTO `glpi_plugin_genericobject_rams` VALUES ('47','0','0','4GB_DDR3_HYNIX','',NULL,'2012-05-29 08:17:54');
INSERT INTO `glpi_plugin_genericobject_rams` VALUES ('48','0','0','1GB_DDR1_NONAME','',NULL,'2012-05-29 08:18:02');
INSERT INTO `glpi_plugin_genericobject_rams` VALUES ('49','0','0','1GB_DDR1_NONAME','',NULL,'2012-05-29 08:18:07');
INSERT INTO `glpi_plugin_genericobject_rams` VALUES ('50','0','0','1GB_DDR1_NONAME','',NULL,'2012-05-29 08:18:14');
INSERT INTO `glpi_plugin_genericobject_rams` VALUES ('51','0','0','1GB_DDR1_NONAME','',NULL,'2012-05-29 08:18:17');
INSERT INTO `glpi_plugin_genericobject_rams` VALUES ('52','0','0','4GB_DDR3_KINGSTON','',NULL,'2012-05-29 08:18:29');

### Dump table glpi_plugin_genericobject_ramtypes

DROP TABLE IF EXISTS `glpi_plugin_genericobject_ramtypes`;
CREATE TABLE `glpi_plugin_genericobject_ramtypes` (
  `id` int(11) NOT NULL AUTO_INCREMENT,
  `name` varchar(255) COLLATE utf8_unicode_ci DEFAULT NULL,
  `comment` text COLLATE utf8_unicode_ci,
  PRIMARY KEY (`id`),
  KEY `name` (`name`)
) ENGINE=MyISAM  DEFAULT CHARSET=utf8 COLLATE=utf8_unicode_ci;

INSERT INTO `glpi_plugin_genericobject_ramtypes` VALUES ('1','DDR3','');

### Dump table glpi_plugin_genericobject_ssdmodels

DROP TABLE IF EXISTS `glpi_plugin_genericobject_ssdmodels`;
CREATE TABLE `glpi_plugin_genericobject_ssdmodels` (
  `id` int(11) NOT NULL AUTO_INCREMENT,
  `name` varchar(255) COLLATE utf8_unicode_ci DEFAULT NULL,
  `comment` text COLLATE utf8_unicode_ci,
  PRIMARY KEY (`id`),
  KEY `name` (`name`)
) ENGINE=MyISAM  DEFAULT CHARSET=utf8 COLLATE=utf8_unicode_ci;

INSERT INTO `glpi_plugin_genericobject_ssdmodels` VALUES ('1','SH100S3120G','');
INSERT INTO `glpi_plugin_genericobject_ssdmodels` VALUES ('2','SVP200S3120G','');
INSERT INTO `glpi_plugin_genericobject_ssdmodels` VALUES ('3','SVP100ES2128G','');
INSERT INTO `glpi_plugin_genericobject_ssdmodels` VALUES ('4','SH100S3120G','');
INSERT INTO `glpi_plugin_genericobject_ssdmodels` VALUES ('5','SNVP325S2128GB','');

### Dump table glpi_plugin_genericobject_ssds

DROP TABLE IF EXISTS `glpi_plugin_genericobject_ssds`;
CREATE TABLE `glpi_plugin_genericobject_ssds` (
  `id` int(11) NOT NULL AUTO_INCREMENT,
  `is_deleted` tinyint(1) NOT NULL DEFAULT '0',
  `is_template` tinyint(1) NOT NULL DEFAULT '0',
  `template_name` varchar(255) COLLATE utf8_unicode_ci NOT NULL DEFAULT '',
  `entities_id` int(11) NOT NULL DEFAULT '0',
  `is_recursive` tinyint(1) NOT NULL DEFAULT '0',
  `name` varchar(255) COLLATE utf8_unicode_ci NOT NULL DEFAULT '',
  `comment` text COLLATE utf8_unicode_ci,
  `is_helpdesk_visible` tinyint(1) NOT NULL DEFAULT '0',
  `notepad` text COLLATE utf8_unicode_ci,
  `date_mod` datetime DEFAULT NULL,
  `locations_id` int(11) NOT NULL DEFAULT '0',
  `states_id` int(11) NOT NULL DEFAULT '0',
  `users_id` int(11) NOT NULL DEFAULT '0',
  `groups_id` int(11) NOT NULL DEFAULT '0',
  `otherserial` varchar(255) COLLATE utf8_unicode_ci NOT NULL DEFAULT '',
  `serial` varchar(255) COLLATE utf8_unicode_ci NOT NULL DEFAULT '',
  `plugin_genericobject_ssdmodels_id` int(11) NOT NULL DEFAULT '0',
  `plugin_genericobject_ssdtypes_id` int(11) NOT NULL DEFAULT '0',
  `expirationdate` date DEFAULT NULL,
  PRIMARY KEY (`id`)
) ENGINE=MyISAM  DEFAULT CHARSET=utf8 COLLATE=utf8_unicode_ci COMMENT='PluginGenericobjectSsd';

INSERT INTO `glpi_plugin_genericobject_ssds` VALUES ('1','0','0','','0','0','KINGSTON','','0',NULL,'2012-05-31 03:20:40','0','6','22','3','0000','0000','1','1',NULL);
INSERT INTO `glpi_plugin_genericobject_ssds` VALUES ('2','0','0','','0','0','KINGSTON','','0',NULL,'2012-05-31 03:27:17','0','6','68','3','0000','0000','2','1',NULL);
INSERT INTO `glpi_plugin_genericobject_ssds` VALUES ('3','0','0','','0','0','KINGSTON','','0',NULL,'2012-05-31 03:29:23','0','8','16','3','0000','0000','3','1',NULL);
INSERT INTO `glpi_plugin_genericobject_ssds` VALUES ('4','0','0','','0','0','KINGSTON','','0',NULL,'2012-05-31 03:34:34','0','6','17','3','0000','0000','1','1',NULL);
INSERT INTO `glpi_plugin_genericobject_ssds` VALUES ('5','0','0','','0','0','KINGSTON','','0',NULL,'2012-05-31 03:36:27','0','8','43','3','0000','0000','5','1',NULL);
INSERT INTO `glpi_plugin_genericobject_ssds` VALUES ('6','0','0','','0','0','KINGSTON','','0',NULL,'2012-05-31 03:46:35','0','6','47','3','0000','0000','3','1',NULL);
INSERT INTO `glpi_plugin_genericobject_ssds` VALUES ('7','0','0','','0','0','KINGSTON','','0',NULL,'2012-05-31 03:51:25','0','6','37','3','0000','0000','3','1',NULL);

### Dump table glpi_plugin_genericobject_ssdtypes

DROP TABLE IF EXISTS `glpi_plugin_genericobject_ssdtypes`;
CREATE TABLE `glpi_plugin_genericobject_ssdtypes` (
  `id` int(11) NOT NULL AUTO_INCREMENT,
  `name` varchar(255) COLLATE utf8_unicode_ci DEFAULT NULL,
  `comment` text COLLATE utf8_unicode_ci,
  PRIMARY KEY (`id`),
  KEY `name` (`name`)
) ENGINE=MyISAM  DEFAULT CHARSET=utf8 COLLATE=utf8_unicode_ci;

INSERT INTO `glpi_plugin_genericobject_ssdtypes` VALUES ('1','SATA3','');

### Dump table glpi_plugin_genericobject_types

DROP TABLE IF EXISTS `glpi_plugin_genericobject_types`;
CREATE TABLE `glpi_plugin_genericobject_types` (
  `id` int(11) NOT NULL AUTO_INCREMENT,
  `entities_id` int(11) NOT NULL DEFAULT '0',
  `itemtype` varchar(255) COLLATE utf8_unicode_ci DEFAULT NULL,
  `is_active` tinyint(1) NOT NULL DEFAULT '0',
  `name` varchar(255) COLLATE utf8_unicode_ci DEFAULT NULL,
  `use_unicity` tinyint(1) NOT NULL DEFAULT '0',
  `use_history` tinyint(1) NOT NULL DEFAULT '0',
  `use_infocoms` tinyint(1) NOT NULL DEFAULT '0',
  `use_contracts` tinyint(1) NOT NULL DEFAULT '0',
  `use_documents` tinyint(1) NOT NULL DEFAULT '0',
  `use_tickets` tinyint(1) NOT NULL DEFAULT '0',
  `use_links` tinyint(1) NOT NULL DEFAULT '0',
  `use_loans` tinyint(1) NOT NULL DEFAULT '0',
  `use_network_ports` tinyint(1) NOT NULL DEFAULT '0',
  `use_direct_connections` tinyint(1) NOT NULL DEFAULT '0',
  `use_plugin_datainjection` tinyint(1) NOT NULL DEFAULT '0',
  `use_plugin_pdf` tinyint(1) NOT NULL DEFAULT '0',
  `use_plugin_order` tinyint(1) NOT NULL DEFAULT '0',
  `use_plugin_uninstall` tinyint(1) NOT NULL DEFAULT '0',
  `use_plugin_geninventorynumber` tinyint(1) NOT NULL DEFAULT '0',
  PRIMARY KEY (`id`)
) ENGINE=MyISAM  DEFAULT CHARSET=utf8 COLLATE=utf8_unicode_ci COMMENT='Object types definition table';

INSERT INTO `glpi_plugin_genericobject_types` VALUES ('8','0','PluginGenericobjectMotherboard','1','motherboard','1','1','1','1','1','1','0','1','1','0','0','0','0','0','0');
INSERT INTO `glpi_plugin_genericobject_types` VALUES ('9','0','PluginGenericobjectMemory','1','memory','1','1','1','1','1','1','0','1','1','0','0','0','0','0','0');
INSERT INTO `glpi_plugin_genericobject_types` VALUES ('10','0','PluginGenericobjectProcessor','1','processor','1','1','1','1','1','1','0','1','1','0','0','0','0','0','0');
INSERT INTO `glpi_plugin_genericobject_types` VALUES ('11','0','PluginGenericobjectHdd','1','hdd','1','1','1','1','1','1','0','1','1','0','0','0','0','0','0');
INSERT INTO `glpi_plugin_genericobject_types` VALUES ('15','0','PluginGenericobjectPower','1','power','1','1','1','1','1','1','0','1','1','0','0','0','0','0','0');
INSERT INTO `glpi_plugin_genericobject_types` VALUES ('17','0','PluginGenericobjectOperationsystem','1','operationsystem','1','1','1','1','1','1','0','1','1','0','0','0','0','0','0');
INSERT INTO `glpi_plugin_genericobject_types` VALUES ('21','0','PluginGenericobjectVideocard','1','videocard','1','1','1','1','1','1','0','1','1','0','0','0','0','0','0');
INSERT INTO `glpi_plugin_genericobject_types` VALUES ('24','0','PluginGenericobjectApple','1','apple','1','1','1','1','1','1','0','1','1','0','0','0','0','0','0');

### Dump table glpi_plugin_genericobject_videocardmodels

DROP TABLE IF EXISTS `glpi_plugin_genericobject_videocardmodels`;
CREATE TABLE `glpi_plugin_genericobject_videocardmodels` (
  `id` int(11) NOT NULL AUTO_INCREMENT,
  `name` varchar(255) COLLATE utf8_unicode_ci DEFAULT NULL,
  `comment` text COLLATE utf8_unicode_ci,
  PRIMARY KEY (`id`),
  KEY `name` (`name`)
) ENGINE=MyISAM  DEFAULT CHARSET=utf8 COLLATE=utf8_unicode_ci;

INSERT INTO `glpi_plugin_genericobject_videocardmodels` VALUES ('1','8400GS','');
INSERT INTO `glpi_plugin_genericobject_videocardmodels` VALUES ('2','GF210','');
INSERT INTO `glpi_plugin_genericobject_videocardmodels` VALUES ('3','9400GT','');
INSERT INTO `glpi_plugin_genericobject_videocardmodels` VALUES ('4','HD4300','');
INSERT INTO `glpi_plugin_genericobject_videocardmodels` VALUES ('5','HD4350','');
INSERT INTO `glpi_plugin_genericobject_videocardmodels` VALUES ('6','X550','');
INSERT INTO `glpi_plugin_genericobject_videocardmodels` VALUES ('7','GF6200','');
INSERT INTO `glpi_plugin_genericobject_videocardmodels` VALUES ('8','GF9600','');
INSERT INTO `glpi_plugin_genericobject_videocardmodels` VALUES ('9','GT9500','');
INSERT INTO `glpi_plugin_genericobject_videocardmodels` VALUES ('10','GT9400','');
INSERT INTO `glpi_plugin_genericobject_videocardmodels` VALUES ('11','GF6600','');
INSERT INTO `glpi_plugin_genericobject_videocardmodels` VALUES ('12','GF8600GTS','');
INSERT INTO `glpi_plugin_genericobject_videocardmodels` VALUES ('13','RX1300','');

### Dump table glpi_plugin_genericobject_videocards

DROP TABLE IF EXISTS `glpi_plugin_genericobject_videocards`;
CREATE TABLE `glpi_plugin_genericobject_videocards` (
  `id` int(11) NOT NULL AUTO_INCREMENT,
  `is_deleted` tinyint(1) NOT NULL DEFAULT '0',
  `is_template` tinyint(1) NOT NULL DEFAULT '0',
  `template_name` varchar(255) COLLATE utf8_unicode_ci NOT NULL DEFAULT '',
  `entities_id` int(11) NOT NULL DEFAULT '0',
  `is_recursive` tinyint(1) NOT NULL DEFAULT '0',
  `name` varchar(255) COLLATE utf8_unicode_ci NOT NULL DEFAULT '',
  `comment` text COLLATE utf8_unicode_ci,
  `is_helpdesk_visible` tinyint(1) NOT NULL DEFAULT '0',
  `notepad` text COLLATE utf8_unicode_ci,
  `date_mod` datetime DEFAULT NULL,
  `locations_id` int(11) NOT NULL DEFAULT '0',
  `contact_num` varchar(255) COLLATE utf8_unicode_ci NOT NULL DEFAULT '',
  `groups_id` int(11) NOT NULL DEFAULT '0',
  `users_id` int(11) NOT NULL DEFAULT '0',
  `serial` varchar(255) COLLATE utf8_unicode_ci NOT NULL DEFAULT '',
  `otherserial` varchar(255) COLLATE utf8_unicode_ci NOT NULL DEFAULT '',
  `plugin_genericobject_videocardmodels_id` int(11) NOT NULL DEFAULT '0',
  PRIMARY KEY (`id`)
) ENGINE=MyISAM  DEFAULT CHARSET=utf8 COLLATE=utf8_unicode_ci COMMENT='PluginGenericobjectVideocard';

INSERT INTO `glpi_plugin_genericobject_videocards` VALUES ('1','0','0','','0','0','NVIDIA','','0',NULL,'2012-06-12 03:08:26','0','Active','3','28','A7C0Y2088835','0000','1');
INSERT INTO `glpi_plugin_genericobject_videocards` VALUES ('2','0','0','','0','0','NVIDIA','','0',NULL,'2012-05-31 09:56:41','0','Active','3','22','A7COYZ088850','0000','1');
INSERT INTO `glpi_plugin_genericobject_videocards` VALUES ('3','0','0','','0','0','NVIDIA','','0',NULL,'2012-05-31 09:54:46','0','Active','3','22','T1110105035','0000','2');
INSERT INTO `glpi_plugin_genericobject_videocards` VALUES ('4','0','0','','0','0','NVIDIA','','0',NULL,'2012-06-12 04:51:37','0','Active','3','58','89CDA1585733','0000','3');
INSERT INTO `glpi_plugin_genericobject_videocards` VALUES ('5','0','0','','0','0','ATI','','0',NULL,'2012-06-12 04:59:57','0','Active','3','47','01007CRPH000140029407','0000','4');
INSERT INTO `glpi_plugin_genericobject_videocards` VALUES ('6','0','0','','0','0','ATI','','0',NULL,'2012-06-29 03:02:07','0','Passive','3','80','CRPH000139587760','0000','5');
INSERT INTO `glpi_plugin_genericobject_videocards` VALUES ('7','0','0','','0','0','ATI','','0',NULL,'2012-05-31 04:55:00','0','Passive','3','39','0000','0000','5');
INSERT INTO `glpi_plugin_genericobject_videocards` VALUES ('8','0','0','','0','0','ATI','','0',NULL,'2012-06-12 02:58:42','0','Passive','3','64','NG1006056774','0000','5');
INSERT INTO `glpi_plugin_genericobject_videocards` VALUES ('9','1','0','','0','0','NVIDIA','','0',NULL,'2012-06-18 01:42:26','0','','2','23','','','2');
INSERT INTO `glpi_plugin_genericobject_videocards` VALUES ('10','0','0','','0','0','NVIDIA','','0',NULL,'2012-06-18 01:34:21','0','','2','23','B9COYZ018091','00000','2');
INSERT INTO `glpi_plugin_genericobject_videocards` VALUES ('11','0','0','','0','0','AMD','','0',NULL,'2012-06-18 04:18:02','0','','2','26','P0512034228','','6');
INSERT INTO `glpi_plugin_genericobject_videocards` VALUES ('12','0','0','','0','0','NVIDIA','','0',NULL,'2012-06-20 04:35:12','0','','2','49','81c0aie12119','','7');
INSERT INTO `glpi_plugin_genericobject_videocards` VALUES ('13','0','0','','0','0','NVIDIA','','0',NULL,'2012-06-20 05:17:50','0','','2','10','97c0ac188309','','8');
INSERT INTO `glpi_plugin_genericobject_videocards` VALUES ('14','0','0','','0','0','NVIDIA','','0',NULL,'2012-06-25 04:03:54','0','','1','20','06080808132085','','9');
INSERT INTO `glpi_plugin_genericobject_videocards` VALUES ('15','0','0','','0','0','NVIDIA','','0',NULL,'2012-06-21 01:57:53','0','','2','33','96c0ad015018','','3');
INSERT INTO `glpi_plugin_genericobject_videocards` VALUES ('16','0','0','','0','0','NVIDIA','','0',NULL,'2012-06-21 02:04:33','0','','2','48','97c0ac188281','','8');
INSERT INTO `glpi_plugin_genericobject_videocards` VALUES ('17','0','0','','0','0','NVIDIA','','0',NULL,'2012-06-21 03:59:21','0','','2','9','td11vo05014924','','11');
INSERT INTO `glpi_plugin_genericobject_videocards` VALUES ('18','0','0','','0','0','NVIDIA','','0',NULL,'2012-06-25 04:10:03','0','','1','8','hd21v808000646','','12');
INSERT INTO `glpi_plugin_genericobject_videocards` VALUES ('19','0','0','','0','0','NVIDIA','','0',NULL,'2012-06-21 08:36:41','0','','2','71','T1110105036','','2');
INSERT INTO `glpi_plugin_genericobject_videocards` VALUES ('20','0','0','','0','0','AMD','','0',NULL,'2012-06-21 08:40:02','0','','3','71','170B0611003855','','13');

### Dump table glpi_plugingenericobjectomodels

DROP TABLE IF EXISTS `glpi_plugingenericobjectomodels`;
CREATE TABLE `glpi_plugingenericobjectomodels` (
  `id` int(11) NOT NULL AUTO_INCREMENT,
  `name` varchar(255) COLLATE utf8_unicode_ci DEFAULT NULL,
  `comment` text COLLATE utf8_unicode_ci,
  PRIMARY KEY (`id`),
  KEY `name` (`name`)
) ENGINE=MyISAM DEFAULT CHARSET=utf8 COLLATE=utf8_unicode_ci;


### Dump table glpi_plugingenericobjectos

DROP TABLE IF EXISTS `glpi_plugingenericobjectos`;
CREATE TABLE `glpi_plugingenericobjectos` (
  `id` int(11) NOT NULL AUTO_INCREMENT,
  `entities_id` int(11) NOT NULL DEFAULT '0',
  `is_recursive` tinyint(1) NOT NULL DEFAULT '0',
  `name` varchar(255) COLLATE utf8_unicode_ci NOT NULL DEFAULT '',
  `comment` text COLLATE utf8_unicode_ci,
  `notepad` text COLLATE utf8_unicode_ci,
  `date_mod` datetime DEFAULT NULL,
  PRIMARY KEY (`id`)
) ENGINE=MyISAM  DEFAULT CHARSET=utf8 COLLATE=utf8_unicode_ci COMMENT='PluginGenericobjectOs';

INSERT INTO `glpi_plugingenericobjectos` VALUES ('1','0','0','XP PRO','',NULL,'2012-05-29 08:38:28');
INSERT INTO `glpi_plugingenericobjectos` VALUES ('2','0','0','7_HOME_PREMIUM','',NULL,'2012-05-29 08:38:35');
INSERT INTO `glpi_plugingenericobjectos` VALUES ('3','0','0','7_HOME_PREMIUM','',NULL,'2012-05-29 08:38:40');
INSERT INTO `glpi_plugingenericobjectos` VALUES ('4','0','0','7_HOME_PREMIUM','',NULL,'2012-05-29 08:38:47');
INSERT INTO `glpi_plugingenericobjectos` VALUES ('5','0','0','7_HOME_PREMIUM','',NULL,'2012-05-29 08:38:55');
INSERT INTO `glpi_plugingenericobjectos` VALUES ('6','0','0','7_HOME_PREMIUM','',NULL,'2012-05-29 08:39:02');
INSERT INTO `glpi_plugingenericobjectos` VALUES ('7','0','0','7_HOME_PREMIUM','',NULL,'2012-05-29 08:39:09');
INSERT INTO `glpi_plugingenericobjectos` VALUES ('8','0','0','7_HOME_PREMIUM','',NULL,'2012-05-29 08:39:16');
INSERT INTO `glpi_plugingenericobjectos` VALUES ('9','0','0','7_HOME_PREMIUM','',NULL,'2012-05-29 08:39:32');
INSERT INTO `glpi_plugingenericobjectos` VALUES ('10','0','0','7_HOME_PREMIUM','',NULL,'2012-05-29 08:39:40');
INSERT INTO `glpi_plugingenericobjectos` VALUES ('11','0','0','7_HOME_PREMIUM','',NULL,'2012-05-29 08:39:47');
INSERT INTO `glpi_plugingenericobjectos` VALUES ('12','0','0','7_HOME_PREMIUM','',NULL,'2012-05-29 08:39:54');
INSERT INTO `glpi_plugingenericobjectos` VALUES ('13','0','0','7_HOME_PREMIUM','',NULL,'2012-05-29 08:40:00');
INSERT INTO `glpi_plugingenericobjectos` VALUES ('14','0','0','7_HOME_PREMIUM','',NULL,'2012-05-29 08:40:07');
INSERT INTO `glpi_plugingenericobjectos` VALUES ('15','0','0','7_HOME_PREMIUM','',NULL,'2012-05-29 08:40:15');
INSERT INTO `glpi_plugingenericobjectos` VALUES ('16','0','0','XP PRO','',NULL,'2012-05-29 08:40:22');
INSERT INTO `glpi_plugingenericobjectos` VALUES ('17','0','0','7_HOME_PREMIUM','',NULL,'2012-05-29 08:40:29');
INSERT INTO `glpi_plugingenericobjectos` VALUES ('18','0','0','7_HOME_PREMIUM','',NULL,'2012-05-29 08:40:35');
INSERT INTO `glpi_plugingenericobjectos` VALUES ('19','0','0','7_HOME_PREMIUM','',NULL,'2012-05-29 08:40:41');
INSERT INTO `glpi_plugingenericobjectos` VALUES ('20','0','0','7_HOME_PREMIUM','',NULL,'2012-05-29 08:40:47');
INSERT INTO `glpi_plugingenericobjectos` VALUES ('21','0','0','7_HOME_PREMIUM','',NULL,'2012-05-29 08:40:53');
INSERT INTO `glpi_plugingenericobjectos` VALUES ('22','0','0','7_HOME_PREMIUM','',NULL,'2012-05-29 08:41:00');
INSERT INTO `glpi_plugingenericobjectos` VALUES ('23','0','0','XP PRO','',NULL,'2012-05-29 08:41:06');
INSERT INTO `glpi_plugingenericobjectos` VALUES ('24','0','0','XP_HOME','',NULL,'2012-05-29 08:41:13');

### Dump table glpi_plugins

DROP TABLE IF EXISTS `glpi_plugins`;
CREATE TABLE `glpi_plugins` (
  `id` int(11) NOT NULL AUTO_INCREMENT,
  `directory` varchar(255) COLLATE utf8_unicode_ci NOT NULL,
  `name` varchar(255) COLLATE utf8_unicode_ci NOT NULL,
  `version` varchar(255) COLLATE utf8_unicode_ci NOT NULL,
  `state` int(11) NOT NULL DEFAULT '0' COMMENT 'see define.php PLUGIN_* constant',
  `author` varchar(255) COLLATE utf8_unicode_ci DEFAULT NULL,
  `homepage` varchar(255) COLLATE utf8_unicode_ci DEFAULT NULL,
  `license` varchar(255) COLLATE utf8_unicode_ci DEFAULT NULL,
  PRIMARY KEY (`id`),
  UNIQUE KEY `unicity` (`directory`),
  KEY `state` (`state`)
) ENGINE=MyISAM  DEFAULT CHARSET=utf8 COLLATE=utf8_unicode_ci;

INSERT INTO `glpi_plugins` VALUES ('1','genericobject','Objects management','2.1.0','1','Alexandre Delaunay & Walid Nouh','https://forge.indepnet.net/projects/show/genericobject','GPLv2+');

### Dump table glpi_printermodels

DROP TABLE IF EXISTS `glpi_printermodels`;
CREATE TABLE `glpi_printermodels` (
  `id` int(11) NOT NULL AUTO_INCREMENT,
  `name` varchar(255) COLLATE utf8_unicode_ci DEFAULT NULL,
  `comment` text COLLATE utf8_unicode_ci,
  PRIMARY KEY (`id`),
  KEY `name` (`name`)
) ENGINE=MyISAM DEFAULT CHARSET=utf8 COLLATE=utf8_unicode_ci;


### Dump table glpi_printers

DROP TABLE IF EXISTS `glpi_printers`;
CREATE TABLE `glpi_printers` (
  `id` int(11) NOT NULL AUTO_INCREMENT,
  `entities_id` int(11) NOT NULL DEFAULT '0',
  `is_recursive` tinyint(1) NOT NULL DEFAULT '0',
  `name` varchar(255) COLLATE utf8_unicode_ci DEFAULT NULL,
  `date_mod` datetime DEFAULT NULL,
  `contact` varchar(255) COLLATE utf8_unicode_ci DEFAULT NULL,
  `contact_num` varchar(255) COLLATE utf8_unicode_ci DEFAULT NULL,
  `users_id_tech` int(11) NOT NULL DEFAULT '0',
  `groups_id_tech` int(11) NOT NULL DEFAULT '0',
  `serial` varchar(255) COLLATE utf8_unicode_ci DEFAULT NULL,
  `otherserial` varchar(255) COLLATE utf8_unicode_ci DEFAULT NULL,
  `have_serial` tinyint(1) NOT NULL DEFAULT '0',
  `have_parallel` tinyint(1) NOT NULL DEFAULT '0',
  `have_usb` tinyint(1) NOT NULL DEFAULT '0',
  `have_wifi` tinyint(1) NOT NULL DEFAULT '0',
  `have_ethernet` tinyint(1) NOT NULL DEFAULT '0',
  `comment` text COLLATE utf8_unicode_ci,
  `memory_size` varchar(255) COLLATE utf8_unicode_ci DEFAULT NULL,
  `locations_id` int(11) NOT NULL DEFAULT '0',
  `domains_id` int(11) NOT NULL DEFAULT '0',
  `networks_id` int(11) NOT NULL DEFAULT '0',
  `printertypes_id` int(11) NOT NULL DEFAULT '0',
  `printermodels_id` int(11) NOT NULL DEFAULT '0',
  `manufacturers_id` int(11) NOT NULL DEFAULT '0',
  `is_global` tinyint(1) NOT NULL DEFAULT '0',
  `is_deleted` tinyint(1) NOT NULL DEFAULT '0',
  `is_template` tinyint(1) NOT NULL DEFAULT '0',
  `template_name` varchar(255) COLLATE utf8_unicode_ci DEFAULT NULL,
  `init_pages_counter` int(11) NOT NULL DEFAULT '0',
  `last_pages_counter` int(11) NOT NULL DEFAULT '0',
  `notepad` longtext COLLATE utf8_unicode_ci,
  `users_id` int(11) NOT NULL DEFAULT '0',
  `groups_id` int(11) NOT NULL DEFAULT '0',
  `states_id` int(11) NOT NULL DEFAULT '0',
  `ticket_tco` decimal(20,4) DEFAULT '0.0000',
  PRIMARY KEY (`id`),
  KEY `name` (`name`),
  KEY `is_template` (`is_template`),
  KEY `is_global` (`is_global`),
  KEY `domains_id` (`domains_id`),
  KEY `entities_id` (`entities_id`),
  KEY `manufacturers_id` (`manufacturers_id`),
  KEY `groups_id` (`groups_id`),
  KEY `users_id` (`users_id`),
  KEY `locations_id` (`locations_id`),
  KEY `printermodels_id` (`printermodels_id`),
  KEY `networks_id` (`networks_id`),
  KEY `states_id` (`states_id`),
  KEY `users_id_tech` (`users_id_tech`),
  KEY `printertypes_id` (`printertypes_id`),
  KEY `is_deleted` (`is_deleted`),
  KEY `date_mod` (`date_mod`),
  KEY `groups_id_tech` (`groups_id_tech`),
  KEY `last_pages_counter` (`last_pages_counter`)
) ENGINE=MyISAM DEFAULT CHARSET=utf8 COLLATE=utf8_unicode_ci;


### Dump table glpi_printertypes

DROP TABLE IF EXISTS `glpi_printertypes`;
CREATE TABLE `glpi_printertypes` (
  `id` int(11) NOT NULL AUTO_INCREMENT,
  `name` varchar(255) COLLATE utf8_unicode_ci DEFAULT NULL,
  `comment` text COLLATE utf8_unicode_ci,
  PRIMARY KEY (`id`),
  KEY `name` (`name`)
) ENGINE=MyISAM DEFAULT CHARSET=utf8 COLLATE=utf8_unicode_ci;


### Dump table glpi_problems

DROP TABLE IF EXISTS `glpi_problems`;
CREATE TABLE `glpi_problems` (
  `id` int(11) NOT NULL AUTO_INCREMENT,
  `name` varchar(255) COLLATE utf8_unicode_ci DEFAULT NULL,
  `entities_id` int(11) NOT NULL DEFAULT '0',
  `is_recursive` tinyint(1) NOT NULL DEFAULT '0',
  `is_deleted` tinyint(1) NOT NULL DEFAULT '0',
  `status` varchar(255) COLLATE utf8_unicode_ci DEFAULT NULL,
  `content` longtext COLLATE utf8_unicode_ci,
  `date_mod` datetime DEFAULT NULL,
  `date` datetime DEFAULT NULL,
  `solvedate` datetime DEFAULT NULL,
  `closedate` datetime DEFAULT NULL,
  `due_date` datetime DEFAULT NULL,
  `users_id_recipient` int(11) NOT NULL DEFAULT '0',
  `users_id_lastupdater` int(11) NOT NULL DEFAULT '0',
  `suppliers_id_assign` int(11) NOT NULL DEFAULT '0',
  `urgency` int(11) NOT NULL DEFAULT '1',
  `impact` int(11) NOT NULL DEFAULT '1',
  `priority` int(11) NOT NULL DEFAULT '1',
  `itilcategories_id` int(11) NOT NULL DEFAULT '0',
  `impactcontent` longtext COLLATE utf8_unicode_ci,
  `causecontent` longtext COLLATE utf8_unicode_ci,
  `symptomcontent` longtext COLLATE utf8_unicode_ci,
  `solutiontypes_id` int(11) NOT NULL DEFAULT '0',
  `solution` text COLLATE utf8_unicode_ci,
  `actiontime` int(11) NOT NULL DEFAULT '0',
  `begin_waiting_date` datetime DEFAULT NULL,
  `waiting_duration` int(11) NOT NULL DEFAULT '0',
  `close_delay_stat` int(11) NOT NULL DEFAULT '0',
  `solve_delay_stat` int(11) NOT NULL DEFAULT '0',
  `notepad` longtext COLLATE utf8_unicode_ci,
  PRIMARY KEY (`id`),
  KEY `name` (`name`),
  KEY `entities_id` (`entities_id`),
  KEY `is_recursive` (`is_recursive`),
  KEY `is_deleted` (`is_deleted`),
  KEY `date` (`date`),
  KEY `closedate` (`closedate`),
  KEY `status` (`status`(1)),
  KEY `priority` (`priority`),
  KEY `date_mod` (`date_mod`),
  KEY `suppliers_id_assign` (`suppliers_id_assign`),
  KEY `itilcategories_id` (`itilcategories_id`),
  KEY `users_id_recipient` (`users_id_recipient`),
  KEY `solvedate` (`solvedate`),
  KEY `solutiontypes_id` (`solutiontypes_id`),
  KEY `urgency` (`urgency`),
  KEY `impact` (`impact`),
  KEY `due_date` (`due_date`),
  KEY `users_id_lastupdater` (`users_id_lastupdater`)
) ENGINE=MyISAM DEFAULT CHARSET=utf8 COLLATE=utf8_unicode_ci;


### Dump table glpi_problems_tickets

DROP TABLE IF EXISTS `glpi_problems_tickets`;
CREATE TABLE `glpi_problems_tickets` (
  `id` int(11) NOT NULL AUTO_INCREMENT,
  `problems_id` int(11) NOT NULL DEFAULT '0',
  `tickets_id` int(11) NOT NULL DEFAULT '0',
  PRIMARY KEY (`id`),
  UNIQUE KEY `unicity` (`problems_id`,`tickets_id`),
  KEY `tickets_id` (`tickets_id`)
) ENGINE=MyISAM DEFAULT CHARSET=utf8 COLLATE=utf8_unicode_ci;


### Dump table glpi_problems_users

DROP TABLE IF EXISTS `glpi_problems_users`;
CREATE TABLE `glpi_problems_users` (
  `id` int(11) NOT NULL AUTO_INCREMENT,
  `problems_id` int(11) NOT NULL DEFAULT '0',
  `users_id` int(11) NOT NULL DEFAULT '0',
  `type` int(11) NOT NULL DEFAULT '1',
  `use_notification` tinyint(1) NOT NULL DEFAULT '0',
  `alternative_email` varchar(255) COLLATE utf8_unicode_ci DEFAULT NULL,
  PRIMARY KEY (`id`),
  UNIQUE KEY `unicity` (`problems_id`,`type`,`users_id`,`alternative_email`),
  KEY `user` (`users_id`,`type`)
) ENGINE=MyISAM DEFAULT CHARSET=utf8 COLLATE=utf8_unicode_ci;


### Dump table glpi_problemtasks

DROP TABLE IF EXISTS `glpi_problemtasks`;
CREATE TABLE `glpi_problemtasks` (
  `id` int(11) NOT NULL AUTO_INCREMENT,
  `problems_id` int(11) NOT NULL DEFAULT '0',
  `taskcategories_id` int(11) NOT NULL DEFAULT '0',
  `date` datetime DEFAULT NULL,
  `begin` datetime DEFAULT NULL,
  `end` datetime DEFAULT NULL,
  `users_id` int(11) NOT NULL DEFAULT '0',
  `users_id_tech` int(11) NOT NULL DEFAULT '0',
  `content` longtext COLLATE utf8_unicode_ci,
  `actiontime` int(11) NOT NULL DEFAULT '0',
  `state` int(11) NOT NULL DEFAULT '0',
  PRIMARY KEY (`id`),
  KEY `problems_id` (`problems_id`),
  KEY `users_id` (`users_id`),
  KEY `users_id_tech` (`users_id_tech`),
  KEY `date` (`date`),
  KEY `begin` (`begin`),
  KEY `end` (`end`),
  KEY `state` (`state`),
  KEY `taskcategories_id` (`taskcategories_id`)
) ENGINE=MyISAM DEFAULT CHARSET=utf8 COLLATE=utf8_unicode_ci;


### Dump table glpi_profiles

DROP TABLE IF EXISTS `glpi_profiles`;
CREATE TABLE `glpi_profiles` (
  `id` int(11) NOT NULL AUTO_INCREMENT,
  `name` varchar(255) COLLATE utf8_unicode_ci DEFAULT NULL,
  `interface` varchar(255) COLLATE utf8_unicode_ci DEFAULT 'helpdesk',
  `is_default` tinyint(1) NOT NULL DEFAULT '0',
  `computer` char(1) COLLATE utf8_unicode_ci DEFAULT NULL,
  `monitor` char(1) COLLATE utf8_unicode_ci DEFAULT NULL,
  `software` char(1) COLLATE utf8_unicode_ci DEFAULT NULL,
  `networking` char(1) COLLATE utf8_unicode_ci DEFAULT NULL,
  `printer` char(1) COLLATE utf8_unicode_ci DEFAULT NULL,
  `peripheral` char(1) COLLATE utf8_unicode_ci DEFAULT NULL,
  `cartridge` char(1) COLLATE utf8_unicode_ci DEFAULT NULL,
  `consumable` char(1) COLLATE utf8_unicode_ci DEFAULT NULL,
  `phone` char(1) COLLATE utf8_unicode_ci DEFAULT NULL,
  `notes` char(1) COLLATE utf8_unicode_ci DEFAULT NULL,
  `contact_enterprise` char(1) COLLATE utf8_unicode_ci DEFAULT NULL,
  `document` char(1) COLLATE utf8_unicode_ci DEFAULT NULL,
  `contract` char(1) COLLATE utf8_unicode_ci DEFAULT NULL,
  `infocom` char(1) COLLATE utf8_unicode_ci DEFAULT NULL,
  `knowbase` char(1) COLLATE utf8_unicode_ci DEFAULT NULL,
  `knowbase_admin` char(1) COLLATE utf8_unicode_ci DEFAULT NULL,
  `faq` char(1) COLLATE utf8_unicode_ci DEFAULT NULL,
  `reservation_helpdesk` char(1) COLLATE utf8_unicode_ci DEFAULT NULL,
  `reservation_central` char(1) COLLATE utf8_unicode_ci DEFAULT NULL,
  `reports` char(1) COLLATE utf8_unicode_ci DEFAULT NULL,
  `ocsng` char(1) COLLATE utf8_unicode_ci DEFAULT NULL,
  `view_ocsng` char(1) COLLATE utf8_unicode_ci DEFAULT NULL,
  `sync_ocsng` char(1) COLLATE utf8_unicode_ci DEFAULT NULL,
  `dropdown` char(1) COLLATE utf8_unicode_ci DEFAULT NULL,
  `entity_dropdown` char(1) COLLATE utf8_unicode_ci DEFAULT NULL,
  `device` char(1) COLLATE utf8_unicode_ci DEFAULT NULL,
  `typedoc` char(1) COLLATE utf8_unicode_ci DEFAULT NULL,
  `link` char(1) COLLATE utf8_unicode_ci DEFAULT NULL,
  `config` char(1) COLLATE utf8_unicode_ci DEFAULT NULL,
  `rule_ticket` char(1) COLLATE utf8_unicode_ci DEFAULT NULL,
  `entity_rule_ticket` char(1) COLLATE utf8_unicode_ci DEFAULT NULL,
  `rule_ocs` char(1) COLLATE utf8_unicode_ci DEFAULT NULL,
  `rule_ldap` char(1) COLLATE utf8_unicode_ci DEFAULT NULL,
  `rule_softwarecategories` char(1) COLLATE utf8_unicode_ci DEFAULT NULL,
  `search_config` char(1) COLLATE utf8_unicode_ci DEFAULT NULL,
  `search_config_global` char(1) COLLATE utf8_unicode_ci DEFAULT NULL,
  `check_update` char(1) COLLATE utf8_unicode_ci DEFAULT NULL,
  `profile` char(1) COLLATE utf8_unicode_ci DEFAULT NULL,
  `user` char(1) COLLATE utf8_unicode_ci DEFAULT NULL,
  `user_authtype` char(1) COLLATE utf8_unicode_ci DEFAULT NULL,
  `group` char(1) COLLATE utf8_unicode_ci DEFAULT NULL,
  `entity` char(1) COLLATE utf8_unicode_ci DEFAULT NULL,
  `transfer` char(1) COLLATE utf8_unicode_ci DEFAULT NULL,
  `logs` char(1) COLLATE utf8_unicode_ci DEFAULT NULL,
  `reminder_public` char(1) COLLATE utf8_unicode_ci DEFAULT NULL,
  `bookmark_public` char(1) COLLATE utf8_unicode_ci DEFAULT NULL,
  `backup` char(1) COLLATE utf8_unicode_ci DEFAULT NULL,
  `create_ticket` char(1) COLLATE utf8_unicode_ci DEFAULT NULL,
  `delete_ticket` char(1) COLLATE utf8_unicode_ci DEFAULT NULL,
  `add_followups` char(1) COLLATE utf8_unicode_ci DEFAULT NULL,
  `group_add_followups` char(1) COLLATE utf8_unicode_ci DEFAULT NULL,
  `global_add_followups` char(1) COLLATE utf8_unicode_ci DEFAULT NULL,
  `global_add_tasks` char(1) COLLATE utf8_unicode_ci DEFAULT NULL,
  `update_ticket` char(1) COLLATE utf8_unicode_ci DEFAULT NULL,
  `update_priority` char(1) COLLATE utf8_unicode_ci DEFAULT NULL,
  `own_ticket` char(1) COLLATE utf8_unicode_ci DEFAULT NULL,
  `steal_ticket` char(1) COLLATE utf8_unicode_ci DEFAULT NULL,
  `assign_ticket` char(1) COLLATE utf8_unicode_ci DEFAULT NULL,
  `show_all_ticket` char(1) COLLATE utf8_unicode_ci DEFAULT NULL,
  `show_assign_ticket` char(1) COLLATE utf8_unicode_ci DEFAULT NULL,
  `show_full_ticket` char(1) COLLATE utf8_unicode_ci DEFAULT NULL,
  `observe_ticket` char(1) COLLATE utf8_unicode_ci DEFAULT NULL,
  `update_followups` char(1) COLLATE utf8_unicode_ci DEFAULT NULL,
  `update_tasks` char(1) COLLATE utf8_unicode_ci DEFAULT NULL,
  `show_planning` char(1) COLLATE utf8_unicode_ci DEFAULT NULL,
  `show_group_planning` char(1) COLLATE utf8_unicode_ci DEFAULT NULL,
  `show_all_planning` char(1) COLLATE utf8_unicode_ci DEFAULT NULL,
  `statistic` char(1) COLLATE utf8_unicode_ci DEFAULT NULL,
  `password_update` char(1) COLLATE utf8_unicode_ci DEFAULT NULL,
  `helpdesk_hardware` int(11) NOT NULL DEFAULT '0',
  `helpdesk_item_type` text COLLATE utf8_unicode_ci,
  `ticket_status` text COLLATE utf8_unicode_ci COMMENT 'json encoded array of from/dest allowed status change',
  `show_group_ticket` char(1) COLLATE utf8_unicode_ci DEFAULT NULL,
  `show_group_hardware` char(1) COLLATE utf8_unicode_ci DEFAULT NULL,
  `rule_dictionnary_software` char(1) COLLATE utf8_unicode_ci DEFAULT NULL,
  `rule_dictionnary_dropdown` char(1) COLLATE utf8_unicode_ci DEFAULT NULL,
  `budget` char(1) COLLATE utf8_unicode_ci DEFAULT NULL,
  `import_externalauth_users` char(1) COLLATE utf8_unicode_ci DEFAULT NULL,
  `notification` char(1) COLLATE utf8_unicode_ci DEFAULT NULL,
  `rule_mailcollector` char(1) COLLATE utf8_unicode_ci DEFAULT NULL,
  `date_mod` datetime DEFAULT NULL,
  `comment` text COLLATE utf8_unicode_ci,
  `validate_ticket` char(1) COLLATE utf8_unicode_ci DEFAULT NULL,
  `create_validation` char(1) COLLATE utf8_unicode_ci DEFAULT NULL,
  `calendar` char(1) COLLATE utf8_unicode_ci DEFAULT NULL,
  `sla` char(1) COLLATE utf8_unicode_ci DEFAULT NULL,
  `rule_dictionnary_printer` char(1) COLLATE utf8_unicode_ci DEFAULT NULL,
  `clean_ocsng` char(1) COLLATE utf8_unicode_ci DEFAULT NULL,
  `update_own_followups` char(1) COLLATE utf8_unicode_ci DEFAULT NULL,
  `delete_followups` char(1) COLLATE utf8_unicode_ci DEFAULT NULL,
  `entity_helpdesk` char(1) COLLATE utf8_unicode_ci DEFAULT NULL,
  `show_my_problem` char(1) COLLATE utf8_unicode_ci DEFAULT NULL,
  `show_all_problem` char(1) COLLATE utf8_unicode_ci DEFAULT NULL,
  `edit_all_problem` char(1) COLLATE utf8_unicode_ci DEFAULT NULL,
  `problem_status` text COLLATE utf8_unicode_ci COMMENT 'json encoded array of from/dest allowed status change',
  `create_ticket_on_login` tinyint(1) NOT NULL DEFAULT '0',
  `tickettemplate` char(1) COLLATE utf8_unicode_ci DEFAULT NULL,
  `ticketrecurrent` char(1) COLLATE utf8_unicode_ci DEFAULT NULL,
  PRIMARY KEY (`id`),
  KEY `interface` (`interface`),
  KEY `is_default` (`is_default`),
  KEY `date_mod` (`date_mod`)
) ENGINE=MyISAM  DEFAULT CHARSET=utf8 COLLATE=utf8_unicode_ci;

INSERT INTO `glpi_profiles` VALUES ('1','Self-Service','helpdesk','1',NULL,NULL,NULL,NULL,NULL,NULL,NULL,NULL,NULL,NULL,NULL,NULL,NULL,NULL,NULL,NULL,'r','1',NULL,NULL,NULL,NULL,NULL,NULL,NULL,NULL,NULL,NULL,NULL,NULL,NULL,NULL,NULL,NULL,NULL,NULL,NULL,NULL,NULL,NULL,NULL,NULL,NULL,NULL,'r',NULL,NULL,'1',NULL,'1',NULL,NULL,NULL,NULL,NULL,NULL,NULL,NULL,NULL,NULL,NULL,'1',NULL,NULL,NULL,NULL,NULL,NULL,'1','1','[\"Computer\",\"Monitor\",\"NetworkEquipment\",\"Peripheral\",\"Phone\",\"Printer\",\"Software\"]',NULL,'0','0',NULL,NULL,NULL,NULL,NULL,NULL,NULL,NULL,NULL,NULL,NULL,NULL,NULL,NULL,NULL,NULL,NULL,NULL,NULL,NULL,NULL,'0',NULL,NULL);
INSERT INTO `glpi_profiles` VALUES ('2','Observer','central','0','r','r','r','r','r','r','r','r','r','r','r','r','r','r','r',NULL,'r','1','r','r',NULL,'r',NULL,NULL,NULL,NULL,'r','r',NULL,NULL,NULL,NULL,NULL,NULL,'w',NULL,'r',NULL,'r','r','r',NULL,NULL,NULL,NULL,NULL,NULL,'1','1','1','0','0','0','0','0','1','0','0','1','1','0','1','0','0','1','0','0','1','1','1','[\"Computer\",\"Monitor\",\"NetworkEquipment\",\"Peripheral\",\"Phone\",\"Printer\",\"Software\"]',NULL,'0','0',NULL,NULL,'r',NULL,NULL,NULL,NULL,NULL,'1','1',NULL,NULL,NULL,NULL,NULL,'0',NULL,'1','1',NULL,NULL,'0',NULL,NULL);
INSERT INTO `glpi_profiles` VALUES ('3','Admin','central','0','w','w','w','w','w','w','w','w','w','w','w','w','w','w','w',NULL,'w','1','w','r','w','r','w','w','w','w','w','w',NULL,NULL,NULL,NULL,NULL,NULL,'w','w','r','r','w','w','w',NULL,NULL,NULL,NULL,NULL,NULL,'1','1','1','1','1','1','1','1','1','1','1','1','1','1','1','1','1','1','1','1','1','1','3','[\"Computer\",\"Monitor\",\"NetworkEquipment\",\"Peripheral\",\"Phone\",\"Printer\",\"Software\"]',NULL,'0','0',NULL,NULL,'w','w',NULL,NULL,NULL,NULL,'1','1','w',NULL,NULL,'w','1','1',NULL,'1','1','1',NULL,'0',NULL,NULL);
INSERT INTO `glpi_profiles` VALUES ('4','Super-Admin','central','0','w','w','w','w','w','w','w','w','w','w','w','w','w','w','w','1','w','1','w','r','w','r','w','w','w','w','w','w','w','r','w','w','w','w','w','w','r','w','w','w','w','w','w','r','w','w','w','1','1','1','1','1','1','1','1','1','1','1','1','1','1','1','1','1','1','1','1','1','1','3','[\"Computer\",\"Monitor\",\"NetworkEquipment\",\"Peripheral\",\"Phone\",\"Printer\",\"Software\"]',NULL,'0','0','w','w','w','w','w','w',NULL,NULL,'1','1','w','w','w','w','1','1','w','1','1','1',NULL,'0','w','w');
INSERT INTO `glpi_profiles` VALUES ('5','Hotliner','central','0',NULL,NULL,NULL,NULL,NULL,NULL,NULL,NULL,NULL,NULL,NULL,NULL,NULL,NULL,NULL,NULL,NULL,NULL,NULL,NULL,NULL,NULL,NULL,NULL,NULL,NULL,NULL,NULL,NULL,NULL,NULL,NULL,NULL,NULL,NULL,NULL,NULL,NULL,'r',NULL,NULL,NULL,NULL,NULL,NULL,NULL,NULL,'1',NULL,'1',NULL,'1',NULL,'1',NULL,NULL,NULL,'1','1',NULL,'1','1',NULL,NULL,'1',NULL,NULL,'1','1','3','[\"Computer\",\"Monitor\",\"NetworkEquipment\",\"Peripheral\",\"Phone\",\"Printer\",\"Software\"]',NULL,NULL,NULL,NULL,NULL,NULL,'w',NULL,NULL,NULL,NULL,NULL,'1',NULL,NULL,NULL,NULL,'1',NULL,NULL,NULL,'1',NULL,NULL,'1','r',NULL);
INSERT INTO `glpi_profiles` VALUES ('6','Technician','central','0','w','w','w','w','w','w','w','w','w','w',NULL,'w',NULL,NULL,'w',NULL,'w','1','w','r',NULL,'r','w',NULL,NULL,NULL,NULL,NULL,NULL,NULL,NULL,NULL,NULL,NULL,NULL,NULL,NULL,NULL,'w',NULL,'r','r','r',NULL,'w',NULL,NULL,'1',NULL,'1',NULL,'1','1','1',NULL,'1',NULL,NULL,'1','1','1','1','1','1','1',NULL,NULL,'1','1','3','[\"Computer\",\"Monitor\",\"NetworkEquipment\",\"Peripheral\",\"Phone\",\"Printer\",\"Software\"]',NULL,NULL,NULL,NULL,NULL,NULL,'w',NULL,NULL,NULL,NULL,NULL,'1',NULL,'r',NULL,NULL,'1',NULL,NULL,'1','1',NULL,NULL,'0','r','r');
INSERT INTO `glpi_profiles` VALUES ('7','Supervisor','central','0','w','w','w','w','w','w','w','w','w','w',NULL,'w',NULL,NULL,'w',NULL,'w','1','w','r',NULL,'r','w',NULL,'w',NULL,NULL,NULL,NULL,'r','w',NULL,NULL,NULL,NULL,NULL,NULL,NULL,'w',NULL,'r','r','r','r','w',NULL,NULL,'1','1','1',NULL,'1','1','1','1','1','1','1','1','1','1','1','1','1','1',NULL,'1','1','1','3','[\"Computer\",\"Monitor\",\"NetworkEquipment\",\"Peripheral\",\"Phone\",\"Printer\",\"Software\"]',NULL,NULL,NULL,NULL,NULL,NULL,'w',NULL,'w',NULL,NULL,'1','1','w','w',NULL,NULL,'1','1',NULL,'1','1','1',NULL,'0','w','w');

### Dump table glpi_profiles_reminders

DROP TABLE IF EXISTS `glpi_profiles_reminders`;
CREATE TABLE `glpi_profiles_reminders` (
  `id` int(11) NOT NULL AUTO_INCREMENT,
  `reminders_id` int(11) NOT NULL DEFAULT '0',
  `profiles_id` int(11) NOT NULL DEFAULT '0',
  `entities_id` int(11) NOT NULL DEFAULT '-1',
  `is_recursive` tinyint(1) NOT NULL DEFAULT '0',
  PRIMARY KEY (`id`),
  KEY `reminders_id` (`reminders_id`),
  KEY `profiles_id` (`profiles_id`),
  KEY `entities_id` (`entities_id`),
  KEY `is_recursive` (`is_recursive`)
) ENGINE=MyISAM DEFAULT CHARSET=utf8 COLLATE=utf8_unicode_ci;


### Dump table glpi_profiles_users

DROP TABLE IF EXISTS `glpi_profiles_users`;
CREATE TABLE `glpi_profiles_users` (
  `id` int(11) NOT NULL AUTO_INCREMENT,
  `users_id` int(11) NOT NULL DEFAULT '0',
  `profiles_id` int(11) NOT NULL DEFAULT '0',
  `entities_id` int(11) NOT NULL DEFAULT '0',
  `is_recursive` tinyint(1) NOT NULL DEFAULT '1',
  `is_dynamic` tinyint(1) NOT NULL DEFAULT '0',
  PRIMARY KEY (`id`),
  KEY `entities_id` (`entities_id`),
  KEY `profiles_id` (`profiles_id`),
  KEY `users_id` (`users_id`),
  KEY `is_recursive` (`is_recursive`),
  KEY `is_dynamic` (`is_dynamic`)
) ENGINE=MyISAM  DEFAULT CHARSET=utf8 COLLATE=utf8_unicode_ci;

INSERT INTO `glpi_profiles_users` VALUES ('2','2','4','0','1','0');
INSERT INTO `glpi_profiles_users` VALUES ('3','3','1','0','1','0');
INSERT INTO `glpi_profiles_users` VALUES ('4','4','6','0','1','0');
INSERT INTO `glpi_profiles_users` VALUES ('5','5','2','0','1','0');
INSERT INTO `glpi_profiles_users` VALUES ('17','12','1','0','0','1');
INSERT INTO `glpi_profiles_users` VALUES ('15','10','1','0','0','1');
INSERT INTO `glpi_profiles_users` VALUES ('80','8','4','0','1','0');
INSERT INTO `glpi_profiles_users` VALUES ('79','9','4','0','1','0');
INSERT INTO `glpi_profiles_users` VALUES ('10','7','3','0','0','0');
INSERT INTO `glpi_profiles_users` VALUES ('11','6','3','0','0','0');
INSERT INTO `glpi_profiles_users` VALUES ('16','11','1','0','0','1');
INSERT INTO `glpi_profiles_users` VALUES ('18','13','1','0','0','1');
INSERT INTO `glpi_profiles_users` VALUES ('19','14','1','0','0','1');
INSERT INTO `glpi_profiles_users` VALUES ('20','15','1','0','0','1');
INSERT INTO `glpi_profiles_users` VALUES ('21','16','1','0','0','1');
INSERT INTO `glpi_profiles_users` VALUES ('22','17','1','0','0','1');
INSERT INTO `glpi_profiles_users` VALUES ('23','18','1','0','0','1');
INSERT INTO `glpi_profiles_users` VALUES ('24','19','1','0','0','1');
INSERT INTO `glpi_profiles_users` VALUES ('25','20','1','0','0','1');
INSERT INTO `glpi_profiles_users` VALUES ('26','21','1','0','0','1');
INSERT INTO `glpi_profiles_users` VALUES ('27','22','1','0','0','1');
INSERT INTO `glpi_profiles_users` VALUES ('28','23','1','0','0','1');
INSERT INTO `glpi_profiles_users` VALUES ('29','24','1','0','0','1');
INSERT INTO `glpi_profiles_users` VALUES ('30','25','1','0','0','1');
INSERT INTO `glpi_profiles_users` VALUES ('31','26','1','0','0','1');
INSERT INTO `glpi_profiles_users` VALUES ('32','27','1','0','0','1');
INSERT INTO `glpi_profiles_users` VALUES ('33','28','1','0','0','1');
INSERT INTO `glpi_profiles_users` VALUES ('34','29','1','0','0','1');
INSERT INTO `glpi_profiles_users` VALUES ('35','30','1','0','0','1');
INSERT INTO `glpi_profiles_users` VALUES ('36','31','1','0','0','1');
INSERT INTO `glpi_profiles_users` VALUES ('37','32','1','0','0','1');
INSERT INTO `glpi_profiles_users` VALUES ('38','33','1','0','0','1');
INSERT INTO `glpi_profiles_users` VALUES ('39','34','1','0','0','1');
INSERT INTO `glpi_profiles_users` VALUES ('40','35','1','0','0','1');
INSERT INTO `glpi_profiles_users` VALUES ('41','36','1','0','0','1');
INSERT INTO `glpi_profiles_users` VALUES ('42','37','1','0','0','1');
INSERT INTO `glpi_profiles_users` VALUES ('43','38','1','0','0','1');
INSERT INTO `glpi_profiles_users` VALUES ('44','39','1','0','0','1');
INSERT INTO `glpi_profiles_users` VALUES ('45','40','1','0','0','1');
INSERT INTO `glpi_profiles_users` VALUES ('46','41','1','0','0','1');
INSERT INTO `glpi_profiles_users` VALUES ('47','42','1','0','0','1');
INSERT INTO `glpi_profiles_users` VALUES ('48','43','1','0','0','1');
INSERT INTO `glpi_profiles_users` VALUES ('49','44','1','0','0','1');
INSERT INTO `glpi_profiles_users` VALUES ('50','45','1','0','0','1');
INSERT INTO `glpi_profiles_users` VALUES ('51','46','1','0','0','1');
INSERT INTO `glpi_profiles_users` VALUES ('52','47','1','0','0','1');
INSERT INTO `glpi_profiles_users` VALUES ('53','48','1','0','0','1');
INSERT INTO `glpi_profiles_users` VALUES ('54','49','1','0','0','1');
INSERT INTO `glpi_profiles_users` VALUES ('55','50','1','0','0','1');
INSERT INTO `glpi_profiles_users` VALUES ('56','51','1','0','0','1');
INSERT INTO `glpi_profiles_users` VALUES ('57','52','1','0','0','1');
INSERT INTO `glpi_profiles_users` VALUES ('58','53','1','0','0','1');
INSERT INTO `glpi_profiles_users` VALUES ('59','54','1','0','0','1');
INSERT INTO `glpi_profiles_users` VALUES ('60','55','1','0','0','1');
INSERT INTO `glpi_profiles_users` VALUES ('61','56','1','0','0','1');
INSERT INTO `glpi_profiles_users` VALUES ('62','57','1','0','0','1');
INSERT INTO `glpi_profiles_users` VALUES ('63','58','1','0','0','1');
INSERT INTO `glpi_profiles_users` VALUES ('64','59','1','0','0','1');
INSERT INTO `glpi_profiles_users` VALUES ('65','60','1','0','0','1');
INSERT INTO `glpi_profiles_users` VALUES ('66','61','1','0','0','1');
INSERT INTO `glpi_profiles_users` VALUES ('67','62','1','0','0','1');
INSERT INTO `glpi_profiles_users` VALUES ('68','63','1','0','0','1');
INSERT INTO `glpi_profiles_users` VALUES ('69','64','1','0','0','1');
INSERT INTO `glpi_profiles_users` VALUES ('70','65','1','0','0','1');
INSERT INTO `glpi_profiles_users` VALUES ('71','66','1','0','0','1');
INSERT INTO `glpi_profiles_users` VALUES ('72','67','1','0','0','1');
INSERT INTO `glpi_profiles_users` VALUES ('73','68','1','0','0','1');
INSERT INTO `glpi_profiles_users` VALUES ('74','69','1','0','0','1');
INSERT INTO `glpi_profiles_users` VALUES ('75','70','1','0','0','1');
INSERT INTO `glpi_profiles_users` VALUES ('76','71','1','0','0','1');
INSERT INTO `glpi_profiles_users` VALUES ('82','72','6','0','1','0');
INSERT INTO `glpi_profiles_users` VALUES ('83','73','1','0','0','1');
INSERT INTO `glpi_profiles_users` VALUES ('84','74','1','0','0','1');
INSERT INTO `glpi_profiles_users` VALUES ('85','75','1','0','0','1');
INSERT INTO `glpi_profiles_users` VALUES ('86','76','1','0','0','1');
INSERT INTO `glpi_profiles_users` VALUES ('87','77','1','0','0','1');
INSERT INTO `glpi_profiles_users` VALUES ('88','78','1','0','0','1');
INSERT INTO `glpi_profiles_users` VALUES ('89','6','4','0','0','0');
INSERT INTO `glpi_profiles_users` VALUES ('90','7','4','0','0','0');
INSERT INTO `glpi_profiles_users` VALUES ('91','79','1','0','0','1');
INSERT INTO `glpi_profiles_users` VALUES ('92','80','1','0','0','1');

### Dump table glpi_registrykeys

DROP TABLE IF EXISTS `glpi_registrykeys`;
CREATE TABLE `glpi_registrykeys` (
  `id` int(11) NOT NULL AUTO_INCREMENT,
  `computers_id` int(11) NOT NULL DEFAULT '0',
  `hive` varchar(255) COLLATE utf8_unicode_ci DEFAULT NULL,
  `path` varchar(255) COLLATE utf8_unicode_ci DEFAULT NULL,
  `value` varchar(255) COLLATE utf8_unicode_ci DEFAULT NULL,
  `ocs_name` varchar(255) COLLATE utf8_unicode_ci DEFAULT NULL,
  PRIMARY KEY (`id`),
  KEY `computers_id` (`computers_id`)
) ENGINE=MyISAM DEFAULT CHARSET=utf8 COLLATE=utf8_unicode_ci;


### Dump table glpi_reminders

DROP TABLE IF EXISTS `glpi_reminders`;
CREATE TABLE `glpi_reminders` (
  `id` int(11) NOT NULL AUTO_INCREMENT,
  `date` datetime DEFAULT NULL,
  `users_id` int(11) NOT NULL DEFAULT '0',
  `name` varchar(255) COLLATE utf8_unicode_ci DEFAULT NULL,
  `text` text COLLATE utf8_unicode_ci,
  `begin` datetime DEFAULT NULL,
  `end` datetime DEFAULT NULL,
  `is_planned` tinyint(1) NOT NULL DEFAULT '0',
  `date_mod` datetime DEFAULT NULL,
  `state` int(11) NOT NULL DEFAULT '0',
  `begin_view_date` datetime DEFAULT NULL,
  `end_view_date` datetime DEFAULT NULL,
  PRIMARY KEY (`id`),
  KEY `date` (`date`),
  KEY `begin` (`begin`),
  KEY `end` (`end`),
  KEY `users_id` (`users_id`),
  KEY `is_planned` (`is_planned`),
  KEY `state` (`state`),
  KEY `date_mod` (`date_mod`)
) ENGINE=MyISAM DEFAULT CHARSET=utf8 COLLATE=utf8_unicode_ci;


### Dump table glpi_reminders_users

DROP TABLE IF EXISTS `glpi_reminders_users`;
CREATE TABLE `glpi_reminders_users` (
  `id` int(11) NOT NULL AUTO_INCREMENT,
  `reminders_id` int(11) NOT NULL DEFAULT '0',
  `users_id` int(11) NOT NULL DEFAULT '0',
  PRIMARY KEY (`id`),
  KEY `reminders_id` (`reminders_id`),
  KEY `users_id` (`users_id`)
) ENGINE=MyISAM DEFAULT CHARSET=utf8 COLLATE=utf8_unicode_ci;


### Dump table glpi_requesttypes

DROP TABLE IF EXISTS `glpi_requesttypes`;
CREATE TABLE `glpi_requesttypes` (
  `id` int(11) NOT NULL AUTO_INCREMENT,
  `name` varchar(255) COLLATE utf8_unicode_ci DEFAULT NULL,
  `is_helpdesk_default` tinyint(1) NOT NULL DEFAULT '0',
  `is_mail_default` tinyint(1) NOT NULL DEFAULT '0',
  `comment` text COLLATE utf8_unicode_ci,
  PRIMARY KEY (`id`),
  KEY `name` (`name`),
  KEY `is_helpdesk_default` (`is_helpdesk_default`),
  KEY `is_mail_default` (`is_mail_default`)
) ENGINE=MyISAM  DEFAULT CHARSET=utf8 COLLATE=utf8_unicode_ci;

INSERT INTO `glpi_requesttypes` VALUES ('1','Helpdesk','1','0',NULL);
INSERT INTO `glpi_requesttypes` VALUES ('2','E-Mail','0','1',NULL);
INSERT INTO `glpi_requesttypes` VALUES ('3','Phone','0','0',NULL);
INSERT INTO `glpi_requesttypes` VALUES ('4','Direct','0','0',NULL);
INSERT INTO `glpi_requesttypes` VALUES ('5','Written','0','0',NULL);
INSERT INTO `glpi_requesttypes` VALUES ('6','Other','0','0',NULL);

### Dump table glpi_reservationitems

DROP TABLE IF EXISTS `glpi_reservationitems`;
CREATE TABLE `glpi_reservationitems` (
  `id` int(11) NOT NULL AUTO_INCREMENT,
  `itemtype` varchar(100) COLLATE utf8_unicode_ci NOT NULL,
  `entities_id` int(11) NOT NULL DEFAULT '0',
  `is_recursive` tinyint(1) NOT NULL DEFAULT '0',
  `items_id` int(11) NOT NULL DEFAULT '0',
  `comment` text COLLATE utf8_unicode_ci,
  `is_active` tinyint(1) NOT NULL DEFAULT '1',
  PRIMARY KEY (`id`),
  KEY `is_active` (`is_active`),
  KEY `item` (`itemtype`,`items_id`),
  KEY `entities_id` (`entities_id`),
  KEY `is_recursive` (`is_recursive`)
) ENGINE=MyISAM DEFAULT CHARSET=utf8 COLLATE=utf8_unicode_ci;


### Dump table glpi_reservations

DROP TABLE IF EXISTS `glpi_reservations`;
CREATE TABLE `glpi_reservations` (
  `id` int(11) NOT NULL AUTO_INCREMENT,
  `reservationitems_id` int(11) NOT NULL DEFAULT '0',
  `begin` datetime DEFAULT NULL,
  `end` datetime DEFAULT NULL,
  `users_id` int(11) NOT NULL DEFAULT '0',
  `comment` text COLLATE utf8_unicode_ci,
  `group` int(11) NOT NULL DEFAULT '0',
  PRIMARY KEY (`id`),
  KEY `begin` (`begin`),
  KEY `end` (`end`),
  KEY `reservationitems_id` (`reservationitems_id`),
  KEY `users_id` (`users_id`),
  KEY `resagroup` (`reservationitems_id`,`group`)
) ENGINE=MyISAM DEFAULT CHARSET=utf8 COLLATE=utf8_unicode_ci;


### Dump table glpi_ruleactions

DROP TABLE IF EXISTS `glpi_ruleactions`;
CREATE TABLE `glpi_ruleactions` (
  `id` int(11) NOT NULL AUTO_INCREMENT,
  `rules_id` int(11) NOT NULL DEFAULT '0',
  `action_type` varchar(255) COLLATE utf8_unicode_ci DEFAULT NULL COMMENT 'VALUE IN (assign, regex_result, append_regex_result, affectbyip, affectbyfqdn, affectbymac)',
  `field` varchar(255) COLLATE utf8_unicode_ci DEFAULT NULL,
  `value` varchar(255) COLLATE utf8_unicode_ci DEFAULT NULL,
  PRIMARY KEY (`id`),
  KEY `rules_id` (`rules_id`),
  KEY `field_value` (`field`(50),`value`(50))
) ENGINE=MyISAM  DEFAULT CHARSET=utf8 COLLATE=utf8_unicode_ci;

INSERT INTO `glpi_ruleactions` VALUES ('1','1','assign','entities_id','0');
INSERT INTO `glpi_ruleactions` VALUES ('2','2','assign','entities_id','0');
INSERT INTO `glpi_ruleactions` VALUES ('3','3','assign','entities_id','0');
INSERT INTO `glpi_ruleactions` VALUES ('4','4','assign','_refuse_email_no_response','1');
INSERT INTO `glpi_ruleactions` VALUES ('5','5','assign','_refuse_email_no_response','1');

### Dump table glpi_rulecachecomputermodels

DROP TABLE IF EXISTS `glpi_rulecachecomputermodels`;
CREATE TABLE `glpi_rulecachecomputermodels` (
  `id` int(11) NOT NULL AUTO_INCREMENT,
  `old_value` varchar(255) COLLATE utf8_unicode_ci DEFAULT NULL,
  `rules_id` int(11) NOT NULL DEFAULT '0',
  `new_value` varchar(255) COLLATE utf8_unicode_ci DEFAULT NULL,
  `manufacturer` varchar(255) COLLATE utf8_unicode_ci DEFAULT NULL,
  PRIMARY KEY (`id`),
  KEY `old_value` (`old_value`),
  KEY `rules_id` (`rules_id`)
) ENGINE=MyISAM DEFAULT CHARSET=utf8 COLLATE=utf8_unicode_ci;


### Dump table glpi_rulecachecomputertypes

DROP TABLE IF EXISTS `glpi_rulecachecomputertypes`;
CREATE TABLE `glpi_rulecachecomputertypes` (
  `id` int(11) NOT NULL AUTO_INCREMENT,
  `old_value` varchar(255) COLLATE utf8_unicode_ci DEFAULT NULL,
  `rules_id` int(11) NOT NULL DEFAULT '0',
  `new_value` varchar(255) COLLATE utf8_unicode_ci DEFAULT NULL,
  PRIMARY KEY (`id`),
  KEY `old_value` (`old_value`),
  KEY `rules_id` (`rules_id`)
) ENGINE=MyISAM DEFAULT CHARSET=utf8 COLLATE=utf8_unicode_ci;


### Dump table glpi_rulecachemanufacturers

DROP TABLE IF EXISTS `glpi_rulecachemanufacturers`;
CREATE TABLE `glpi_rulecachemanufacturers` (
  `id` int(11) NOT NULL AUTO_INCREMENT,
  `old_value` varchar(255) COLLATE utf8_unicode_ci DEFAULT NULL,
  `rules_id` int(11) NOT NULL DEFAULT '0',
  `new_value` varchar(255) COLLATE utf8_unicode_ci DEFAULT NULL,
  PRIMARY KEY (`id`),
  KEY `old_value` (`old_value`),
  KEY `rules_id` (`rules_id`)
) ENGINE=MyISAM DEFAULT CHARSET=utf8 COLLATE=utf8_unicode_ci;


### Dump table glpi_rulecachemonitormodels

DROP TABLE IF EXISTS `glpi_rulecachemonitormodels`;
CREATE TABLE `glpi_rulecachemonitormodels` (
  `id` int(11) NOT NULL AUTO_INCREMENT,
  `old_value` varchar(255) COLLATE utf8_unicode_ci DEFAULT NULL,
  `rules_id` int(11) NOT NULL DEFAULT '0',
  `new_value` varchar(255) COLLATE utf8_unicode_ci DEFAULT NULL,
  `manufacturer` varchar(255) COLLATE utf8_unicode_ci DEFAULT NULL,
  PRIMARY KEY (`id`),
  KEY `old_value` (`old_value`),
  KEY `rules_id` (`rules_id`)
) ENGINE=MyISAM DEFAULT CHARSET=utf8 COLLATE=utf8_unicode_ci;


### Dump table glpi_rulecachemonitortypes

DROP TABLE IF EXISTS `glpi_rulecachemonitortypes`;
CREATE TABLE `glpi_rulecachemonitortypes` (
  `id` int(11) NOT NULL AUTO_INCREMENT,
  `old_value` varchar(255) COLLATE utf8_unicode_ci DEFAULT NULL,
  `rules_id` int(11) NOT NULL DEFAULT '0',
  `new_value` varchar(255) COLLATE utf8_unicode_ci DEFAULT NULL,
  PRIMARY KEY (`id`),
  KEY `old_value` (`old_value`),
  KEY `rules_id` (`rules_id`)
) ENGINE=MyISAM DEFAULT CHARSET=utf8 COLLATE=utf8_unicode_ci;


### Dump table glpi_rulecachenetworkequipmentmodels

DROP TABLE IF EXISTS `glpi_rulecachenetworkequipmentmodels`;
CREATE TABLE `glpi_rulecachenetworkequipmentmodels` (
  `id` int(11) NOT NULL AUTO_INCREMENT,
  `old_value` varchar(255) COLLATE utf8_unicode_ci DEFAULT NULL,
  `rules_id` int(11) NOT NULL DEFAULT '0',
  `new_value` varchar(255) COLLATE utf8_unicode_ci DEFAULT NULL,
  `manufacturer` varchar(255) COLLATE utf8_unicode_ci DEFAULT NULL,
  PRIMARY KEY (`id`),
  KEY `old_value` (`old_value`),
  KEY `rules_id` (`rules_id`)
) ENGINE=MyISAM DEFAULT CHARSET=utf8 COLLATE=utf8_unicode_ci;


### Dump table glpi_rulecachenetworkequipmenttypes

DROP TABLE IF EXISTS `glpi_rulecachenetworkequipmenttypes`;
CREATE TABLE `glpi_rulecachenetworkequipmenttypes` (
  `id` int(11) NOT NULL AUTO_INCREMENT,
  `old_value` varchar(255) COLLATE utf8_unicode_ci DEFAULT NULL,
  `rules_id` int(11) NOT NULL DEFAULT '0',
  `new_value` varchar(255) COLLATE utf8_unicode_ci DEFAULT NULL,
  PRIMARY KEY (`id`),
  KEY `old_value` (`old_value`),
  KEY `rules_id` (`rules_id`)
) ENGINE=MyISAM DEFAULT CHARSET=utf8 COLLATE=utf8_unicode_ci;


### Dump table glpi_rulecacheoperatingsystems

DROP TABLE IF EXISTS `glpi_rulecacheoperatingsystems`;
CREATE TABLE `glpi_rulecacheoperatingsystems` (
  `id` int(11) NOT NULL AUTO_INCREMENT,
  `old_value` varchar(255) COLLATE utf8_unicode_ci DEFAULT NULL,
  `rules_id` int(11) NOT NULL DEFAULT '0',
  `new_value` varchar(255) COLLATE utf8_unicode_ci DEFAULT NULL,
  PRIMARY KEY (`id`),
  KEY `old_value` (`old_value`),
  KEY `rules_id` (`rules_id`)
) ENGINE=MyISAM DEFAULT CHARSET=utf8 COLLATE=utf8_unicode_ci;


### Dump table glpi_rulecacheoperatingsystemservicepacks

DROP TABLE IF EXISTS `glpi_rulecacheoperatingsystemservicepacks`;
CREATE TABLE `glpi_rulecacheoperatingsystemservicepacks` (
  `id` int(11) NOT NULL AUTO_INCREMENT,
  `old_value` varchar(255) COLLATE utf8_unicode_ci DEFAULT NULL,
  `rules_id` int(11) NOT NULL DEFAULT '0',
  `new_value` varchar(255) COLLATE utf8_unicode_ci DEFAULT NULL,
  PRIMARY KEY (`id`),
  KEY `old_value` (`old_value`),
  KEY `rules_id` (`rules_id`)
) ENGINE=MyISAM DEFAULT CHARSET=utf8 COLLATE=utf8_unicode_ci;


### Dump table glpi_rulecacheoperatingsystemversions

DROP TABLE IF EXISTS `glpi_rulecacheoperatingsystemversions`;
CREATE TABLE `glpi_rulecacheoperatingsystemversions` (
  `id` int(11) NOT NULL AUTO_INCREMENT,
  `old_value` varchar(255) COLLATE utf8_unicode_ci DEFAULT NULL,
  `rules_id` int(11) NOT NULL DEFAULT '0',
  `new_value` varchar(255) COLLATE utf8_unicode_ci DEFAULT NULL,
  PRIMARY KEY (`id`),
  KEY `old_value` (`old_value`),
  KEY `rules_id` (`rules_id`)
) ENGINE=MyISAM DEFAULT CHARSET=utf8 COLLATE=utf8_unicode_ci;


### Dump table glpi_rulecacheperipheralmodels

DROP TABLE IF EXISTS `glpi_rulecacheperipheralmodels`;
CREATE TABLE `glpi_rulecacheperipheralmodels` (
  `id` int(11) NOT NULL AUTO_INCREMENT,
  `old_value` varchar(255) COLLATE utf8_unicode_ci DEFAULT NULL,
  `rules_id` int(11) NOT NULL DEFAULT '0',
  `new_value` varchar(255) COLLATE utf8_unicode_ci DEFAULT NULL,
  `manufacturer` varchar(255) COLLATE utf8_unicode_ci DEFAULT NULL,
  PRIMARY KEY (`id`),
  KEY `old_value` (`old_value`),
  KEY `rules_id` (`rules_id`)
) ENGINE=MyISAM DEFAULT CHARSET=utf8 COLLATE=utf8_unicode_ci;


### Dump table glpi_rulecacheperipheraltypes

DROP TABLE IF EXISTS `glpi_rulecacheperipheraltypes`;
CREATE TABLE `glpi_rulecacheperipheraltypes` (
  `id` int(11) NOT NULL AUTO_INCREMENT,
  `old_value` varchar(255) COLLATE utf8_unicode_ci DEFAULT NULL,
  `rules_id` int(11) NOT NULL DEFAULT '0',
  `new_value` varchar(255) COLLATE utf8_unicode_ci DEFAULT NULL,
  PRIMARY KEY (`id`),
  KEY `old_value` (`old_value`),
  KEY `rules_id` (`rules_id`)
) ENGINE=MyISAM DEFAULT CHARSET=utf8 COLLATE=utf8_unicode_ci;


### Dump table glpi_rulecachephonemodels

DROP TABLE IF EXISTS `glpi_rulecachephonemodels`;
CREATE TABLE `glpi_rulecachephonemodels` (
  `id` int(11) NOT NULL AUTO_INCREMENT,
  `old_value` varchar(255) COLLATE utf8_unicode_ci DEFAULT NULL,
  `rules_id` int(11) NOT NULL DEFAULT '0',
  `new_value` varchar(255) COLLATE utf8_unicode_ci DEFAULT NULL,
  `manufacturer` varchar(255) COLLATE utf8_unicode_ci DEFAULT NULL,
  PRIMARY KEY (`id`),
  KEY `old_value` (`old_value`),
  KEY `rules_id` (`rules_id`)
) ENGINE=MyISAM DEFAULT CHARSET=utf8 COLLATE=utf8_unicode_ci;


### Dump table glpi_rulecachephonetypes

DROP TABLE IF EXISTS `glpi_rulecachephonetypes`;
CREATE TABLE `glpi_rulecachephonetypes` (
  `id` int(11) NOT NULL AUTO_INCREMENT,
  `old_value` varchar(255) COLLATE utf8_unicode_ci DEFAULT NULL,
  `rules_id` int(11) NOT NULL DEFAULT '0',
  `new_value` varchar(255) COLLATE utf8_unicode_ci DEFAULT NULL,
  PRIMARY KEY (`id`),
  KEY `old_value` (`old_value`),
  KEY `rules_id` (`rules_id`)
) ENGINE=MyISAM DEFAULT CHARSET=utf8 COLLATE=utf8_unicode_ci;


### Dump table glpi_rulecacheprintermodels

DROP TABLE IF EXISTS `glpi_rulecacheprintermodels`;
CREATE TABLE `glpi_rulecacheprintermodels` (
  `id` int(11) NOT NULL AUTO_INCREMENT,
  `old_value` varchar(255) COLLATE utf8_unicode_ci DEFAULT NULL,
  `rules_id` int(11) NOT NULL DEFAULT '0',
  `new_value` varchar(255) COLLATE utf8_unicode_ci DEFAULT NULL,
  `manufacturer` varchar(255) COLLATE utf8_unicode_ci DEFAULT NULL,
  PRIMARY KEY (`id`),
  KEY `old_value` (`old_value`),
  KEY `rules_id` (`rules_id`)
) ENGINE=MyISAM DEFAULT CHARSET=utf8 COLLATE=utf8_unicode_ci;


### Dump table glpi_rulecacheprinters

DROP TABLE IF EXISTS `glpi_rulecacheprinters`;
CREATE TABLE `glpi_rulecacheprinters` (
  `id` int(11) NOT NULL AUTO_INCREMENT,
  `old_value` varchar(255) COLLATE utf8_unicode_ci DEFAULT NULL,
  `manufacturer` varchar(255) COLLATE utf8_unicode_ci NOT NULL,
  `rules_id` int(11) NOT NULL DEFAULT '0',
  `new_value` varchar(255) COLLATE utf8_unicode_ci DEFAULT NULL,
  `new_manufacturer` varchar(255) COLLATE utf8_unicode_ci NOT NULL,
  `ignore_ocs_import` char(1) COLLATE utf8_unicode_ci DEFAULT NULL,
  `is_global` char(1) COLLATE utf8_unicode_ci DEFAULT NULL,
  PRIMARY KEY (`id`),
  KEY `old_value` (`old_value`),
  KEY `rules_id` (`rules_id`)
) ENGINE=MyISAM DEFAULT CHARSET=utf8 COLLATE=utf8_unicode_ci;


### Dump table glpi_rulecacheprintertypes

DROP TABLE IF EXISTS `glpi_rulecacheprintertypes`;
CREATE TABLE `glpi_rulecacheprintertypes` (
  `id` int(11) NOT NULL AUTO_INCREMENT,
  `old_value` varchar(255) COLLATE utf8_unicode_ci DEFAULT NULL,
  `rules_id` int(11) NOT NULL DEFAULT '0',
  `new_value` varchar(255) COLLATE utf8_unicode_ci DEFAULT NULL,
  PRIMARY KEY (`id`),
  KEY `old_value` (`old_value`),
  KEY `rules_id` (`rules_id`)
) ENGINE=MyISAM DEFAULT CHARSET=utf8 COLLATE=utf8_unicode_ci;


### Dump table glpi_rulecachesoftwares

DROP TABLE IF EXISTS `glpi_rulecachesoftwares`;
CREATE TABLE `glpi_rulecachesoftwares` (
  `id` int(11) NOT NULL AUTO_INCREMENT,
  `old_value` varchar(255) COLLATE utf8_unicode_ci DEFAULT NULL,
  `manufacturer` varchar(255) COLLATE utf8_unicode_ci NOT NULL,
  `rules_id` int(11) NOT NULL DEFAULT '0',
  `new_value` varchar(255) COLLATE utf8_unicode_ci DEFAULT NULL,
  `version` varchar(255) COLLATE utf8_unicode_ci DEFAULT NULL,
  `new_manufacturer` varchar(255) COLLATE utf8_unicode_ci NOT NULL,
  `ignore_ocs_import` char(1) COLLATE utf8_unicode_ci DEFAULT NULL,
  `is_helpdesk_visible` char(1) COLLATE utf8_unicode_ci DEFAULT NULL,
  `entities_id` varchar(255) COLLATE utf8_unicode_ci DEFAULT NULL,
  `new_entities_id` varchar(255) COLLATE utf8_unicode_ci DEFAULT NULL,
  PRIMARY KEY (`id`),
  KEY `old_value` (`old_value`),
  KEY `rules_id` (`rules_id`)
) ENGINE=MyISAM DEFAULT CHARSET=utf8 COLLATE=utf8_unicode_ci;


### Dump table glpi_rulecriterias

DROP TABLE IF EXISTS `glpi_rulecriterias`;
CREATE TABLE `glpi_rulecriterias` (
  `id` int(11) NOT NULL AUTO_INCREMENT,
  `rules_id` int(11) NOT NULL DEFAULT '0',
  `criteria` varchar(255) COLLATE utf8_unicode_ci DEFAULT NULL,
  `condition` int(11) NOT NULL DEFAULT '0' COMMENT 'see define.php PATTERN_* and REGEX_* constant',
  `pattern` varchar(255) COLLATE utf8_unicode_ci DEFAULT NULL,
  PRIMARY KEY (`id`),
  KEY `rules_id` (`rules_id`),
  KEY `condition` (`condition`)
) ENGINE=MyISAM  DEFAULT CHARSET=utf8 COLLATE=utf8_unicode_ci;

INSERT INTO `glpi_rulecriterias` VALUES ('1','1','TAG','0','*');
INSERT INTO `glpi_rulecriterias` VALUES ('2','2','uid','0','*');
INSERT INTO `glpi_rulecriterias` VALUES ('3','2','samaccountname','0','*');
INSERT INTO `glpi_rulecriterias` VALUES ('4','2','MAIL_EMAIL','0','*');
INSERT INTO `glpi_rulecriterias` VALUES ('5','3','subject','6','/.*/');
INSERT INTO `glpi_rulecriterias` VALUES ('6','4','x-auto-response-suppress','6','/\\S+/');
INSERT INTO `glpi_rulecriterias` VALUES ('7','5','auto-submitted','6','/\\S+/');
INSERT INTO `glpi_rulecriterias` VALUES ('8','5','auto-submitted','1','no');

### Dump table glpi_rulerightparameters

DROP TABLE IF EXISTS `glpi_rulerightparameters`;
CREATE TABLE `glpi_rulerightparameters` (
  `id` int(11) NOT NULL AUTO_INCREMENT,
  `name` varchar(255) COLLATE utf8_unicode_ci DEFAULT NULL,
  `value` varchar(255) COLLATE utf8_unicode_ci DEFAULT NULL,
  `comment` text COLLATE utf8_unicode_ci NOT NULL,
  PRIMARY KEY (`id`)
) ENGINE=MyISAM  DEFAULT CHARSET=utf8 COLLATE=utf8_unicode_ci;

INSERT INTO `glpi_rulerightparameters` VALUES ('1','(LDAP)Organization','o','');
INSERT INTO `glpi_rulerightparameters` VALUES ('2','(LDAP)Common Name','cn','');
INSERT INTO `glpi_rulerightparameters` VALUES ('3','(LDAP)Department Number','departmentnumber','');
INSERT INTO `glpi_rulerightparameters` VALUES ('4','(LDAP)Email','mail','');
INSERT INTO `glpi_rulerightparameters` VALUES ('5','Object Class','objectclass','');
INSERT INTO `glpi_rulerightparameters` VALUES ('6','(LDAP)User ID','uid','');
INSERT INTO `glpi_rulerightparameters` VALUES ('7','(LDAP)Telephone Number','phone','');
INSERT INTO `glpi_rulerightparameters` VALUES ('8','(LDAP)Employee Number','employeenumber','');
INSERT INTO `glpi_rulerightparameters` VALUES ('9','(LDAP)Manager','manager','');
INSERT INTO `glpi_rulerightparameters` VALUES ('10','(LDAP)DistinguishedName','dn','');
INSERT INTO `glpi_rulerightparameters` VALUES ('12','(AD)User ID','samaccountname','');
INSERT INTO `glpi_rulerightparameters` VALUES ('13','(LDAP) Title','title','');

### Dump table glpi_rules

DROP TABLE IF EXISTS `glpi_rules`;
CREATE TABLE `glpi_rules` (
  `id` int(11) NOT NULL AUTO_INCREMENT,
  `entities_id` int(11) NOT NULL DEFAULT '0',
  `sub_type` varchar(255) COLLATE utf8_unicode_ci NOT NULL DEFAULT '',
  `ranking` int(11) NOT NULL DEFAULT '0',
  `name` varchar(255) COLLATE utf8_unicode_ci DEFAULT NULL,
  `description` text COLLATE utf8_unicode_ci,
  `match` char(10) COLLATE utf8_unicode_ci DEFAULT NULL COMMENT 'see define.php *_MATCHING constant',
  `is_active` tinyint(1) NOT NULL DEFAULT '1',
  `comment` text COLLATE utf8_unicode_ci,
  `date_mod` datetime DEFAULT NULL,
  `is_recursive` tinyint(1) NOT NULL DEFAULT '0',
  PRIMARY KEY (`id`),
  KEY `entities_id` (`entities_id`),
  KEY `is_active` (`is_active`),
  KEY `sub_type` (`sub_type`),
  KEY `date_mod` (`date_mod`),
  KEY `is_recursive` (`is_recursive`)
) ENGINE=MyISAM  DEFAULT CHARSET=utf8 COLLATE=utf8_unicode_ci;

INSERT INTO `glpi_rules` VALUES ('1','0','RuleOcs','1','Root','','AND','1',NULL,NULL,'0');
INSERT INTO `glpi_rules` VALUES ('2','0','RuleRight','1','Root','','OR','1',NULL,NULL,'0');
INSERT INTO `glpi_rules` VALUES ('3','0','RuleMailCollector','3','Root','','OR','1',NULL,NULL,'0');
INSERT INTO `glpi_rules` VALUES ('4','0','RuleMailCollector','1','Auto-Reply X-Auto-Response-Suppress','Exclude Auto-Reply emails using X-Auto-Response-Suppress header','AND','1',NULL,'2011-01-18 11:40:42','1');
INSERT INTO `glpi_rules` VALUES ('5','0','RuleMailCollector','2','Auto-Reply Auto-Submitted','Exclude Auto-Reply emails using Auto-Submitted header','AND','1',NULL,'2011-01-18 11:40:42','1');

### Dump table glpi_slalevelactions

DROP TABLE IF EXISTS `glpi_slalevelactions`;
CREATE TABLE `glpi_slalevelactions` (
  `id` int(11) NOT NULL AUTO_INCREMENT,
  `slalevels_id` int(11) NOT NULL DEFAULT '0',
  `action_type` varchar(255) COLLATE utf8_unicode_ci DEFAULT NULL,
  `field` varchar(255) COLLATE utf8_unicode_ci DEFAULT NULL,
  `value` varchar(255) COLLATE utf8_unicode_ci DEFAULT NULL,
  PRIMARY KEY (`id`),
  KEY `slalevels_id` (`slalevels_id`)
) ENGINE=MyISAM DEFAULT CHARSET=utf8 COLLATE=utf8_unicode_ci;


### Dump table glpi_slalevels

DROP TABLE IF EXISTS `glpi_slalevels`;
CREATE TABLE `glpi_slalevels` (
  `id` int(11) NOT NULL AUTO_INCREMENT,
  `name` varchar(255) COLLATE utf8_unicode_ci DEFAULT NULL,
  `slas_id` int(11) NOT NULL DEFAULT '0',
  `execution_time` int(11) NOT NULL,
  `is_active` tinyint(1) NOT NULL DEFAULT '1',
  `entities_id` int(11) NOT NULL DEFAULT '0',
  `is_recursive` tinyint(1) NOT NULL DEFAULT '0',
  PRIMARY KEY (`id`),
  KEY `name` (`name`),
  KEY `is_active` (`is_active`),
  KEY `slas_id` (`slas_id`)
) ENGINE=MyISAM DEFAULT CHARSET=utf8 COLLATE=utf8_unicode_ci;


### Dump table glpi_slalevels_tickets

DROP TABLE IF EXISTS `glpi_slalevels_tickets`;
CREATE TABLE `glpi_slalevels_tickets` (
  `id` int(11) NOT NULL AUTO_INCREMENT,
  `tickets_id` int(11) NOT NULL DEFAULT '0',
  `slalevels_id` int(11) NOT NULL DEFAULT '0',
  `date` datetime DEFAULT NULL,
  PRIMARY KEY (`id`),
  KEY `tickets_id` (`tickets_id`),
  KEY `slalevels_id` (`slalevels_id`)
) ENGINE=MyISAM DEFAULT CHARSET=utf8 COLLATE=utf8_unicode_ci;


### Dump table glpi_slas

DROP TABLE IF EXISTS `glpi_slas`;
CREATE TABLE `glpi_slas` (
  `id` int(11) NOT NULL AUTO_INCREMENT,
  `name` varchar(255) COLLATE utf8_unicode_ci DEFAULT NULL,
  `entities_id` int(11) NOT NULL DEFAULT '0',
  `is_recursive` tinyint(1) NOT NULL DEFAULT '0',
  `comment` text COLLATE utf8_unicode_ci,
  `resolution_time` int(11) NOT NULL,
  `calendars_id` int(11) NOT NULL DEFAULT '0',
  `date_mod` datetime DEFAULT NULL,
  PRIMARY KEY (`id`),
  KEY `name` (`name`),
  KEY `calendars_id` (`calendars_id`),
  KEY `entities_id` (`entities_id`),
  KEY `is_recursive` (`is_recursive`),
  KEY `date_mod` (`date_mod`)
) ENGINE=MyISAM DEFAULT CHARSET=utf8 COLLATE=utf8_unicode_ci;


### Dump table glpi_softwarecategories

DROP TABLE IF EXISTS `glpi_softwarecategories`;
CREATE TABLE `glpi_softwarecategories` (
  `id` int(11) NOT NULL AUTO_INCREMENT,
  `name` varchar(255) COLLATE utf8_unicode_ci DEFAULT NULL,
  `comment` text COLLATE utf8_unicode_ci,
  PRIMARY KEY (`id`)
) ENGINE=MyISAM  DEFAULT CHARSET=utf8 COLLATE=utf8_unicode_ci;

INSERT INTO `glpi_softwarecategories` VALUES ('1','FUSION',NULL);

### Dump table glpi_softwarelicenses

DROP TABLE IF EXISTS `glpi_softwarelicenses`;
CREATE TABLE `glpi_softwarelicenses` (
  `id` int(11) NOT NULL AUTO_INCREMENT,
  `softwares_id` int(11) NOT NULL DEFAULT '0',
  `entities_id` int(11) NOT NULL DEFAULT '0',
  `is_recursive` tinyint(1) NOT NULL DEFAULT '0',
  `number` int(11) NOT NULL DEFAULT '0',
  `softwarelicensetypes_id` int(11) NOT NULL DEFAULT '0',
  `name` varchar(255) COLLATE utf8_unicode_ci DEFAULT NULL,
  `serial` varchar(255) COLLATE utf8_unicode_ci DEFAULT NULL,
  `otherserial` varchar(255) COLLATE utf8_unicode_ci DEFAULT NULL,
  `softwareversions_id_buy` int(11) NOT NULL DEFAULT '0',
  `softwareversions_id_use` int(11) NOT NULL DEFAULT '0',
  `expire` date DEFAULT NULL,
  `comment` text COLLATE utf8_unicode_ci,
  `date_mod` datetime DEFAULT NULL,
  PRIMARY KEY (`id`),
  KEY `name` (`name`),
  KEY `serial` (`serial`),
  KEY `otherserial` (`otherserial`),
  KEY `expire` (`expire`),
  KEY `softwareversions_id_buy` (`softwareversions_id_buy`),
  KEY `entities_id` (`entities_id`),
  KEY `softwares_id` (`softwares_id`),
  KEY `softwarelicensetypes_id` (`softwarelicensetypes_id`),
  KEY `softwareversions_id_use` (`softwareversions_id_use`),
  KEY `date_mod` (`date_mod`)
) ENGINE=MyISAM DEFAULT CHARSET=utf8 COLLATE=utf8_unicode_ci;


### Dump table glpi_softwarelicensetypes

DROP TABLE IF EXISTS `glpi_softwarelicensetypes`;
CREATE TABLE `glpi_softwarelicensetypes` (
  `id` int(11) NOT NULL AUTO_INCREMENT,
  `name` varchar(255) COLLATE utf8_unicode_ci DEFAULT NULL,
  `comment` text COLLATE utf8_unicode_ci,
  PRIMARY KEY (`id`),
  KEY `name` (`name`)
) ENGINE=MyISAM  DEFAULT CHARSET=utf8 COLLATE=utf8_unicode_ci;

INSERT INTO `glpi_softwarelicensetypes` VALUES ('1','OEM','');

### Dump table glpi_softwares

DROP TABLE IF EXISTS `glpi_softwares`;
CREATE TABLE `glpi_softwares` (
  `id` int(11) NOT NULL AUTO_INCREMENT,
  `entities_id` int(11) NOT NULL DEFAULT '0',
  `is_recursive` tinyint(1) NOT NULL DEFAULT '0',
  `name` varchar(255) COLLATE utf8_unicode_ci DEFAULT NULL,
  `comment` text COLLATE utf8_unicode_ci,
  `locations_id` int(11) NOT NULL DEFAULT '0',
  `users_id_tech` int(11) NOT NULL DEFAULT '0',
  `groups_id_tech` int(11) NOT NULL DEFAULT '0',
  `is_update` tinyint(1) NOT NULL DEFAULT '0',
  `softwares_id` int(11) NOT NULL DEFAULT '0',
  `manufacturers_id` int(11) NOT NULL DEFAULT '0',
  `is_deleted` tinyint(1) NOT NULL DEFAULT '0',
  `is_template` tinyint(1) NOT NULL DEFAULT '0',
  `template_name` varchar(255) COLLATE utf8_unicode_ci DEFAULT NULL,
  `date_mod` datetime DEFAULT NULL,
  `notepad` longtext COLLATE utf8_unicode_ci,
  `users_id` int(11) NOT NULL DEFAULT '0',
  `groups_id` int(11) NOT NULL DEFAULT '0',
  `ticket_tco` decimal(20,4) DEFAULT '0.0000',
  `is_helpdesk_visible` tinyint(1) NOT NULL DEFAULT '1',
  `softwarecategories_id` int(11) NOT NULL DEFAULT '0',
  PRIMARY KEY (`id`),
  KEY `date_mod` (`date_mod`),
  KEY `name` (`name`),
  KEY `is_template` (`is_template`),
  KEY `is_update` (`is_update`),
  KEY `softwarecategories_id` (`softwarecategories_id`),
  KEY `entities_id` (`entities_id`),
  KEY `manufacturers_id` (`manufacturers_id`),
  KEY `groups_id` (`groups_id`),
  KEY `users_id` (`users_id`),
  KEY `locations_id` (`locations_id`),
  KEY `users_id_tech` (`users_id_tech`),
  KEY `softwares_id` (`softwares_id`),
  KEY `is_deleted` (`is_deleted`),
  KEY `is_helpdesk_visible` (`is_helpdesk_visible`),
  KEY `groups_id_tech` (`groups_id_tech`)
) ENGINE=MyISAM  DEFAULT CHARSET=utf8 COLLATE=utf8_unicode_ci;

INSERT INTO `glpi_softwares` VALUES ('1','0','0','Microsoft Windows XP PRO','','1','9','1','0','0','8','1','0',NULL,'2012-06-26 05:32:34',NULL,'60','1','0.0000','1','0');

### Dump table glpi_softwareversions

DROP TABLE IF EXISTS `glpi_softwareversions`;
CREATE TABLE `glpi_softwareversions` (
  `id` int(11) NOT NULL AUTO_INCREMENT,
  `entities_id` int(11) NOT NULL DEFAULT '0',
  `is_recursive` tinyint(1) NOT NULL DEFAULT '0',
  `softwares_id` int(11) NOT NULL DEFAULT '0',
  `states_id` int(11) NOT NULL DEFAULT '0',
  `name` varchar(255) COLLATE utf8_unicode_ci DEFAULT NULL,
  `comment` text COLLATE utf8_unicode_ci,
  `operatingsystems_id` int(11) NOT NULL DEFAULT '0',
  PRIMARY KEY (`id`),
  KEY `name` (`name`),
  KEY `softwares_id` (`softwares_id`),
  KEY `states_id` (`states_id`),
  KEY `entities_id` (`entities_id`),
  KEY `is_recursive` (`is_recursive`),
  KEY `operatingsystems_id` (`operatingsystems_id`)
) ENGINE=MyISAM DEFAULT CHARSET=utf8 COLLATE=utf8_unicode_ci;


### Dump table glpi_solutiontemplates

DROP TABLE IF EXISTS `glpi_solutiontemplates`;
CREATE TABLE `glpi_solutiontemplates` (
  `id` int(11) NOT NULL AUTO_INCREMENT,
  `entities_id` int(11) NOT NULL DEFAULT '0',
  `is_recursive` tinyint(1) NOT NULL DEFAULT '0',
  `name` varchar(255) COLLATE utf8_unicode_ci DEFAULT NULL,
  `content` text COLLATE utf8_unicode_ci,
  `solutiontypes_id` int(11) NOT NULL DEFAULT '0',
  `comment` text COLLATE utf8_unicode_ci,
  PRIMARY KEY (`id`),
  KEY `name` (`name`),
  KEY `is_recursive` (`is_recursive`),
  KEY `solutiontypes_id` (`solutiontypes_id`),
  KEY `entities_id` (`entities_id`)
) ENGINE=MyISAM DEFAULT CHARSET=utf8 COLLATE=utf8_unicode_ci;


### Dump table glpi_solutiontypes

DROP TABLE IF EXISTS `glpi_solutiontypes`;
CREATE TABLE `glpi_solutiontypes` (
  `id` int(11) NOT NULL AUTO_INCREMENT,
  `name` varchar(255) COLLATE utf8_unicode_ci DEFAULT NULL,
  `comment` text COLLATE utf8_unicode_ci,
  `entities_id` int(11) NOT NULL DEFAULT '0',
  `is_recursive` tinyint(1) NOT NULL DEFAULT '1',
  PRIMARY KEY (`id`),
  KEY `name` (`name`),
  KEY `entities_id` (`entities_id`),
  KEY `is_recursive` (`is_recursive`)
) ENGINE=MyISAM DEFAULT CHARSET=utf8 COLLATE=utf8_unicode_ci;


### Dump table glpi_states

DROP TABLE IF EXISTS `glpi_states`;
CREATE TABLE `glpi_states` (
  `id` int(11) NOT NULL AUTO_INCREMENT,
  `name` varchar(255) COLLATE utf8_unicode_ci DEFAULT NULL,
  `comment` text COLLATE utf8_unicode_ci,
  `states_id` int(11) NOT NULL DEFAULT '0',
  `completename` text COLLATE utf8_unicode_ci,
  `level` int(11) NOT NULL DEFAULT '0',
  `ancestors_cache` longtext COLLATE utf8_unicode_ci,
  `sons_cache` longtext COLLATE utf8_unicode_ci,
  PRIMARY KEY (`id`),
  KEY `name` (`name`),
  KEY `unicity` (`states_id`,`name`)
) ENGINE=MyISAM  DEFAULT CHARSET=utf8 COLLATE=utf8_unicode_ci;

INSERT INTO `glpi_states` VALUES ('6','120GB','','0','120GB','1',NULL,NULL);
INSERT INTO `glpi_states` VALUES ('5','120','','0','120','1',NULL,NULL);
INSERT INTO `glpi_states` VALUES ('4','160GB','','0','160GB','1',NULL,NULL);
INSERT INTO `glpi_states` VALUES ('3','video integrated','','0','video integrated','1',NULL,'{\"3\":\"3\"}');
INSERT INTO `glpi_states` VALUES ('7','500Gb','','0','500Gb','1',NULL,NULL);
INSERT INTO `glpi_states` VALUES ('8','128GB','','0','128GB','1',NULL,NULL);
INSERT INTO `glpi_states` VALUES ('9','320GB','','0','320GB','1',NULL,NULL);
INSERT INTO `glpi_states` VALUES ('10','80GB','','0','80GB','1',NULL,NULL);
INSERT INTO `glpi_states` VALUES ('11','250GB','','0','250GB','1',NULL,NULL);
INSERT INTO `glpi_states` VALUES ('12','1156','','0','1156','1',NULL,NULL);
INSERT INTO `glpi_states` VALUES ('13','200GB','','0','200GB','1',NULL,NULL);
INSERT INTO `glpi_states` VALUES ('14','60GB','','0','60GB','1',NULL,NULL);

### Dump table glpi_suppliers

DROP TABLE IF EXISTS `glpi_suppliers`;
CREATE TABLE `glpi_suppliers` (
  `id` int(11) NOT NULL AUTO_INCREMENT,
  `entities_id` int(11) NOT NULL DEFAULT '0',
  `is_recursive` tinyint(1) NOT NULL DEFAULT '0',
  `name` varchar(255) COLLATE utf8_unicode_ci DEFAULT NULL,
  `suppliertypes_id` int(11) NOT NULL DEFAULT '0',
  `address` text COLLATE utf8_unicode_ci,
  `postcode` varchar(255) COLLATE utf8_unicode_ci DEFAULT NULL,
  `town` varchar(255) COLLATE utf8_unicode_ci DEFAULT NULL,
  `state` varchar(255) COLLATE utf8_unicode_ci DEFAULT NULL,
  `country` varchar(255) COLLATE utf8_unicode_ci DEFAULT NULL,
  `website` varchar(255) COLLATE utf8_unicode_ci DEFAULT NULL,
  `phonenumber` varchar(255) COLLATE utf8_unicode_ci DEFAULT NULL,
  `comment` text COLLATE utf8_unicode_ci,
  `is_deleted` tinyint(1) NOT NULL DEFAULT '0',
  `fax` varchar(255) COLLATE utf8_unicode_ci DEFAULT NULL,
  `email` varchar(255) COLLATE utf8_unicode_ci DEFAULT NULL,
  `notepad` longtext COLLATE utf8_unicode_ci,
  PRIMARY KEY (`id`),
  KEY `name` (`name`),
  KEY `entities_id` (`entities_id`),
  KEY `suppliertypes_id` (`suppliertypes_id`),
  KEY `is_deleted` (`is_deleted`)
) ENGINE=MyISAM DEFAULT CHARSET=utf8 COLLATE=utf8_unicode_ci;


### Dump table glpi_suppliertypes

DROP TABLE IF EXISTS `glpi_suppliertypes`;
CREATE TABLE `glpi_suppliertypes` (
  `id` int(11) NOT NULL AUTO_INCREMENT,
  `name` varchar(255) COLLATE utf8_unicode_ci DEFAULT NULL,
  `comment` text COLLATE utf8_unicode_ci,
  PRIMARY KEY (`id`),
  KEY `name` (`name`)
) ENGINE=MyISAM DEFAULT CHARSET=utf8 COLLATE=utf8_unicode_ci;


### Dump table glpi_taskcategories

DROP TABLE IF EXISTS `glpi_taskcategories`;
CREATE TABLE `glpi_taskcategories` (
  `id` int(11) NOT NULL AUTO_INCREMENT,
  `entities_id` int(11) NOT NULL DEFAULT '0',
  `is_recursive` tinyint(1) NOT NULL DEFAULT '0',
  `taskcategories_id` int(11) NOT NULL DEFAULT '0',
  `name` varchar(255) COLLATE utf8_unicode_ci DEFAULT NULL,
  `completename` text COLLATE utf8_unicode_ci,
  `comment` text COLLATE utf8_unicode_ci,
  `level` int(11) NOT NULL DEFAULT '0',
  `ancestors_cache` longtext COLLATE utf8_unicode_ci,
  `sons_cache` longtext COLLATE utf8_unicode_ci,
  `is_helpdeskvisible` tinyint(1) NOT NULL DEFAULT '1',
  PRIMARY KEY (`id`),
  KEY `name` (`name`),
  KEY `taskcategories_id` (`taskcategories_id`),
  KEY `entities_id` (`entities_id`),
  KEY `is_recursive` (`is_recursive`),
  KEY `is_helpdeskvisible` (`is_helpdeskvisible`)
) ENGINE=MyISAM DEFAULT CHARSET=utf8 COLLATE=utf8_unicode_ci;


### Dump table glpi_ticketfollowups

DROP TABLE IF EXISTS `glpi_ticketfollowups`;
CREATE TABLE `glpi_ticketfollowups` (
  `id` int(11) NOT NULL AUTO_INCREMENT,
  `tickets_id` int(11) NOT NULL DEFAULT '0',
  `date` datetime DEFAULT NULL,
  `users_id` int(11) NOT NULL DEFAULT '0',
  `content` longtext COLLATE utf8_unicode_ci,
  `is_private` tinyint(1) NOT NULL DEFAULT '0',
  `requesttypes_id` int(11) NOT NULL DEFAULT '0',
  PRIMARY KEY (`id`),
  KEY `date` (`date`),
  KEY `users_id` (`users_id`),
  KEY `tickets_id` (`tickets_id`),
  KEY `is_private` (`is_private`),
  KEY `requesttypes_id` (`requesttypes_id`)
) ENGINE=MyISAM DEFAULT CHARSET=utf8 COLLATE=utf8_unicode_ci;


### Dump table glpi_ticketrecurrents

DROP TABLE IF EXISTS `glpi_ticketrecurrents`;
CREATE TABLE `glpi_ticketrecurrents` (
  `id` int(11) NOT NULL AUTO_INCREMENT,
  `name` varchar(255) COLLATE utf8_unicode_ci DEFAULT NULL,
  `comment` text COLLATE utf8_unicode_ci,
  `entities_id` int(11) NOT NULL DEFAULT '0',
  `is_recursive` tinyint(1) NOT NULL DEFAULT '0',
  `is_active` tinyint(1) NOT NULL DEFAULT '0',
  `tickettemplates_id` int(11) NOT NULL DEFAULT '0',
  `begin_date` datetime DEFAULT NULL,
  `periodicity` int(11) NOT NULL DEFAULT '0',
  `create_before` int(11) NOT NULL DEFAULT '0',
  `next_creation_date` datetime DEFAULT NULL,
  PRIMARY KEY (`id`),
  KEY `entities_id` (`entities_id`),
  KEY `is_recursive` (`is_recursive`),
  KEY `is_active` (`is_active`),
  KEY `tickettemplates_id` (`tickettemplates_id`),
  KEY `next_creation_date` (`next_creation_date`)
) ENGINE=MyISAM DEFAULT CHARSET=utf8 COLLATE=utf8_unicode_ci;


### Dump table glpi_tickets

DROP TABLE IF EXISTS `glpi_tickets`;
CREATE TABLE `glpi_tickets` (
  `id` int(11) NOT NULL AUTO_INCREMENT,
  `entities_id` int(11) NOT NULL DEFAULT '0',
  `name` varchar(255) COLLATE utf8_unicode_ci DEFAULT NULL,
  `date` datetime DEFAULT NULL,
  `closedate` datetime DEFAULT NULL,
  `solvedate` datetime DEFAULT NULL,
  `date_mod` datetime DEFAULT NULL,
  `users_id_lastupdater` int(11) NOT NULL DEFAULT '0',
  `status` varchar(255) COLLATE utf8_unicode_ci DEFAULT 'new',
  `users_id_recipient` int(11) NOT NULL DEFAULT '0',
  `requesttypes_id` int(11) NOT NULL DEFAULT '0',
  `suppliers_id_assign` int(11) NOT NULL DEFAULT '0',
  `itemtype` varchar(100) COLLATE utf8_unicode_ci NOT NULL,
  `items_id` int(11) NOT NULL DEFAULT '0',
  `content` longtext COLLATE utf8_unicode_ci,
  `urgency` int(11) NOT NULL DEFAULT '1',
  `impact` int(11) NOT NULL DEFAULT '1',
  `priority` int(11) NOT NULL DEFAULT '1',
  `itilcategories_id` int(11) NOT NULL DEFAULT '0',
  `type` int(11) NOT NULL DEFAULT '1',
  `cost_time` decimal(20,4) NOT NULL DEFAULT '0.0000',
  `cost_fixed` decimal(20,4) NOT NULL DEFAULT '0.0000',
  `cost_material` decimal(20,4) NOT NULL DEFAULT '0.0000',
  `solutiontypes_id` int(11) NOT NULL DEFAULT '0',
  `solution` text COLLATE utf8_unicode_ci,
  `global_validation` varchar(255) COLLATE utf8_unicode_ci DEFAULT 'none',
  `slas_id` int(11) NOT NULL DEFAULT '0',
  `slalevels_id` int(11) NOT NULL DEFAULT '0',
  `due_date` datetime DEFAULT NULL,
  `begin_waiting_date` datetime DEFAULT NULL,
  `sla_waiting_duration` int(11) NOT NULL DEFAULT '0',
  `waiting_duration` int(11) NOT NULL DEFAULT '0',
  `close_delay_stat` int(11) NOT NULL DEFAULT '0',
  `solve_delay_stat` int(11) NOT NULL DEFAULT '0',
  `takeintoaccount_delay_stat` int(11) NOT NULL DEFAULT '0',
  `actiontime` int(11) NOT NULL DEFAULT '0',
  `is_deleted` tinyint(1) NOT NULL DEFAULT '0',
  PRIMARY KEY (`id`),
  KEY `date` (`date`),
  KEY `closedate` (`closedate`),
  KEY `status` (`status`),
  KEY `priority` (`priority`),
  KEY `request_type` (`requesttypes_id`),
  KEY `date_mod` (`date_mod`),
  KEY `suppliers_id_assign` (`suppliers_id_assign`),
  KEY `entities_id` (`entities_id`),
  KEY `users_id_recipient` (`users_id_recipient`),
  KEY `item` (`itemtype`,`items_id`),
  KEY `solvedate` (`solvedate`),
  KEY `urgency` (`urgency`),
  KEY `impact` (`impact`),
  KEY `global_validation` (`global_validation`),
  KEY `slas_id` (`slas_id`),
  KEY `slalevels_id` (`slalevels_id`),
  KEY `due_date` (`due_date`),
  KEY `users_id_lastupdater` (`users_id_lastupdater`),
  KEY `type` (`type`),
  KEY `solutiontypes_id` (`solutiontypes_id`),
  KEY `itilcategories_id` (`itilcategories_id`),
  KEY `is_deleted` (`is_deleted`),
  KEY `name` (`name`)
) ENGINE=MyISAM DEFAULT CHARSET=utf8 COLLATE=utf8_unicode_ci;


### Dump table glpi_tickets_tickets

DROP TABLE IF EXISTS `glpi_tickets_tickets`;
CREATE TABLE `glpi_tickets_tickets` (
  `id` int(11) NOT NULL AUTO_INCREMENT,
  `tickets_id_1` int(11) NOT NULL DEFAULT '0',
  `tickets_id_2` int(11) NOT NULL DEFAULT '0',
  `link` int(11) NOT NULL DEFAULT '1',
  PRIMARY KEY (`id`),
  KEY `unicity` (`tickets_id_1`,`tickets_id_2`)
) ENGINE=MyISAM DEFAULT CHARSET=utf8 COLLATE=utf8_unicode_ci;


### Dump table glpi_tickets_users

DROP TABLE IF EXISTS `glpi_tickets_users`;
CREATE TABLE `glpi_tickets_users` (
  `id` int(11) NOT NULL AUTO_INCREMENT,
  `tickets_id` int(11) NOT NULL DEFAULT '0',
  `users_id` int(11) NOT NULL DEFAULT '0',
  `type` int(11) NOT NULL DEFAULT '1',
  `use_notification` tinyint(1) NOT NULL DEFAULT '1',
  `alternative_email` varchar(255) COLLATE utf8_unicode_ci DEFAULT NULL,
  PRIMARY KEY (`id`),
  UNIQUE KEY `unicity` (`tickets_id`,`type`,`users_id`,`alternative_email`),
  KEY `user` (`users_id`,`type`)
) ENGINE=MyISAM DEFAULT CHARSET=utf8 COLLATE=utf8_unicode_ci;


### Dump table glpi_ticketsatisfactions

DROP TABLE IF EXISTS `glpi_ticketsatisfactions`;
CREATE TABLE `glpi_ticketsatisfactions` (
  `id` int(11) NOT NULL AUTO_INCREMENT,
  `tickets_id` int(11) NOT NULL DEFAULT '0',
  `type` int(11) NOT NULL DEFAULT '1',
  `date_begin` datetime DEFAULT NULL,
  `date_answered` datetime DEFAULT NULL,
  `satisfaction` int(11) DEFAULT NULL,
  `comment` text COLLATE utf8_unicode_ci,
  PRIMARY KEY (`id`),
  UNIQUE KEY `tickets_id` (`tickets_id`)
) ENGINE=MyISAM DEFAULT CHARSET=utf8 COLLATE=utf8_unicode_ci;


### Dump table glpi_tickettasks

DROP TABLE IF EXISTS `glpi_tickettasks`;
CREATE TABLE `glpi_tickettasks` (
  `id` int(11) NOT NULL AUTO_INCREMENT,
  `tickets_id` int(11) NOT NULL DEFAULT '0',
  `taskcategories_id` int(11) NOT NULL DEFAULT '0',
  `date` datetime DEFAULT NULL,
  `users_id` int(11) NOT NULL DEFAULT '0',
  `content` longtext COLLATE utf8_unicode_ci,
  `is_private` tinyint(1) NOT NULL DEFAULT '0',
  `actiontime` int(11) NOT NULL DEFAULT '0',
  `begin` datetime DEFAULT NULL,
  `end` datetime DEFAULT NULL,
  `state` int(11) NOT NULL DEFAULT '1',
  `users_id_tech` int(11) NOT NULL DEFAULT '0',
  PRIMARY KEY (`id`),
  KEY `date` (`date`),
  KEY `users_id` (`users_id`),
  KEY `tickets_id` (`tickets_id`),
  KEY `is_private` (`is_private`),
  KEY `taskcategories_id` (`taskcategories_id`)
) ENGINE=MyISAM DEFAULT CHARSET=utf8 COLLATE=utf8_unicode_ci;


### Dump table glpi_tickettemplatehiddenfields

DROP TABLE IF EXISTS `glpi_tickettemplatehiddenfields`;
CREATE TABLE `glpi_tickettemplatehiddenfields` (
  `id` int(11) NOT NULL AUTO_INCREMENT,
  `tickettemplates_id` int(11) NOT NULL DEFAULT '0',
  `entities_id` int(11) NOT NULL DEFAULT '0',
  `is_recursive` tinyint(1) NOT NULL DEFAULT '0',
  `num` int(11) NOT NULL DEFAULT '0',
  PRIMARY KEY (`id`),
  KEY `entities_id` (`entities_id`),
  KEY `is_recursive` (`is_recursive`),
  KEY `unicity` (`tickettemplates_id`,`num`)
) ENGINE=MyISAM DEFAULT CHARSET=utf8 COLLATE=utf8_unicode_ci;


### Dump table glpi_tickettemplatemandatoryfields

DROP TABLE IF EXISTS `glpi_tickettemplatemandatoryfields`;
CREATE TABLE `glpi_tickettemplatemandatoryfields` (
  `id` int(11) NOT NULL AUTO_INCREMENT,
  `tickettemplates_id` int(11) NOT NULL DEFAULT '0',
  `entities_id` int(11) NOT NULL DEFAULT '0',
  `is_recursive` tinyint(1) NOT NULL DEFAULT '0',
  `num` int(11) NOT NULL DEFAULT '0',
  PRIMARY KEY (`id`),
  KEY `entities_id` (`entities_id`),
  KEY `is_recursive` (`is_recursive`),
  KEY `unicity` (`tickettemplates_id`,`num`)
) ENGINE=MyISAM  DEFAULT CHARSET=utf8 COLLATE=utf8_unicode_ci;

INSERT INTO `glpi_tickettemplatemandatoryfields` VALUES ('1','1','0','0','21');

### Dump table glpi_tickettemplatepredefinedfields

DROP TABLE IF EXISTS `glpi_tickettemplatepredefinedfields`;
CREATE TABLE `glpi_tickettemplatepredefinedfields` (
  `id` int(11) NOT NULL AUTO_INCREMENT,
  `tickettemplates_id` int(11) NOT NULL DEFAULT '0',
  `entities_id` int(11) NOT NULL DEFAULT '0',
  `is_recursive` tinyint(1) NOT NULL DEFAULT '0',
  `num` int(11) NOT NULL DEFAULT '0',
  `value` text COLLATE utf8_unicode_ci,
  PRIMARY KEY (`id`),
  KEY `entities_id` (`entities_id`),
  KEY `is_recursive` (`is_recursive`),
  KEY `unicity` (`tickettemplates_id`,`num`)
) ENGINE=MyISAM DEFAULT CHARSET=utf8 COLLATE=utf8_unicode_ci;


### Dump table glpi_tickettemplates

DROP TABLE IF EXISTS `glpi_tickettemplates`;
CREATE TABLE `glpi_tickettemplates` (
  `id` int(11) NOT NULL AUTO_INCREMENT,
  `name` varchar(255) COLLATE utf8_unicode_ci DEFAULT NULL,
  `entities_id` int(11) NOT NULL DEFAULT '0',
  `is_recursive` tinyint(1) NOT NULL DEFAULT '0',
  `comment` text COLLATE utf8_unicode_ci,
  PRIMARY KEY (`id`),
  KEY `name` (`name`),
  KEY `entities_id` (`entities_id`),
  KEY `is_recursive` (`is_recursive`)
) ENGINE=MyISAM  DEFAULT CHARSET=utf8 COLLATE=utf8_unicode_ci;

INSERT INTO `glpi_tickettemplates` VALUES ('1','Default','0','1',NULL);

### Dump table glpi_ticketvalidations

DROP TABLE IF EXISTS `glpi_ticketvalidations`;
CREATE TABLE `glpi_ticketvalidations` (
  `id` int(11) NOT NULL AUTO_INCREMENT,
  `entities_id` int(11) NOT NULL DEFAULT '0',
  `users_id` int(11) NOT NULL DEFAULT '0',
  `tickets_id` int(11) NOT NULL DEFAULT '0',
  `users_id_validate` int(11) NOT NULL DEFAULT '0',
  `comment_submission` text COLLATE utf8_unicode_ci,
  `comment_validation` text COLLATE utf8_unicode_ci,
  `status` varchar(255) COLLATE utf8_unicode_ci DEFAULT 'waiting',
  `submission_date` datetime DEFAULT NULL,
  `validation_date` datetime DEFAULT NULL,
  PRIMARY KEY (`id`),
  KEY `entities_id` (`entities_id`),
  KEY `users_id` (`users_id`),
  KEY `users_id_validate` (`users_id_validate`),
  KEY `tickets_id` (`tickets_id`),
  KEY `submission_date` (`submission_date`),
  KEY `validation_date` (`validation_date`),
  KEY `status` (`status`)
) ENGINE=MyISAM DEFAULT CHARSET=utf8 COLLATE=utf8_unicode_ci;


### Dump table glpi_transfers

DROP TABLE IF EXISTS `glpi_transfers`;
CREATE TABLE `glpi_transfers` (
  `id` int(11) NOT NULL AUTO_INCREMENT,
  `name` varchar(255) COLLATE utf8_unicode_ci DEFAULT NULL,
  `keep_ticket` int(11) NOT NULL DEFAULT '0',
  `keep_networklink` int(11) NOT NULL DEFAULT '0',
  `keep_reservation` int(11) NOT NULL DEFAULT '0',
  `keep_history` int(11) NOT NULL DEFAULT '0',
  `keep_device` int(11) NOT NULL DEFAULT '0',
  `keep_infocom` int(11) NOT NULL DEFAULT '0',
  `keep_dc_monitor` int(11) NOT NULL DEFAULT '0',
  `clean_dc_monitor` int(11) NOT NULL DEFAULT '0',
  `keep_dc_phone` int(11) NOT NULL DEFAULT '0',
  `clean_dc_phone` int(11) NOT NULL DEFAULT '0',
  `keep_dc_peripheral` int(11) NOT NULL DEFAULT '0',
  `clean_dc_peripheral` int(11) NOT NULL DEFAULT '0',
  `keep_dc_printer` int(11) NOT NULL DEFAULT '0',
  `clean_dc_printer` int(11) NOT NULL DEFAULT '0',
  `keep_supplier` int(11) NOT NULL DEFAULT '0',
  `clean_supplier` int(11) NOT NULL DEFAULT '0',
  `keep_contact` int(11) NOT NULL DEFAULT '0',
  `clean_contact` int(11) NOT NULL DEFAULT '0',
  `keep_contract` int(11) NOT NULL DEFAULT '0',
  `clean_contract` int(11) NOT NULL DEFAULT '0',
  `keep_software` int(11) NOT NULL DEFAULT '0',
  `clean_software` int(11) NOT NULL DEFAULT '0',
  `keep_document` int(11) NOT NULL DEFAULT '0',
  `clean_document` int(11) NOT NULL DEFAULT '0',
  `keep_cartridgeitem` int(11) NOT NULL DEFAULT '0',
  `clean_cartridgeitem` int(11) NOT NULL DEFAULT '0',
  `keep_cartridge` int(11) NOT NULL DEFAULT '0',
  `keep_consumable` int(11) NOT NULL DEFAULT '0',
  `date_mod` datetime DEFAULT NULL,
  `comment` text COLLATE utf8_unicode_ci,
  `keep_disk` int(11) NOT NULL DEFAULT '0',
  PRIMARY KEY (`id`),
  KEY `date_mod` (`date_mod`)
) ENGINE=MyISAM  DEFAULT CHARSET=utf8 COLLATE=utf8_unicode_ci;

INSERT INTO `glpi_transfers` VALUES ('1','complete','2','2','1','1','1','1','1','1','1','1','1','1','1','1','1','1','1','1','1','1','1','1','1','1','1','1','1','1',NULL,NULL,'1');

### Dump table glpi_usercategories

DROP TABLE IF EXISTS `glpi_usercategories`;
CREATE TABLE `glpi_usercategories` (
  `id` int(11) NOT NULL AUTO_INCREMENT,
  `name` varchar(255) COLLATE utf8_unicode_ci DEFAULT NULL,
  `comment` text COLLATE utf8_unicode_ci,
  PRIMARY KEY (`id`),
  KEY `name` (`name`)
) ENGINE=MyISAM DEFAULT CHARSET=utf8 COLLATE=utf8_unicode_ci;


### Dump table glpi_useremails

DROP TABLE IF EXISTS `glpi_useremails`;
CREATE TABLE `glpi_useremails` (
  `id` int(11) NOT NULL AUTO_INCREMENT,
  `users_id` int(11) NOT NULL DEFAULT '0',
  `is_default` tinyint(1) NOT NULL DEFAULT '0',
  `is_dynamic` tinyint(1) NOT NULL DEFAULT '0',
  `email` varchar(255) COLLATE utf8_unicode_ci DEFAULT NULL,
  PRIMARY KEY (`id`),
  UNIQUE KEY `unicity` (`users_id`,`email`),
  KEY `email` (`email`),
  KEY `is_default` (`is_default`),
  KEY `is_dynamic` (`is_dynamic`)
) ENGINE=MyISAM  DEFAULT CHARSET=utf8 COLLATE=utf8_unicode_ci;

INSERT INTO `glpi_useremails` VALUES ('1','8','1','0','admin@flexaspect.com');

### Dump table glpi_users

DROP TABLE IF EXISTS `glpi_users`;
CREATE TABLE `glpi_users` (
  `id` int(11) NOT NULL AUTO_INCREMENT,
  `name` varchar(255) COLLATE utf8_unicode_ci DEFAULT NULL,
  `password` char(40) COLLATE utf8_unicode_ci DEFAULT NULL,
  `phone` varchar(255) COLLATE utf8_unicode_ci DEFAULT NULL,
  `phone2` varchar(255) COLLATE utf8_unicode_ci DEFAULT NULL,
  `mobile` varchar(255) COLLATE utf8_unicode_ci DEFAULT NULL,
  `realname` varchar(255) COLLATE utf8_unicode_ci DEFAULT NULL,
  `firstname` varchar(255) COLLATE utf8_unicode_ci DEFAULT NULL,
  `locations_id` int(11) NOT NULL DEFAULT '0',
  `language` char(10) COLLATE utf8_unicode_ci DEFAULT NULL COMMENT 'see define.php CFG_GLPI[language] array',
  `use_mode` int(11) NOT NULL DEFAULT '0',
  `list_limit` int(11) DEFAULT NULL,
  `is_active` tinyint(1) NOT NULL DEFAULT '1',
  `comment` text COLLATE utf8_unicode_ci,
  `auths_id` int(11) NOT NULL DEFAULT '0',
  `authtype` int(11) NOT NULL DEFAULT '0',
  `last_login` datetime DEFAULT NULL,
  `date_mod` datetime DEFAULT NULL,
  `date_sync` datetime DEFAULT NULL,
  `is_deleted` tinyint(1) NOT NULL DEFAULT '0',
  `profiles_id` int(11) NOT NULL DEFAULT '0',
  `entities_id` int(11) NOT NULL DEFAULT '0',
  `usertitles_id` int(11) NOT NULL DEFAULT '0',
  `usercategories_id` int(11) NOT NULL DEFAULT '0',
  `date_format` int(11) DEFAULT NULL,
  `number_format` int(11) DEFAULT NULL,
  `names_format` int(11) DEFAULT NULL,
  `csv_delimiter` char(1) COLLATE utf8_unicode_ci DEFAULT NULL,
  `is_ids_visible` tinyint(1) DEFAULT NULL,
  `dropdown_chars_limit` int(11) DEFAULT NULL,
  `use_flat_dropdowntree` tinyint(1) DEFAULT NULL,
  `show_jobs_at_login` tinyint(1) DEFAULT NULL,
  `priority_1` char(20) COLLATE utf8_unicode_ci DEFAULT NULL,
  `priority_2` char(20) COLLATE utf8_unicode_ci DEFAULT NULL,
  `priority_3` char(20) COLLATE utf8_unicode_ci DEFAULT NULL,
  `priority_4` char(20) COLLATE utf8_unicode_ci DEFAULT NULL,
  `priority_5` char(20) COLLATE utf8_unicode_ci DEFAULT NULL,
  `priority_6` char(20) COLLATE utf8_unicode_ci DEFAULT NULL,
  `is_categorized_soft_expanded` tinyint(1) DEFAULT NULL,
  `is_not_categorized_soft_expanded` tinyint(1) DEFAULT NULL,
  `followup_private` tinyint(1) DEFAULT NULL,
  `task_private` tinyint(1) DEFAULT NULL,
  `default_requesttypes_id` int(11) DEFAULT NULL,
  `password_forget_token` char(40) COLLATE utf8_unicode_ci DEFAULT NULL,
  `password_forget_token_date` datetime DEFAULT NULL,
  `user_dn` text COLLATE utf8_unicode_ci,
  `registration_number` varchar(255) COLLATE utf8_unicode_ci DEFAULT NULL,
  `show_count_on_tabs` tinyint(1) DEFAULT NULL,
  `refresh_ticket_list` int(11) DEFAULT NULL,
  `set_default_tech` tinyint(1) DEFAULT NULL,
  `personal_token` varchar(255) COLLATE utf8_unicode_ci DEFAULT NULL,
  `personal_token_date` datetime DEFAULT NULL,
  `display_count_on_home` int(11) DEFAULT NULL,
  PRIMARY KEY (`id`),
  UNIQUE KEY `unicity` (`name`),
  KEY `firstname` (`firstname`),
  KEY `realname` (`realname`),
  KEY `entities_id` (`entities_id`),
  KEY `profiles_id` (`profiles_id`),
  KEY `locations_id` (`locations_id`),
  KEY `usertitles_id` (`usertitles_id`),
  KEY `usercategories_id` (`usercategories_id`),
  KEY `is_deleted` (`is_deleted`),
  KEY `is_active` (`is_active`),
  KEY `date_mod` (`date_mod`),
  KEY `authitem` (`authtype`,`auths_id`)
) ENGINE=MyISAM  DEFAULT CHARSET=utf8 COLLATE=utf8_unicode_ci;

INSERT INTO `glpi_users` VALUES ('2','glpi','0915bd0a5c6e56d8f38ca2b390857d4949073f41','','','','',NULL,'0','ru_RU','0','20','0',NULL,'0','1','2012-05-18 02:41:04','2012-06-27 07:16:15',NULL,'0','0','0','0','0',NULL,NULL,NULL,NULL,NULL,NULL,NULL,NULL,NULL,NULL,NULL,NULL,NULL,NULL,NULL,NULL,NULL,NULL,NULL,'',NULL,NULL,NULL,NULL,NULL,NULL,NULL,NULL,NULL);
INSERT INTO `glpi_users` VALUES ('3','post-only','3177926a7314de24680a9938aaa97703','','','','',NULL,'0',NULL,'0','20','0',NULL,'0','0',NULL,'2012-05-14 07:23:10',NULL,'0','0','0','0','0',NULL,NULL,NULL,NULL,NULL,NULL,NULL,NULL,NULL,NULL,NULL,NULL,NULL,NULL,NULL,NULL,NULL,NULL,NULL,'',NULL,NULL,NULL,NULL,NULL,NULL,NULL,NULL,NULL);
INSERT INTO `glpi_users` VALUES ('4','tech','d9f9133fb120cd6096870bc2b496805b','','','','',NULL,'0',NULL,'0','20','0',NULL,'0','0',NULL,'2012-05-14 07:23:23',NULL,'0','0','0','0','0',NULL,NULL,NULL,NULL,NULL,NULL,NULL,NULL,NULL,NULL,NULL,NULL,NULL,NULL,NULL,NULL,NULL,NULL,NULL,'',NULL,NULL,NULL,NULL,NULL,NULL,NULL,NULL,NULL);
INSERT INTO `glpi_users` VALUES ('5','normal','fea087517c26fadd409bd4b9dc642555','','','','',NULL,'0',NULL,'0','20','0',NULL,'0','0',NULL,'2012-05-14 07:22:49',NULL,'0','0','0','0','0',NULL,NULL,NULL,NULL,NULL,NULL,NULL,NULL,NULL,NULL,NULL,NULL,NULL,NULL,NULL,NULL,NULL,NULL,NULL,'',NULL,NULL,NULL,NULL,NULL,NULL,NULL,NULL,NULL);
INSERT INTO `glpi_users` VALUES ('6','denis.maksymenko','3d4f2bf07dc1be38b20cd6e46949a1071f9d0e3d','','','','Maksymenko','Denis','5','ru_RU','0','50','1','','0','1','2012-06-13 03:19:11','2012-05-31 05:47:03',NULL,'0','0','0','0','0','1',NULL,NULL,NULL,NULL,NULL,NULL,'1',NULL,NULL,NULL,NULL,NULL,NULL,NULL,NULL,NULL,NULL,NULL,NULL,NULL,NULL,'',NULL,NULL,NULL,NULL,NULL,NULL);
INSERT INTO `glpi_users` VALUES ('7','max.krivoshlyk','3d4f2bf07dc1be38b20cd6e46949a1071f9d0e3d','','','','Krivoshlyk','Maxim','12',NULL,'0',NULL,'1','','0','1','2012-05-15 07:56:00','2012-06-26 05:00:33',NULL,'0','0','0','0','0',NULL,NULL,NULL,NULL,NULL,NULL,NULL,NULL,NULL,NULL,NULL,NULL,NULL,NULL,NULL,NULL,NULL,NULL,NULL,NULL,NULL,NULL,'',NULL,NULL,NULL,NULL,NULL,NULL);
INSERT INTO `glpi_users` VALUES ('8','dmitriy.yenin','e79c8737598696721e6a0de745a359f03fc11b2d','','','0667869910','Yenin','Dmitriy','13','ru_RU','0',NULL,'1','','0','1','2012-06-27 07:16:01','2012-06-26 05:35:46',NULL,'0','0','0','3','0',NULL,NULL,'1',NULL,NULL,NULL,NULL,NULL,NULL,NULL,NULL,NULL,NULL,NULL,NULL,NULL,NULL,NULL,NULL,NULL,NULL,NULL,'',NULL,NULL,NULL,NULL,NULL,NULL);
INSERT INTO `glpi_users` VALUES ('9','dmitry.vilkhivskiy','3d4f2bf07dc1be38b20cd6e46949a1071f9d0e3d','','','','Vilkhivskiy','Dmitry','13','ru_RU','0',NULL,'1','','0','1','2012-06-29 02:10:25','2012-06-21 04:03:43',NULL,'0','0','0','3','0',NULL,NULL,NULL,NULL,NULL,NULL,NULL,NULL,NULL,NULL,NULL,NULL,NULL,NULL,NULL,NULL,NULL,NULL,NULL,NULL,NULL,NULL,'',NULL,NULL,NULL,'5d5re42z0eknk6fgqwm39xpyifqzm06qnah2dj1my','2012-05-18 05:34:16',NULL);
INSERT INTO `glpi_users` VALUES ('10','alex.devyatkin',NULL,'','','','Devyatkin','Alex','14',NULL,'0',NULL,'1','','0','1',NULL,'2012-06-26 02:41:26',NULL,'0','0','0','0','0',NULL,NULL,NULL,NULL,NULL,NULL,NULL,NULL,NULL,NULL,NULL,NULL,NULL,NULL,NULL,NULL,NULL,NULL,NULL,NULL,NULL,NULL,'',NULL,NULL,NULL,NULL,NULL,NULL);
INSERT INTO `glpi_users` VALUES ('11','alex.gaevoy',NULL,'','','','Gaevoy','Alex','12',NULL,'0',NULL,'1','','0','1',NULL,'2012-06-20 05:43:57',NULL,'0','0','0','0','0',NULL,NULL,NULL,NULL,NULL,NULL,NULL,NULL,NULL,NULL,NULL,NULL,NULL,NULL,NULL,NULL,NULL,NULL,NULL,NULL,NULL,NULL,'',NULL,NULL,NULL,NULL,NULL,NULL);
INSERT INTO `glpi_users` VALUES ('12','alexander.gres',NULL,'','','','Gres','Alexander','5',NULL,'0',NULL,'1','','0','1',NULL,'2012-05-31 05:41:59',NULL,'0','0','0','0','0',NULL,NULL,NULL,NULL,NULL,NULL,NULL,NULL,NULL,NULL,NULL,NULL,NULL,NULL,NULL,NULL,NULL,NULL,NULL,NULL,NULL,NULL,'',NULL,NULL,NULL,NULL,NULL,NULL);
INSERT INTO `glpi_users` VALUES ('13','alexander.perevalov',NULL,'','','','Perevalov','Alexander','14',NULL,'0',NULL,'1','','0','1',NULL,'2012-06-20 04:23:17',NULL,'0','0','0','0','0',NULL,NULL,NULL,NULL,NULL,NULL,NULL,NULL,NULL,NULL,NULL,NULL,NULL,NULL,NULL,NULL,NULL,NULL,NULL,NULL,NULL,NULL,'',NULL,NULL,NULL,NULL,NULL,NULL);
INSERT INTO `glpi_users` VALUES ('14','alexander.razvalinov',NULL,'','','','Razvalinov','Alexander','0',NULL,'0',NULL,'1','','0','1',NULL,'2012-06-20 03:04:08',NULL,'1','0','0','0','0',NULL,NULL,NULL,NULL,NULL,NULL,NULL,NULL,NULL,NULL,NULL,NULL,NULL,NULL,NULL,NULL,NULL,NULL,NULL,NULL,NULL,NULL,'',NULL,NULL,NULL,NULL,NULL,NULL);
INSERT INTO `glpi_users` VALUES ('15','alexander.sidorov',NULL,'','','','Sidorov','Alexander','6',NULL,'0',NULL,'1','','0','1',NULL,'2012-05-31 05:31:33',NULL,'0','0','0','0','0',NULL,NULL,NULL,NULL,NULL,NULL,NULL,NULL,NULL,NULL,NULL,NULL,NULL,NULL,NULL,NULL,NULL,NULL,NULL,NULL,NULL,NULL,'',NULL,NULL,NULL,NULL,NULL,NULL);
INSERT INTO `glpi_users` VALUES ('16','alexander.skripnik',NULL,'','','','Skripnik','Alexandr','5',NULL,'0',NULL,'1','','0','1',NULL,'2012-05-16 05:36:01',NULL,'0','0','0','0','0',NULL,NULL,NULL,NULL,NULL,NULL,NULL,NULL,NULL,NULL,NULL,NULL,NULL,NULL,NULL,NULL,NULL,NULL,NULL,NULL,NULL,NULL,'',NULL,NULL,NULL,NULL,NULL,NULL);
INSERT INTO `glpi_users` VALUES ('17','alexey.afanasyev',NULL,'','','','Afanasyev','Alexey','3',NULL,'0',NULL,'1','','0','1',NULL,'2012-05-31 05:34:24',NULL,'0','0','0','0','0',NULL,NULL,NULL,NULL,NULL,NULL,NULL,NULL,NULL,NULL,NULL,NULL,NULL,NULL,NULL,NULL,NULL,NULL,NULL,NULL,NULL,NULL,'',NULL,NULL,NULL,NULL,NULL,NULL);
INSERT INTO `glpi_users` VALUES ('18','alexey.bobylev',NULL,'','','','Bobylev','Alexey','11',NULL,'0',NULL,'1','','0','1',NULL,'2012-06-19 07:54:32',NULL,'0','0','0','0','0',NULL,NULL,NULL,NULL,NULL,NULL,NULL,NULL,NULL,NULL,NULL,NULL,NULL,NULL,NULL,NULL,NULL,NULL,NULL,NULL,NULL,NULL,'',NULL,NULL,NULL,NULL,NULL,NULL);
INSERT INTO `glpi_users` VALUES ('19','alexey.scherbakov',NULL,'','','','Scherbakov','Alexey ','8',NULL,'0',NULL,'1','','0','1',NULL,'2012-06-18 06:49:15',NULL,'0','0','0','0','0',NULL,NULL,NULL,NULL,NULL,NULL,NULL,NULL,NULL,NULL,NULL,NULL,NULL,NULL,NULL,NULL,NULL,NULL,NULL,NULL,NULL,NULL,'',NULL,NULL,NULL,NULL,NULL,NULL);
INSERT INTO `glpi_users` VALUES ('20','alla.zagorulko',NULL,'','','','Zagorulko','Alla','9',NULL,'0',NULL,'1','','0','1',NULL,'2012-06-21 01:24:56',NULL,'0','0','0','0','0',NULL,NULL,NULL,NULL,NULL,NULL,NULL,NULL,NULL,NULL,NULL,NULL,NULL,NULL,NULL,NULL,NULL,NULL,NULL,NULL,NULL,NULL,'',NULL,NULL,NULL,NULL,NULL,NULL);
INSERT INTO `glpi_users` VALUES ('21','andrey.lushpigan',NULL,'','','','Lushpigan','Andrey','6',NULL,'0',NULL,'1','','0','1',NULL,'2012-05-31 05:44:25',NULL,'0','0','0','0','0',NULL,NULL,NULL,NULL,NULL,NULL,NULL,NULL,NULL,NULL,NULL,NULL,NULL,NULL,NULL,NULL,NULL,NULL,NULL,NULL,NULL,NULL,'',NULL,NULL,NULL,NULL,NULL,NULL);
INSERT INTO `glpi_users` VALUES ('22','artem.loboda',NULL,'','','','Loboda','Artem','1',NULL,'0',NULL,'1','','0','1',NULL,'2012-05-31 05:31:05',NULL,'0','0','0','0','0',NULL,NULL,NULL,NULL,NULL,NULL,NULL,NULL,NULL,NULL,NULL,NULL,NULL,NULL,NULL,NULL,NULL,NULL,NULL,NULL,NULL,NULL,'',NULL,NULL,NULL,NULL,NULL,NULL);
INSERT INTO `glpi_users` VALUES ('23','artem.pyhtin',NULL,'','','','Pyhtin','Artem','8',NULL,'0',NULL,'1','','0','1',NULL,'2012-06-18 06:49:50',NULL,'0','0','0','0','0',NULL,NULL,NULL,NULL,NULL,NULL,NULL,NULL,NULL,NULL,NULL,NULL,NULL,NULL,NULL,NULL,NULL,NULL,NULL,NULL,NULL,NULL,'',NULL,NULL,NULL,NULL,NULL,NULL);
INSERT INTO `glpi_users` VALUES ('24','artur.fisun',NULL,'','','','Fisun','Artur','3',NULL,'0',NULL,'1','','0','1',NULL,'2012-05-31 05:35:44',NULL,'0','0','0','0','0',NULL,NULL,NULL,NULL,NULL,NULL,NULL,NULL,NULL,NULL,NULL,NULL,NULL,NULL,NULL,NULL,NULL,NULL,NULL,NULL,NULL,NULL,'',NULL,NULL,NULL,NULL,NULL,NULL);
INSERT INTO `glpi_users` VALUES ('25','denis.kovalev',NULL,'','','','Kovalev','Denis','4',NULL,'0',NULL,'1','','0','1',NULL,'2012-05-31 05:39:28',NULL,'0','0','0','0','0',NULL,NULL,NULL,NULL,NULL,NULL,NULL,NULL,NULL,NULL,NULL,NULL,NULL,NULL,NULL,NULL,NULL,NULL,NULL,NULL,NULL,NULL,'',NULL,NULL,NULL,NULL,NULL,NULL);
INSERT INTO `glpi_users` VALUES ('26','dmitriy.galuschkin',NULL,'','','','Galuschkin','Dmitriy','10',NULL,'0',NULL,'1','','0','1',NULL,'2012-06-18 04:18:23',NULL,'0','0','0','0','0',NULL,NULL,NULL,NULL,NULL,NULL,NULL,NULL,NULL,NULL,NULL,NULL,NULL,NULL,NULL,NULL,NULL,NULL,NULL,NULL,NULL,NULL,'',NULL,NULL,NULL,NULL,NULL,NULL);
INSERT INTO `glpi_users` VALUES ('27','dmitriy.kotelevskiy',NULL,'','','','Kotelevskiy','Dmitriy','9',NULL,'0',NULL,'1','','0','1',NULL,'2012-06-21 01:24:56',NULL,'0','0','0','0','0',NULL,NULL,NULL,NULL,NULL,NULL,NULL,NULL,NULL,NULL,NULL,NULL,NULL,NULL,NULL,NULL,NULL,NULL,NULL,NULL,NULL,NULL,'',NULL,NULL,NULL,NULL,NULL,NULL);
INSERT INTO `glpi_users` VALUES ('28','dmitriy.ovsyannikov',NULL,'','','','Ovsyannikov','Dmitriy','4',NULL,'0',NULL,'1','','0','1',NULL,'2012-05-31 05:40:15',NULL,'0','0','0','0','0',NULL,NULL,NULL,NULL,NULL,NULL,NULL,NULL,NULL,NULL,NULL,NULL,NULL,NULL,NULL,NULL,NULL,NULL,NULL,NULL,NULL,NULL,'',NULL,NULL,NULL,NULL,NULL,NULL);
INSERT INTO `glpi_users` VALUES ('29','dmitriy.voronin',NULL,'','','','Voronin','Dmitriy','10',NULL,'0',NULL,'1','','0','1',NULL,'2012-06-18 05:37:56',NULL,'0','0','0','0','0',NULL,NULL,NULL,NULL,NULL,NULL,NULL,NULL,NULL,NULL,NULL,NULL,NULL,NULL,NULL,NULL,NULL,NULL,NULL,NULL,NULL,NULL,'',NULL,NULL,NULL,NULL,NULL,NULL);
INSERT INTO `glpi_users` VALUES ('30','dmitriy.zhdankin',NULL,'','','','Zhdankin','Dmitriy','11',NULL,'0',NULL,'1','','0','1',NULL,'2012-06-19 07:46:25',NULL,'0','0','0','0','0',NULL,NULL,NULL,NULL,NULL,NULL,NULL,NULL,NULL,NULL,NULL,NULL,NULL,NULL,NULL,NULL,NULL,NULL,NULL,NULL,NULL,NULL,'',NULL,NULL,NULL,NULL,NULL,NULL);
INSERT INTO `glpi_users` VALUES ('31','dmitry.seredinov',NULL,'','','','Seredinov','Dmitry','7',NULL,'0',NULL,'1','','0','1',NULL,'2012-05-31 05:32:04',NULL,'0','0','0','0','0',NULL,NULL,NULL,NULL,NULL,NULL,NULL,NULL,NULL,NULL,NULL,NULL,NULL,NULL,NULL,NULL,NULL,NULL,NULL,NULL,NULL,NULL,'',NULL,NULL,NULL,NULL,NULL,NULL);
INSERT INTO `glpi_users` VALUES ('32','eduard.marakhovsky',NULL,'','','','Marakhovsky','Eduard','10',NULL,'0',NULL,'1','','0','1',NULL,'2012-06-25 03:59:30',NULL,'0','0','0','0','0',NULL,NULL,NULL,NULL,NULL,NULL,NULL,NULL,NULL,NULL,NULL,NULL,NULL,NULL,NULL,NULL,NULL,NULL,NULL,NULL,NULL,NULL,'',NULL,NULL,NULL,NULL,NULL,NULL);
INSERT INTO `glpi_users` VALUES ('33','elena.zisina',NULL,'','','','Zisina','Elena','7',NULL,'0',NULL,'1','','0','1',NULL,'2012-05-31 05:45:36',NULL,'0','0','0','0','0',NULL,NULL,NULL,NULL,NULL,NULL,NULL,NULL,NULL,NULL,NULL,NULL,NULL,NULL,NULL,NULL,NULL,NULL,NULL,NULL,NULL,NULL,'',NULL,NULL,NULL,NULL,NULL,NULL);
INSERT INTO `glpi_users` VALUES ('34','evgeniy.arsenyev',NULL,'','','','Arsenyev','Evgeniy ','8',NULL,'0',NULL,'1','','0','1',NULL,'2012-06-18 01:49:51',NULL,'0','0','0','0','0',NULL,NULL,NULL,NULL,NULL,NULL,NULL,NULL,NULL,NULL,NULL,NULL,NULL,NULL,NULL,NULL,NULL,NULL,NULL,NULL,NULL,NULL,'',NULL,NULL,NULL,NULL,NULL,NULL);
INSERT INTO `glpi_users` VALUES ('35','evgeniy.kholodnyak',NULL,'','','','Kholodnyak','Evgeniy','12',NULL,'0',NULL,'1','','0','1',NULL,'2012-06-19 07:33:23',NULL,'0','0','0','0','0',NULL,NULL,NULL,NULL,NULL,NULL,NULL,NULL,NULL,NULL,NULL,NULL,NULL,NULL,NULL,NULL,NULL,NULL,NULL,NULL,NULL,NULL,'',NULL,NULL,NULL,NULL,NULL,NULL);
INSERT INTO `glpi_users` VALUES ('36','evgeniy.udalov',NULL,'','','','Udalov','Evgeniy','6',NULL,'0',NULL,'1','','0','1',NULL,'2012-05-31 05:47:44',NULL,'0','0','0','0','0',NULL,NULL,NULL,NULL,NULL,NULL,NULL,NULL,NULL,NULL,NULL,NULL,NULL,NULL,NULL,NULL,NULL,NULL,NULL,NULL,NULL,NULL,'',NULL,NULL,NULL,NULL,NULL,NULL);
INSERT INTO `glpi_users` VALUES ('37','fedor.krutko',NULL,'','','','Krutko','Fedor','5',NULL,'0',NULL,'1','','0','1',NULL,'2012-05-31 05:43:52',NULL,'0','0','0','0','0',NULL,NULL,NULL,NULL,NULL,NULL,NULL,NULL,NULL,NULL,NULL,NULL,NULL,NULL,NULL,NULL,NULL,NULL,NULL,NULL,NULL,NULL,'',NULL,NULL,NULL,NULL,NULL,NULL);
INSERT INTO `glpi_users` VALUES ('38','igor.demo',NULL,'','','','Demo','Igor','6',NULL,'0',NULL,'1','','0','1',NULL,'2012-05-31 05:44:42',NULL,'0','0','0','0','0',NULL,NULL,NULL,NULL,NULL,NULL,NULL,NULL,NULL,NULL,NULL,NULL,NULL,NULL,NULL,NULL,NULL,NULL,NULL,NULL,NULL,NULL,'',NULL,NULL,NULL,NULL,NULL,NULL);
INSERT INTO `glpi_users` VALUES ('39','igor.skalov',NULL,'','','','Skalov','Igor','3',NULL,'0',NULL,'1','','0','1',NULL,'2012-05-31 05:37:08',NULL,'0','0','0','0','0',NULL,NULL,NULL,NULL,NULL,NULL,NULL,NULL,NULL,NULL,NULL,NULL,NULL,NULL,NULL,NULL,NULL,NULL,NULL,NULL,NULL,NULL,'',NULL,NULL,NULL,NULL,NULL,NULL);
INSERT INTO `glpi_users` VALUES ('40','kirill.samojlenko',NULL,'','','','Samojlenko','Kirill','11',NULL,'0',NULL,'1','','0','1',NULL,'2012-06-25 03:44:24',NULL,'0','0','0','0','0',NULL,NULL,NULL,NULL,NULL,NULL,NULL,NULL,NULL,NULL,NULL,NULL,NULL,NULL,NULL,NULL,NULL,NULL,NULL,NULL,NULL,NULL,'',NULL,NULL,NULL,NULL,NULL,NULL);
INSERT INTO `glpi_users` VALUES ('41','maxim.kapustin',NULL,'','','','Kapustin','Maxim','11',NULL,'0',NULL,'1','','0','1',NULL,'2012-06-19 05:07:38',NULL,'0','0','0','0','0',NULL,NULL,NULL,NULL,NULL,NULL,NULL,NULL,NULL,NULL,NULL,NULL,NULL,NULL,NULL,NULL,NULL,NULL,NULL,NULL,NULL,NULL,'',NULL,NULL,NULL,NULL,NULL,NULL);
INSERT INTO `glpi_users` VALUES ('42','maxim.kosenko',NULL,'','','','Kosenko','Maxim','8',NULL,'0',NULL,'1','','0','1',NULL,'2012-06-18 02:13:21',NULL,'0','0','0','0','0',NULL,NULL,NULL,NULL,NULL,NULL,NULL,NULL,NULL,NULL,NULL,NULL,NULL,NULL,NULL,NULL,NULL,NULL,NULL,NULL,NULL,NULL,'',NULL,NULL,NULL,NULL,NULL,NULL);
INSERT INTO `glpi_users` VALUES ('43','natalya.skoromnaya',NULL,'','','','Skoromnaya','Natalya','3',NULL,'0',NULL,'1','','0','1',NULL,'2012-05-31 05:34:45',NULL,'0','0','0','0','0',NULL,NULL,NULL,NULL,NULL,NULL,NULL,NULL,NULL,NULL,NULL,NULL,NULL,NULL,NULL,NULL,NULL,NULL,NULL,NULL,NULL,NULL,'',NULL,NULL,NULL,NULL,NULL,NULL);
INSERT INTO `glpi_users` VALUES ('44','natalya.vasilenko',NULL,'','','','Vasilenko','Natalya','11',NULL,'0',NULL,'1','','0','1',NULL,'2012-06-21 04:04:09',NULL,'0','0','0','0','0',NULL,NULL,NULL,NULL,NULL,NULL,NULL,NULL,NULL,NULL,NULL,NULL,NULL,NULL,NULL,NULL,NULL,NULL,NULL,NULL,NULL,NULL,'',NULL,NULL,NULL,NULL,NULL,NULL);
INSERT INTO `glpi_users` VALUES ('45','nickolay.chizhikov',NULL,'','','','Chizhikov','Nickolay','1',NULL,'0',NULL,'1','','0','1',NULL,'2012-05-31 05:32:52',NULL,'0','0','0','0','0',NULL,NULL,NULL,NULL,NULL,NULL,NULL,NULL,NULL,NULL,NULL,NULL,NULL,NULL,NULL,NULL,NULL,NULL,NULL,NULL,NULL,NULL,'',NULL,NULL,NULL,NULL,NULL,NULL);
INSERT INTO `glpi_users` VALUES ('46','oleg.milkin',NULL,'','','','Milkin','Oleg','12',NULL,'0',NULL,'1','','0','1',NULL,'2012-06-19 05:35:45',NULL,'0','0','0','0','0',NULL,NULL,NULL,NULL,NULL,NULL,NULL,NULL,NULL,NULL,NULL,NULL,NULL,NULL,NULL,NULL,NULL,NULL,NULL,NULL,NULL,NULL,'',NULL,NULL,NULL,NULL,NULL,NULL);
INSERT INTO `glpi_users` VALUES ('47','oleg.plitnik',NULL,'','','','Plitnik','Oleg','5',NULL,'0',NULL,'1','','0','1',NULL,'2012-05-16 05:34:50',NULL,'0','0','0','0','0',NULL,NULL,NULL,NULL,NULL,NULL,NULL,NULL,NULL,NULL,NULL,NULL,NULL,NULL,NULL,NULL,NULL,NULL,NULL,NULL,NULL,NULL,'',NULL,NULL,NULL,NULL,NULL,NULL);
INSERT INTO `glpi_users` VALUES ('48','pavel.kolesnikov',NULL,'','','','Kolesnikov','Pavel','7',NULL,'0',NULL,'1','','0','1',NULL,'2012-05-31 05:46:11',NULL,'0','0','0','0','0',NULL,NULL,NULL,NULL,NULL,NULL,NULL,NULL,NULL,NULL,NULL,NULL,NULL,NULL,NULL,NULL,NULL,NULL,NULL,NULL,NULL,NULL,'',NULL,NULL,NULL,NULL,NULL,NULL);
INSERT INTO `glpi_users` VALUES ('49','pavel.melikhov',NULL,'','','','Melikhov','Pavel','14',NULL,'0',NULL,'1','','0','1',NULL,'2012-06-20 04:23:17',NULL,'0','0','0','0','0',NULL,NULL,NULL,NULL,NULL,NULL,NULL,NULL,NULL,NULL,NULL,NULL,NULL,NULL,NULL,NULL,NULL,NULL,NULL,NULL,NULL,NULL,'',NULL,NULL,NULL,NULL,NULL,NULL);
INSERT INTO `glpi_users` VALUES ('50','pavel.sukhanov',NULL,'','','','Sukhanov','Pavel ','4',NULL,'0',NULL,'1','','0','1',NULL,'2012-05-31 05:37:59',NULL,'0','0','0','0','0',NULL,NULL,NULL,NULL,NULL,NULL,NULL,NULL,NULL,NULL,NULL,NULL,NULL,NULL,NULL,NULL,NULL,NULL,NULL,NULL,NULL,NULL,'',NULL,NULL,NULL,NULL,NULL,NULL);
INSERT INTO `glpi_users` VALUES ('51','roman.lavrinenko',NULL,'','','','Lavrinenko','Roman','14',NULL,'0',NULL,'1','','0','1',NULL,'2012-06-20 04:23:17',NULL,'0','0','0','0','0',NULL,NULL,NULL,NULL,NULL,NULL,NULL,NULL,NULL,NULL,NULL,NULL,NULL,NULL,NULL,NULL,NULL,NULL,NULL,NULL,NULL,NULL,'',NULL,NULL,NULL,NULL,NULL,NULL);
INSERT INTO `glpi_users` VALUES ('52','roman.mazurika',NULL,'','','','Roman','Mazurika','9',NULL,'0',NULL,'1','','0','1',NULL,'2012-06-18 03:57:39',NULL,'0','0','0','0','0',NULL,NULL,NULL,NULL,NULL,NULL,NULL,NULL,NULL,NULL,NULL,NULL,NULL,NULL,NULL,NULL,NULL,NULL,NULL,NULL,NULL,NULL,'',NULL,NULL,NULL,NULL,NULL,NULL);
INSERT INTO `glpi_users` VALUES ('53','ruslan.getmansky',NULL,'','','','Getmansky','Ruslan','8',NULL,'0',NULL,'1','','0','1',NULL,'2012-06-18 02:00:20',NULL,'0','0','0','0','0',NULL,NULL,NULL,NULL,NULL,NULL,NULL,NULL,NULL,NULL,NULL,NULL,NULL,NULL,NULL,NULL,NULL,NULL,NULL,NULL,NULL,NULL,'',NULL,NULL,NULL,NULL,NULL,NULL);
INSERT INTO `glpi_users` VALUES ('54','sergey.boiko',NULL,'','','','Sergey','Boiko','4',NULL,'0',NULL,'1','','0','1',NULL,'2012-05-31 05:38:52',NULL,'0','0','0','0','0',NULL,NULL,NULL,NULL,NULL,NULL,NULL,NULL,NULL,NULL,NULL,NULL,NULL,NULL,NULL,NULL,NULL,NULL,NULL,NULL,NULL,NULL,'',NULL,NULL,NULL,NULL,NULL,NULL);
INSERT INTO `glpi_users` VALUES ('55','sergey.grebeniuk',NULL,'','','','Grebeniuk','Sergey','14',NULL,'0',NULL,'1','','0','1',NULL,'2012-06-20 04:23:17',NULL,'0','0','0','0','0',NULL,NULL,NULL,NULL,NULL,NULL,NULL,NULL,NULL,NULL,NULL,NULL,NULL,NULL,NULL,NULL,NULL,NULL,NULL,NULL,NULL,NULL,'',NULL,NULL,NULL,NULL,NULL,NULL);
INSERT INTO `glpi_users` VALUES ('56','sergey.laptiy',NULL,'','','','Laptiy','Sergey','9',NULL,'0',NULL,'1','','0','1',NULL,'2012-06-18 03:01:10',NULL,'0','0','0','0','0',NULL,NULL,NULL,NULL,NULL,NULL,NULL,NULL,NULL,NULL,NULL,NULL,NULL,NULL,NULL,NULL,NULL,NULL,NULL,NULL,NULL,NULL,'',NULL,NULL,NULL,NULL,NULL,NULL);
INSERT INTO `glpi_users` VALUES ('57','sergey.malyshkin',NULL,'','','','Malyshkin','Sergey','10',NULL,'0',NULL,'1','','0','1',NULL,'2012-06-18 04:57:19',NULL,'0','0','0','0','0',NULL,NULL,NULL,NULL,NULL,NULL,NULL,NULL,NULL,NULL,NULL,NULL,NULL,NULL,NULL,NULL,NULL,NULL,NULL,NULL,NULL,NULL,'',NULL,NULL,NULL,NULL,NULL,NULL);
INSERT INTO `glpi_users` VALUES ('58','tatiana.kunah',NULL,'','','','Kunah','Tatiana','5',NULL,'0',NULL,'1','','0','1',NULL,'2012-05-31 05:41:35',NULL,'0','0','0','0','0',NULL,NULL,NULL,NULL,NULL,NULL,NULL,NULL,NULL,NULL,NULL,NULL,NULL,NULL,NULL,NULL,NULL,NULL,NULL,NULL,NULL,NULL,'',NULL,NULL,NULL,NULL,NULL,NULL);
INSERT INTO `glpi_users` VALUES ('59','vadim.matsukatov',NULL,'','','','Matsukatov','Vadim','0',NULL,'0',NULL,'1','','0','1',NULL,'2012-06-25 06:55:50',NULL,'1','0','0','0','0',NULL,NULL,NULL,NULL,NULL,NULL,NULL,NULL,NULL,NULL,NULL,NULL,NULL,NULL,NULL,NULL,NULL,NULL,NULL,NULL,NULL,NULL,'',NULL,NULL,NULL,NULL,NULL,NULL);
INSERT INTO `glpi_users` VALUES ('60','valeriy.matsukatov',NULL,'','','','Matsukatov','Valeriy','2',NULL,'0',NULL,'1','','0','1',NULL,'2012-05-31 05:42:44',NULL,'0','0','0','0','0',NULL,NULL,NULL,NULL,NULL,NULL,NULL,NULL,NULL,NULL,NULL,NULL,NULL,NULL,NULL,NULL,NULL,NULL,NULL,NULL,NULL,NULL,'',NULL,NULL,NULL,NULL,NULL,NULL);
INSERT INTO `glpi_users` VALUES ('61','vasiliy.belokon',NULL,'','','','Belokon','Vasiliy','11',NULL,'0',NULL,'1','','0','1',NULL,'2012-06-19 04:28:07',NULL,'0','0','0','0','0',NULL,NULL,NULL,NULL,NULL,NULL,NULL,NULL,NULL,NULL,NULL,NULL,NULL,NULL,NULL,NULL,NULL,NULL,NULL,NULL,NULL,NULL,'',NULL,NULL,NULL,NULL,NULL,NULL);
INSERT INTO `glpi_users` VALUES ('62','vitaliy.orehov',NULL,'','','','Orehov','Vitaliy','1',NULL,'0',NULL,'1','','0','1',NULL,'2012-06-06 06:17:46',NULL,'0','0','0','0','0',NULL,NULL,NULL,NULL,NULL,NULL,NULL,NULL,NULL,NULL,NULL,NULL,NULL,NULL,NULL,NULL,NULL,NULL,NULL,NULL,NULL,NULL,'',NULL,NULL,NULL,NULL,NULL,NULL);
INSERT INTO `glpi_users` VALUES ('63','vitaliy.supronuk',NULL,'','','','Supronuk','Vitaliy','14',NULL,'0',NULL,'1','','0','1',NULL,'2012-06-20 04:23:17',NULL,'0','0','0','0','0',NULL,NULL,NULL,NULL,NULL,NULL,NULL,NULL,NULL,NULL,NULL,NULL,NULL,NULL,NULL,NULL,NULL,NULL,NULL,NULL,NULL,NULL,'',NULL,NULL,NULL,NULL,NULL,NULL);
INSERT INTO `glpi_users` VALUES ('64','vladimir.kozhushniy',NULL,'','','','Kozhushniy','Vladimir','4',NULL,'0',NULL,'1','','0','1',NULL,'2012-05-31 05:40:52',NULL,'0','0','0','0','0',NULL,NULL,NULL,NULL,NULL,NULL,NULL,NULL,NULL,NULL,NULL,NULL,NULL,NULL,NULL,NULL,NULL,NULL,NULL,NULL,NULL,NULL,'',NULL,NULL,NULL,NULL,NULL,NULL);
INSERT INTO `glpi_users` VALUES ('65','vladimir.maryenko',NULL,'','','','Maryenko','Vladimir','12',NULL,'0',NULL,'1','','0','1',NULL,'2012-06-25 05:36:53',NULL,'0','0','0','0','0',NULL,NULL,NULL,NULL,NULL,NULL,NULL,NULL,NULL,NULL,NULL,NULL,NULL,NULL,NULL,NULL,NULL,NULL,NULL,NULL,NULL,NULL,'',NULL,NULL,NULL,NULL,NULL,NULL);
INSERT INTO `glpi_users` VALUES ('66','vladimir.rakovsky',NULL,'','','','Rakovsky','Vladimir','9',NULL,'0',NULL,'1','','0','1',NULL,'2012-06-21 01:24:56',NULL,'0','0','0','0','0',NULL,NULL,NULL,NULL,NULL,NULL,NULL,NULL,NULL,NULL,NULL,NULL,NULL,NULL,NULL,NULL,NULL,NULL,NULL,NULL,NULL,NULL,'',NULL,NULL,NULL,NULL,NULL,NULL);
INSERT INTO `glpi_users` VALUES ('67','yuriy.zisin',NULL,'','','','Zisin','Yuriy','7',NULL,'0',NULL,'1','','0','1',NULL,'2012-05-31 05:30:26',NULL,'0','0','0','0','0',NULL,NULL,NULL,NULL,NULL,NULL,NULL,NULL,NULL,NULL,NULL,NULL,NULL,NULL,NULL,NULL,NULL,NULL,NULL,NULL,NULL,NULL,'',NULL,NULL,NULL,NULL,NULL,NULL);
INSERT INTO `glpi_users` VALUES ('68','denis.djelomanov',NULL,'','','','Djelomanov','Denis','2',NULL,'0',NULL,'1','','0','1',NULL,'2012-05-15 03:14:43',NULL,'0','0','0','0','0',NULL,NULL,NULL,NULL,NULL,NULL,NULL,NULL,NULL,NULL,NULL,NULL,NULL,NULL,NULL,NULL,NULL,NULL,NULL,NULL,NULL,NULL,'',NULL,NULL,NULL,NULL,NULL,NULL);
INSERT INTO `glpi_users` VALUES ('69','ivan.doroshenko',NULL,'','','','Doroshenko','Ivan','2',NULL,'0',NULL,'1','','0','1',NULL,'2012-05-15 03:24:28',NULL,'0','0','0','0','0',NULL,NULL,NULL,NULL,NULL,NULL,NULL,NULL,NULL,NULL,NULL,NULL,NULL,NULL,NULL,NULL,NULL,NULL,NULL,NULL,NULL,NULL,'',NULL,NULL,NULL,NULL,NULL,NULL);
INSERT INTO `glpi_users` VALUES ('70','nadejda.lyabik',NULL,'','','','Lyabik','Nadejda','2',NULL,'0',NULL,'1','','0','1',NULL,'2012-05-15 03:28:20',NULL,'0','0','0','0','0',NULL,NULL,NULL,NULL,NULL,NULL,NULL,NULL,NULL,NULL,NULL,NULL,NULL,NULL,NULL,NULL,NULL,NULL,NULL,NULL,NULL,NULL,'',NULL,NULL,NULL,NULL,NULL,NULL);
INSERT INTO `glpi_users` VALUES ('71','Rezerv',NULL,'','','','','','0',NULL,'0',NULL,'1','','0','1',NULL,'2012-05-16 05:41:58',NULL,'0','0','0','0','0',NULL,NULL,NULL,NULL,NULL,NULL,NULL,NULL,NULL,NULL,NULL,NULL,NULL,NULL,NULL,NULL,NULL,NULL,NULL,NULL,NULL,NULL,'',NULL,NULL,NULL,NULL,NULL,NULL);
INSERT INTO `glpi_users` VALUES ('72','test','3d4f2bf07dc1be38b20cd6e46949a1071f9d0e3d','','','','','','0',NULL,'0',NULL,'1','','0','1','2012-05-30 02:23:17','2012-05-30 02:22:36',NULL,'0','0','0','0','0',NULL,NULL,NULL,NULL,NULL,NULL,NULL,NULL,NULL,NULL,NULL,NULL,NULL,NULL,NULL,NULL,NULL,NULL,NULL,NULL,NULL,NULL,'',NULL,NULL,NULL,NULL,NULL,NULL);
INSERT INTO `glpi_users` VALUES ('73','olga.goncharova',NULL,'','','','Goncharova','Olga','1',NULL,'0',NULL,'1','','0','1',NULL,'2012-06-12 01:49:34',NULL,'0','0','0','0','0',NULL,NULL,NULL,NULL,NULL,NULL,NULL,NULL,NULL,NULL,NULL,NULL,NULL,NULL,NULL,NULL,NULL,NULL,NULL,NULL,NULL,NULL,'',NULL,NULL,NULL,NULL,NULL,NULL);
INSERT INTO `glpi_users` VALUES ('74','dmitriy.shevlyakov',NULL,'','','','Shevlyakov','Dmitry','10',NULL,'0',NULL,'1','','0','1',NULL,'2012-06-18 05:50:41',NULL,'0','0','0','0','0',NULL,NULL,NULL,NULL,NULL,NULL,NULL,NULL,NULL,NULL,NULL,NULL,NULL,NULL,NULL,NULL,NULL,NULL,NULL,NULL,NULL,NULL,'',NULL,NULL,NULL,NULL,NULL,NULL);
INSERT INTO `glpi_users` VALUES ('75','pavel.bezderniy',NULL,'','','','Bezdverniy','Pavel','11',NULL,'0',NULL,'1','','0','1',NULL,'2012-06-25 05:46:48',NULL,'0','0','0','0','0',NULL,NULL,NULL,NULL,NULL,NULL,NULL,NULL,NULL,NULL,NULL,NULL,NULL,NULL,NULL,NULL,NULL,NULL,NULL,NULL,NULL,NULL,'',NULL,NULL,NULL,NULL,NULL,NULL);
INSERT INTO `glpi_users` VALUES ('76','vitaliy.popov',NULL,'','','','Popov','Vitaliy','11',NULL,'0',NULL,'1','','0','1',NULL,'2012-06-18 07:53:41',NULL,'0','0','0','0','0',NULL,NULL,NULL,NULL,NULL,NULL,NULL,NULL,NULL,NULL,NULL,NULL,NULL,NULL,NULL,NULL,NULL,NULL,NULL,NULL,NULL,NULL,'',NULL,NULL,NULL,NULL,NULL,NULL);
INSERT INTO `glpi_users` VALUES ('77','sergey.krivoshlyk',NULL,'','','','Krivoshlyk','Sergey','13',NULL,'0',NULL,'1','','0','1',NULL,'2012-06-21 02:55:17',NULL,'0','0','0','0','0',NULL,NULL,NULL,NULL,NULL,NULL,NULL,NULL,NULL,NULL,NULL,NULL,NULL,NULL,NULL,NULL,NULL,NULL,NULL,NULL,NULL,NULL,'',NULL,NULL,NULL,NULL,NULL,NULL);
INSERT INTO `glpi_users` VALUES ('78','Spisano',NULL,'','','','','','0',NULL,'0',NULL,'1','','0','1',NULL,'2012-06-21 07:22:35',NULL,'0','0','0','0','0',NULL,NULL,NULL,NULL,NULL,NULL,NULL,NULL,NULL,NULL,NULL,NULL,NULL,NULL,NULL,NULL,NULL,NULL,NULL,NULL,NULL,NULL,'',NULL,NULL,NULL,NULL,NULL,NULL);
INSERT INTO `glpi_users` VALUES ('79','alexander.cozuberda',NULL,'','','','Cozuberda','Alexander','4',NULL,'0',NULL,'1','','0','1',NULL,'2012-06-29 02:57:50',NULL,'0','0','0','0','0',NULL,NULL,NULL,NULL,NULL,NULL,NULL,NULL,NULL,NULL,NULL,NULL,NULL,NULL,NULL,NULL,NULL,NULL,NULL,NULL,NULL,NULL,'',NULL,NULL,NULL,NULL,NULL,NULL);
INSERT INTO `glpi_users` VALUES ('80','roman.pikalov',NULL,'','','','Pikalov','Roman ','1',NULL,'0',NULL,'1','','0','1',NULL,'2012-06-29 02:58:33',NULL,'0','0','0','0','0',NULL,NULL,NULL,NULL,NULL,NULL,NULL,NULL,NULL,NULL,NULL,NULL,NULL,NULL,NULL,NULL,NULL,NULL,NULL,NULL,NULL,NULL,'',NULL,NULL,NULL,NULL,NULL,NULL);

### Dump table glpi_usertitles

DROP TABLE IF EXISTS `glpi_usertitles`;
CREATE TABLE `glpi_usertitles` (
  `id` int(11) NOT NULL AUTO_INCREMENT,
  `name` varchar(255) COLLATE utf8_unicode_ci DEFAULT NULL,
  `comment` text COLLATE utf8_unicode_ci,
  PRIMARY KEY (`id`),
  KEY `name` (`name`)
) ENGINE=MyISAM  DEFAULT CHARSET=utf8 COLLATE=utf8_unicode_ci;

INSERT INTO `glpi_usertitles` VALUES ('3','System Administrator','');

### Dump table glpi_virtualmachinestates

DROP TABLE IF EXISTS `glpi_virtualmachinestates`;
CREATE TABLE `glpi_virtualmachinestates` (
  `id` int(11) NOT NULL AUTO_INCREMENT,
  `name` varchar(255) COLLATE utf8_unicode_ci NOT NULL DEFAULT '',
  `comment` text COLLATE utf8_unicode_ci NOT NULL,
  PRIMARY KEY (`id`)
) ENGINE=MyISAM DEFAULT CHARSET=utf8 COLLATE=utf8_unicode_ci;


### Dump table glpi_virtualmachinesystems

DROP TABLE IF EXISTS `glpi_virtualmachinesystems`;
CREATE TABLE `glpi_virtualmachinesystems` (
  `id` int(11) NOT NULL AUTO_INCREMENT,
  `name` varchar(255) COLLATE utf8_unicode_ci NOT NULL DEFAULT '',
  `comment` text COLLATE utf8_unicode_ci NOT NULL,
  PRIMARY KEY (`id`)
) ENGINE=MyISAM DEFAULT CHARSET=utf8 COLLATE=utf8_unicode_ci;


### Dump table glpi_virtualmachinetypes

DROP TABLE IF EXISTS `glpi_virtualmachinetypes`;
CREATE TABLE `glpi_virtualmachinetypes` (
  `id` int(11) NOT NULL AUTO_INCREMENT,
  `name` varchar(255) COLLATE utf8_unicode_ci NOT NULL DEFAULT '',
  `comment` text COLLATE utf8_unicode_ci NOT NULL,
  PRIMARY KEY (`id`)
) ENGINE=MyISAM DEFAULT CHARSET=utf8 COLLATE=utf8_unicode_ci;


### Dump table glpi_vlans

DROP TABLE IF EXISTS `glpi_vlans`;
CREATE TABLE `glpi_vlans` (
  `id` int(11) NOT NULL AUTO_INCREMENT,
  `name` varchar(255) COLLATE utf8_unicode_ci DEFAULT NULL,
  `comment` text COLLATE utf8_unicode_ci,
  `tag` int(11) NOT NULL DEFAULT '0',
  PRIMARY KEY (`id`),
  KEY `name` (`name`)
) ENGINE=MyISAM DEFAULT CHARSET=utf8 COLLATE=utf8_unicode_ci;

